method,method_label,start_index,iteration,objective,best_so_far_objective,objective_over_initial,best_over_initial,components_checked_this_update,verification_reference_calls_this_update,cumulative_verification_reference_calls,cumulative_assessment_reference_calls,cumulative_total_reference_calls_if_assessment_counted,fd_analytic_relative_l2,fd_analytic_sign_mismatches
all_autodiff,All autodiff,26,0,0.2838859192,0.2838859192,1,1,0,0,0,1,1,,0
all_autodiff,All autodiff,26,1,0.04295779138,0.04295779138,0.1513206133,0.1513206133,0,0,0,2,2,,0
all_autodiff,All autodiff,26,2,0.04721835396,0.04295779138,0.1663286228,0.1513206133,0,0,0,3,3,,0
all_autodiff,All autodiff,26,3,0.04505379311,0.04295779138,0.1587038668,0.1513206133,0,0,0,4,4,,0
all_autodiff,All autodiff,26,4,0.04829183925,0.04295779138,0.1701100195,0.1513206133,0,0,0,5,5,,0
all_autodiff,All autodiff,26,5,0.04823998731,0.04295779138,0.1699273689,0.1513206133,0,0,0,6,6,,0
all_autodiff,All autodiff,26,6,0.0497709156,0.04295779138,0.1753201277,0.1513206133,0,0,0,7,7,,0
all_autodiff,All autodiff,26,7,0.04983151861,0.04295779138,0.1755336043,0.1513206133,0,0,0,8,8,,0
all_autodiff,All autodiff,26,8,0.04993003269,0.04295779138,0.1758806243,0.1513206133,0,0,0,9,9,,0
all_autodiff,All autodiff,26,9,0.04924066373,0.04295779138,0.1734522933,0.1513206133,0,0,0,10,10,,0
all_autodiff,All autodiff,26,10,0.04820051754,0.04295779138,0.169788335,0.1513206133,0,0,0,11,11,,0
all_autodiff,All autodiff,26,11,0.04669781925,0.04295779138,0.1644950175,0.1513206133,0,0,0,12,12,,0
all_autodiff,All autodiff,26,12,0.04491534194,0.04295779138,0.1582161668,0.1513206133,0,0,0,13,13,,0
all_autodiff,All autodiff,26,13,0.04292696953,0.04292696953,0.151212042,0.151212042,0,0,0,14,14,,0
all_autodiff,All autodiff,26,14,0.04085524819,0.04085524819,0.1439143171,0.1439143171,0,0,0,15,15,,0
all_autodiff,All autodiff,26,15,0.03879327123,0.03879327123,0.1366509172,0.1366509172,0,0,0,16,16,,0
all_autodiff,All autodiff,26,16,0.03682881373,0.03682881373,0.1297310336,0.1297310336,0,0,0,17,17,,0
all_autodiff,All autodiff,26,17,0.03503567618,0.03503567618,0.1234146318,0.1234146318,0,0,0,18,18,,0
all_autodiff,All autodiff,26,18,0.03348356408,0.03348356408,0.1179472521,0.1179472521,0,0,0,19,19,,0
all_autodiff,All autodiff,26,19,0.03224581366,0.03224581366,0.1135872246,0.1135872246,0,0,0,20,20,,0
all_autodiff,All autodiff,26,20,0.03141056042,0.03141056042,0.1106450102,0.1106450102,0,0,0,21,21,,0
complete_fd,Complete central FD,26,0,0.2838859192,0.2838859192,1,1,0,0,0,1,1,,0
complete_fd,Complete central FD,26,1,0.06230377361,0.06230377361,0.2194676432,0.2194676432,11,22,22,2,24,0.0005998862882,0
complete_fd,Complete central FD,26,2,0.2838226368,0.06230377361,0.9997770853,0.2194676432,11,22,44,3,47,0.001515848291,0
complete_fd,Complete central FD,26,3,0.06227636992,0.06227636992,0.2193711125,0.2193711125,11,22,66,4,70,0.0006000004712,0
complete_fd,Complete central FD,26,4,0.2837589136,0.06227636992,0.9995526176,0.2193711125,11,22,88,5,93,0.001515813655,0
complete_fd,Complete central FD,26,5,0.06224876552,0.06224876552,0.2192738749,0.2192738749,11,22,110,6,116,0.0006001150213,0
complete_fd,Complete central FD,26,6,0.2836947437,0.06224876552,0.9993265764,0.2192738749,11,22,132,7,139,0.001515777369,0
complete_fd,Complete central FD,26,7,0.06222095783,0.06222095783,0.2191759211,0.2191759211,11,22,154,8,162,0.0006002299454,0
complete_fd,Complete central FD,26,8,0.2836301212,0.06222095783,0.9990989408,0.2191759211,11,22,176,9,185,0.00151573942,0
complete_fd,Complete central FD,26,9,0.06219294422,0.06219294422,0.219077242,0.219077242,11,22,198,10,208,0.0006003452508,0
complete_fd,Complete central FD,26,10,0.2835650401,0.06219294422,0.9988696901,0.219077242,11,22,220,11,231,0.001515699794,0
complete_fd,Complete central FD,26,11,0.06216472204,0.06216472204,0.2189778282,0.2189778282,11,22,242,12,254,0.0006004609446,0
complete_fd,Complete central FD,26,12,0.2834994946,0.06216472204,0.9986388031,0.2189778282,11,22,264,13,277,0.001515658477,0
complete_fd,Complete central FD,26,13,0.06213628864,0.06213628864,0.2188776704,0.2188776704,11,22,286,14,300,0.0006005770339,0
complete_fd,Complete central FD,26,14,0.2834334784,0.06213628864,0.9984062586,0.2188776704,11,22,308,15,323,0.001515615453,0
complete_fd,Complete central FD,26,15,0.06210764131,0.06210764131,0.2187767589,0.2187767589,11,22,330,16,346,0.000600693526,0
complete_fd,Complete central FD,26,16,0.2833669857,0.06210764131,0.998172035,0.2187767589,11,22,352,17,369,0.001515570707,0
complete_fd,Complete central FD,26,17,0.06207877734,0.06207877734,0.2186750844,0.2186750844,11,22,374,18,392,0.0006008104281,0
complete_fd,Complete central FD,26,18,0.2833000101,0.06207877734,0.9979361108,0.2186750844,11,22,396,19,415,0.001515524226,0
complete_fd,Complete central FD,26,19,0.062049694,0.062049694,0.2185726371,0.2185726371,11,22,418,20,438,0.0006009277475,0
complete_fd,Complete central FD,26,20,0.2832325455,0.062049694,0.9976984641,0.2185726371,11,22,440,21,461,0.001515475993,0
matched_random,Random order (B = 6),26,0,0.2838859192,0.2838859192,1,1,0,0,0,1,1,,0
matched_random,Random order (B = 6),26,1,0.05503803258,0.05503803258,0.1938737671,0.1938737671,6,12,12,2,14,0.0006120769781,0
matched_random,Random order (B = 6),26,2,0.07689768193,0.05503803258,0.2708752944,0.1938737671,6,12,24,3,27,0.001493418892,0
matched_random,Random order (B = 6),26,3,0.2149010023,0.05503803258,0.7569977508,0.1938737671,6,12,36,4,40,0.001388608101,0
matched_random,Random order (B = 6),26,4,0.05081449586,0.05081449586,0.1789961827,0.1789961827,6,12,48,5,53,0.000845881549,0
matched_random,Random order (B = 6),26,5,0.299703151,0.05081449586,1.055716859,0.1789961827,6,12,60,6,66,0.00158595004,0
matched_random,Random order (B = 6),26,6,0.05518321718,0.05081449586,0.1943851859,0.1789961827,6,12,72,7,79,0.0005995161583,0
matched_random,Random order (B = 6),26,7,0.2797546826,0.05081449586,0.9854475467,0.1789961827,6,12,84,8,92,0.001645462741,0
matched_random,Random order (B = 6),26,8,0.0562791019,0.05081449586,0.1982454856,0.1789961827,6,12,96,9,105,0.000649684835,0
matched_random,Random order (B = 6),26,9,0.08565603489,0.05081449586,0.3017269583,0.1789961827,6,12,108,10,118,0.001432973107,0
matched_random,Random order (B = 6),26,10,0.2123209328,0.05081449586,0.7479093484,0.1789961827,6,12,120,11,131,0.001294200388,0
matched_random,Random order (B = 6),26,11,0.09207029089,0.05081449586,0.3243214428,0.1789961827,6,12,132,12,144,0.0008853774823,0
matched_random,Random order (B = 6),26,12,0.07079091405,0.05081449586,0.2493639496,0.1789961827,6,12,144,13,157,0.001372625377,0
matched_random,Random order (B = 6),26,13,0.07246863076,0.05081449586,0.2552737768,0.1789961827,6,12,156,14,170,0.001311375239,0
matched_random,Random order (B = 6),26,14,0.07467565709,0.05081449586,0.2630481191,0.1789961827,6,12,168,15,183,0.001295164443,0
matched_random,Random order (B = 6),26,15,0.2247453246,0.05081449586,0.7916747869,0.1789961827,6,12,180,16,196,0.001349474636,0
matched_random,Random order (B = 6),26,16,0.05174255427,0.05081449586,0.1822653072,0.1789961827,6,12,192,17,209,0.000835753068,0
matched_random,Random order (B = 6),26,17,0.1338947512,0.05081449586,0.4716498501,0.1789961827,6,12,204,18,222,0.001564360319,0
matched_random,Random order (B = 6),26,18,0.1622922592,0.05081449586,0.5716812573,0.1789961827,6,12,216,19,235,0.001261398156,0
matched_random,Random order (B = 6),26,19,0.1261116134,0.05081449586,0.4442334223,0.1789961827,6,12,228,20,248,0.001112684377,0
matched_random,Random order (B = 6),26,20,0.1573211219,0.05081449586,0.5541702186,0.1789961827,6,12,240,21,261,0.001241735937,0
matched_sign_order,Sign order (B = 6),26,0,0.2838859192,0.2838859192,1,1,0,0,0,1,1,,0
matched_sign_order,Sign order (B = 6),26,1,0.08247969931,0.08247969931,0.2905381836,0.2905381836,6,12,12,2,14,0.0006007965485,0
matched_sign_order,Sign order (B = 6),26,2,0.2234515726,0.08247969931,0.7871174916,0.2905381836,6,12,24,3,27,0.001439041834,0
matched_sign_order,Sign order (B = 6),26,3,0.05412970511,0.05412970511,0.1906741457,0.1906741457,6,12,36,4,40,0.000826009176,0
matched_sign_order,Sign order (B = 6),26,4,0.2875384343,0.05412970511,1.012866137,0.1906741457,6,12,48,5,53,0.001669120538,0
matched_sign_order,Sign order (B = 6),26,5,0.08498919501,0.05412970511,0.299377987,0.1906741457,6,12,60,6,66,0.0005963822805,0
matched_sign_order,Sign order (B = 6),26,6,0.0694047924,0.05412970511,0.2444812782,0.1906741457,6,12,72,7,79,0.001447221969,0
matched_sign_order,Sign order (B = 6),26,7,0.2525746994,0.05412970511,0.8897049212,0.1906741457,6,12,84,8,92,0.001579558286,0
matched_sign_order,Sign order (B = 6),26,8,0.07080991946,0.05412970511,0.249430897,0.1906741457,6,12,96,9,105,0.0007260546403,0
matched_sign_order,Sign order (B = 6),26,9,0.2494703788,0.05412970511,0.8787698225,0.1906741457,6,12,108,10,118,0.001503397874,0
matched_sign_order,Sign order (B = 6),26,10,0.06441300741,0.05412970511,0.2268975073,0.1906741457,6,12,120,11,131,0.0007272052957,0
matched_sign_order,Sign order (B = 6),26,11,0.267818501,0.05412970511,0.9434018489,0.1906741457,6,12,132,12,144,0.001612027115,0
matched_sign_order,Sign order (B = 6),26,12,0.06458196523,0.05412970511,0.2274926683,0.1906741457,6,12,144,13,157,0.000698715237,0
matched_sign_order,Sign order (B = 6),26,13,0.268420693,0.05412970511,0.9455230953,0.1906741457,6,12,156,14,170,0.001611068804,0
matched_sign_order,Sign order (B = 6),26,14,0.0777525056,0.05412970511,0.2738864465,0.1906741457,6,12,168,15,183,0.0006466438826,0
matched_sign_order,Sign order (B = 6),26,15,0.2411086649,0.05412970511,0.8493153364,0.1906741457,6,12,180,16,196,0.001482418615,0
matched_sign_order,Sign order (B = 6),26,16,0.06391751484,0.05412970511,0.225152114,0.1906741457,6,12,192,17,209,0.0007614649908,0
matched_sign_order,Sign order (B = 6),26,17,0.2744576555,0.05412970511,0.9667885477,0.1906741457,6,12,204,18,222,0.001617721336,0
matched_sign_order,Sign order (B = 6),26,18,0.0810610034,0.05412970511,0.2855407681,0.1906741457,6,12,216,19,235,0.0006342627669,0
matched_sign_order,Sign order (B = 6),26,19,0.2389997243,0.05412970511,0.841886505,0.1906741457,6,12,228,20,248,0.001474135361,0
matched_sign_order,Sign order (B = 6),26,20,0.06530846782,0.05412970511,0.2300518039,0.1906741457,6,12,240,21,261,0.0007718147016,0
matched_snr_order,SNR order (B = 6),26,0,0.2838859192,0.2838859192,1,1,0,0,0,1,1,,0
matched_snr_order,SNR order (B = 6),26,1,0.08174158692,0.08174158692,0.2879381519,0.2879381519,6,12,12,2,14,0.0005694373112,0
matched_snr_order,SNR order (B = 6),26,2,0.2243512234,0.08174158692,0.7902865489,0.2879381519,6,12,24,3,27,0.001440745258,0
matched_snr_order,SNR order (B = 6),26,3,0.05430247053,0.05430247053,0.1912827191,0.1912827191,6,12,36,4,40,0.0008220801109,0
matched_snr_order,SNR order (B = 6),26,4,0.2867691126,0.05430247053,1.010156169,0.1912827191,6,12,48,5,53,0.00166799071,0
matched_snr_order,SNR order (B = 6),26,5,0.08352339494,0.05430247053,0.294214645,0.1912827191,6,12,60,6,66,0.0005675567067,0
matched_snr_order,SNR order (B = 6),26,6,0.2245199581,0.05430247053,0.790880924,0.1912827191,6,12,72,7,79,0.001443882069,0
matched_snr_order,SNR order (B = 6),26,7,0.05553117892,0.05430247053,0.1956108957,0.1912827191,6,12,84,8,92,0.0008243434192,0
matched_snr_order,SNR order (B = 6),26,8,0.2874797919,0.05430247053,1.012659567,0.1912827191,6,12,96,9,105,0.001666207333,0
matched_snr_order,SNR order (B = 6),26,9,0.08414920412,0.05430247053,0.296419084,0.1912827191,6,12,108,10,118,0.0005719194476,0
matched_snr_order,SNR order (B = 6),26,10,0.2264072537,0.05430247053,0.7975290017,0.1912827191,6,12,120,11,131,0.001450129886,0
matched_snr_order,SNR order (B = 6),26,11,0.05739573676,0.05430247053,0.2021788785,0.1912827191,6,12,132,12,144,0.0008194111189,0
matched_snr_order,SNR order (B = 6),26,12,0.2863136906,0.05430247053,1.008551926,0.1912827191,6,12,144,13,157,0.001658932431,0
matched_snr_order,SNR order (B = 6),26,13,0.08379727943,0.05430247053,0.2951794146,0.1912827191,6,12,156,14,170,0.0005816505036,0
matched_snr_order,SNR order (B = 6),26,14,0.2297289424,0.05430247053,0.8092297888,0.1912827191,6,12,168,15,183,0.001458620558,0
matched_snr_order,SNR order (B = 6),26,15,0.05984887439,0.05430247053,0.2108201582,0.1912827191,6,12,180,16,196,0.0008083890166,0
matched_snr_order,SNR order (B = 6),26,16,0.2833891219,0.05430247053,0.9982500108,0.1912827191,6,12,192,17,209,0.001646457059,0
matched_snr_order,SNR order (B = 6),26,17,0.08259047233,0.05430247053,0.2909283862,0.1912827191,6,12,204,18,222,0.0005964450873,0
matched_snr_order,SNR order (B = 6),26,18,0.08412174576,0.05430247053,0.2963223608,0.1912827191,6,12,216,19,235,0.001466418917,0
matched_snr_order,SNR order (B = 6),26,19,0.2362281502,0.05430247053,0.8321235196,0.1912827191,6,12,228,20,248,0.001511071,0
matched_snr_order,SNR order (B = 6),26,20,0.06610357642,0.05430247053,0.2328526072,0.1912827191,6,12,240,21,261,0.0007705498163,0
matched_magnitude_order,Magnitude order (B = 6),26,0,0.2838859192,0.2838859192,1,1,0,0,0,1,1,,0
matched_magnitude_order,Magnitude order (B = 6),26,1,0.07912823632,0.07912823632,0.2787325153,0.2787325153,6,12,12,2,14,0.0005678343803,0
matched_magnitude_order,Magnitude order (B = 6),26,2,0.2304236232,0.07912823632,0.8116768308,0.2787325153,6,12,24,3,27,0.001445729984,0
matched_magnitude_order,Magnitude order (B = 6),26,3,0.06161843438,0.06161843438,0.2170535071,0.2170535071,6,12,36,4,40,0.0007170817048,0
matched_magnitude_order,Magnitude order (B = 6),26,4,0.2643651311,0.06161843438,0.9312372094,0.2170535071,6,12,48,5,53,0.001556018732,0
matched_magnitude_order,Magnitude order (B = 6),26,5,0.07143307027,0.06161843438,0.2516259717,0.2170535071,6,12,60,6,66,0.0006402077134,0
matched_magnitude_order,Magnitude order (B = 6),26,6,0.2481193311,0.06161843438,0.8740107005,0.2170535071,6,12,72,7,79,0.001493309015,0
matched_magnitude_order,Magnitude order (B = 6),26,7,0.07043792348,0.06161843438,0.2481205256,0.2170535071,6,12,84,8,92,0.000655335596,0
matched_magnitude_order,Magnitude order (B = 6),26,8,0.2469349931,0.06161843438,0.8698388204,0.2170535071,6,12,96,9,105,0.00150978634,0
matched_magnitude_order,Magnitude order (B = 6),26,9,0.06540469682,0.06161843438,0.2303907746,0.2170535071,6,12,108,10,118,0.0006801379366,0
matched_magnitude_order,Magnitude order (B = 6),26,10,0.2641668321,0.06161843438,0.9305386929,0.2170535071,6,12,120,11,131,0.001533066241,0
matched_magnitude_order,Magnitude order (B = 6),26,11,0.07968039661,0.06161843438,0.280677523,0.2170535071,6,12,132,12,144,0.0006018207957,0
matched_magnitude_order,Magnitude order (B = 6),26,12,0.2361968373,0.06161843438,0.8320132185,0.2170535071,6,12,144,13,157,0.001422439022,0
matched_magnitude_order,Magnitude order (B = 6),26,13,0.06881790181,0.06161843438,0.2424139317,0.2170535071,6,12,156,14,170,0.0001152708584,0
matched_magnitude_order,Magnitude order (B = 6),26,14,0.08351583668,0.06161843438,0.2941880208,0.2170535071,6,12,168,15,183,0.001367183085,0
matched_magnitude_order,Magnitude order (B = 6),26,15,0.2279970071,0.06161843438,0.8031289742,0.2170535071,6,12,180,16,196,0.001384231355,0
matched_magnitude_order,Magnitude order (B = 6),26,16,0.0599384626,0.0599384626,0.2111357364,0.2111357364,6,12,192,17,209,0.0007591728644,0
matched_magnitude_order,Magnitude order (B = 6),26,17,0.2814691373,0.0599384626,0.9914867849,0.2111357364,6,12,204,18,222,0.00150862621,0
matched_magnitude_order,Magnitude order (B = 6),26,18,0.09120584779,0.0599384626,0.3212764059,0.2111357364,6,12,216,19,235,0.0005373987801,0
matched_magnitude_order,Magnitude order (B = 6),26,19,0.2176315298,0.0599384626,0.766616148,0.2111357364,6,12,228,20,248,0.001343914925,0
matched_magnitude_order,Magnitude order (B = 6),26,20,0.06280389156,0.0599384626,0.2212293295,0.2111357364,6,12,240,21,261,0.0001271932662,0
calibrated_snr,Calibrated SNR (variable),26,0,0.2838859192,0.2838859192,1,1,0,0,0,1,1,,0
calibrated_snr,Calibrated SNR (variable),26,1,0.05684491138,0.05684491138,0.2002385731,0.2002385731,8,16,16,2,18,0.0005885770534,0
calibrated_snr,Calibrated SNR (variable),26,2,0.2922322381,0.05684491138,1.029400257,0.2002385731,10,20,36,3,39,0.001573622982,0
calibrated_snr,Calibrated SNR (variable),26,3,0.05429511506,0.05429511506,0.1912568091,0.1912568091,8,16,52,4,56,0.0005621733095,0
calibrated_snr,Calibrated SNR (variable),26,4,0.2997882745,0.05429511506,1.056016711,0.1912568091,10,20,72,5,77,0.001587950382,0
calibrated_snr,Calibrated SNR (variable),26,5,0.05225753499,0.05225753499,0.1840793483,0.1840793483,8,16,88,6,94,0.0005386487741,0
calibrated_snr,Calibrated SNR (variable),26,6,0.3063810986,0.05225753499,1.079240208,0.1840793483,10,20,108,7,115,0.001599634486,0
calibrated_snr,Calibrated SNR (variable),26,7,0.0891275056,0.05225753499,0.3139553587,0.1840793483,7,14,122,8,130,0.0004761622018,0
calibrated_snr,Calibrated SNR (variable),26,8,0.2317725826,0.05225753499,0.8164285966,0.1840793483,10,20,142,9,151,0.001409029168,0
calibrated_snr,Calibrated SNR (variable),26,9,0.08944740087,0.05225753499,0.3150822032,0.1840793483,11,22,164,10,174,0.0007749383046,0
calibrated_snr,Calibrated SNR (variable),26,10,0.2311365512,0.05225753499,0.8141881497,0.1840793483,10,20,184,11,195,0.001407292482,0
calibrated_snr,Calibrated SNR (variable),26,11,0.08977394159,0.05225753499,0.3162324565,0.1840793483,11,22,206,12,218,0.0007771952134,0
calibrated_snr,Calibrated SNR (variable),26,12,0.2304927227,0.05225753499,0.8119202367,0.1840793483,10,20,226,13,239,0.001405519482,0
calibrated_snr,Calibrated SNR (variable),26,13,0.09010721268,0.05225753499,0.3174064178,0.1840793483,11,22,248,14,262,0.0007794809283,0
calibrated_snr,Calibrated SNR (variable),26,14,0.229841055,0.05225753499,0.8096247101,0.1840793483,10,20,268,15,283,0.001403709757,0
calibrated_snr,Calibrated SNR (variable),26,15,0.09044729931,0.05225753499,0.3186043872,0.1840793483,11,22,290,16,306,0.0007817956375,0
calibrated_snr,Calibrated SNR (variable),26,16,0.2291815078,0.05225753499,0.8073014275,0.1840793483,10,20,310,17,327,0.0014018629,0
calibrated_snr,Calibrated SNR (variable),26,17,0.09079428679,0.05225753499,0.3198266651,0.1840793483,11,22,332,18,350,0.000784139524,0
calibrated_snr,Calibrated SNR (variable),26,18,0.2285140428,0.05225753499,0.8049502542,0.1840793483,10,20,352,19,371,0.001399978503,0
calibrated_snr,Calibrated SNR (variable),26,19,0.09114826009,0.05225753499,0.3210735508,0.1840793483,11,22,374,20,394,0.0007865127629,0
calibrated_snr,Calibrated SNR (variable),26,20,0.2278386228,0.05225753499,0.802571059,0.1840793483,10,20,394,21,415,0.001398056164,0
calibrated_magnitude,Calibrated magnitude (variable),26,0,0.2838859192,0.2838859192,1,1,0,0,0,1,1,,0
calibrated_magnitude,Calibrated magnitude (variable),26,1,0.06188034201,0.06188034201,0.2179760877,0.2179760877,9,18,18,2,20,0.0006112116153,0
calibrated_magnitude,Calibrated magnitude (variable),26,2,0.2827238205,0.06188034201,0.995906459,0.2179760877,10,20,38,3,41,0.001520189532,0
calibrated_magnitude,Calibrated magnitude (variable),26,3,0.06236500385,0.06188034201,0.2196833293,0.2179760877,9,18,56,4,60,0.0006149879179,0
calibrated_magnitude,Calibrated magnitude (variable),26,4,0.2816123355,0.06188034201,0.9919912065,0.2179760877,10,20,76,5,81,0.001517231625,0
calibrated_magnitude,Calibrated magnitude (variable),26,5,0.0628342152,0.06188034201,0.2213361458,0.2179760877,9,18,94,6,100,0.0006185927952,0
calibrated_magnitude,Calibrated magnitude (variable),26,6,0.2805481956,0.06188034201,0.9882427293,0.2179760877,10,20,114,7,121,0.001514346613,0
calibrated_magnitude,Calibrated magnitude (variable),26,7,0.06328864715,0.06188034201,0.2229369013,0.2179760877,9,18,132,8,140,0.000622036486,0
calibrated_magnitude,Calibrated magnitude (variable),26,8,0.2795284892,0.06188034201,0.984650771,0.2179760877,10,20,152,9,161,0.001511530875,0
calibrated_magnitude,Calibrated magnitude (variable),26,9,0.06372890771,0.06188034201,0.2244877375,0.2179760877,9,18,170,10,180,0.0006253281323,0
calibrated_magnitude,Calibrated magnitude (variable),26,10,0.2785506091,0.06188034201,0.9812061475,0.2179760877,10,20,190,11,201,0.001508781133,0
calibrated_magnitude,Calibrated magnitude (variable),26,11,0.06415555013,0.06188034201,0.2259906033,0.2179760877,9,18,208,12,220,0.0006284759396,0
calibrated_magnitude,Calibrated magnitude (variable),26,12,0.2776122104,0.06188034201,0.9779005989,0.2179760877,10,20,228,13,241,0.001506094415,0
calibrated_magnitude,Calibrated magnitude (variable),26,13,0.0645690801,0.06188034201,0.2274472798,0.2179760877,9,18,246,14,260,0.0006314873046,0
calibrated_magnitude,Calibrated magnitude (variable),26,14,0.2767111748,0.06188034201,0.9747266636,0.2179760877,10,20,266,15,281,0.001503468007,0
calibrated_magnitude,Calibrated magnitude (variable),26,15,0.06496996158,0.06188034201,0.2288594016,0.2179760877,9,18,284,16,300,0.0006343689258,0
calibrated_magnitude,Calibrated magnitude (variable),26,16,0.2776287764,0.06188034201,0.9779589534,0.2179760877,11,22,306,17,323,0.001498758138,0
calibrated_magnitude,Calibrated magnitude (variable),26,17,0.06449892358,0.06188034201,0.2272001506,0.2179760877,9,18,324,18,342,0.0006310110277,0
calibrated_magnitude,Calibrated magnitude (variable),26,18,0.2785486816,0.06188034201,0.9811993579,0.2179760877,11,22,346,19,365,0.001500949991,0
calibrated_magnitude,Calibrated magnitude (variable),26,19,0.0640311758,0.06188034201,0.2255524895,0.2179760877,9,18,364,20,384,0.0006276486272,0
calibrated_magnitude,Calibrated magnitude (variable),26,20,0.2794708223,0.06188034201,0.9844476369,0.2179760877,11,22,386,21,407,0.001503119592,0
calibrated_sign_abstain,Sign: abstain (complete FD),26,0,0.2838859192,0.2838859192,1,1,0,0,0,1,1,,0
calibrated_sign_abstain,Sign: abstain (complete FD),26,1,0.06230377361,0.06230377361,0.2194676432,0.2194676432,11,22,22,2,24,0.0005998862882,0
calibrated_sign_abstain,Sign: abstain (complete FD),26,2,0.2838226368,0.06230377361,0.9997770853,0.2194676432,11,22,44,3,47,0.001515848291,0
calibrated_sign_abstain,Sign: abstain (complete FD),26,3,0.06227636992,0.06227636992,0.2193711125,0.2193711125,11,22,66,4,70,0.0006000004712,0
calibrated_sign_abstain,Sign: abstain (complete FD),26,4,0.2837589136,0.06227636992,0.9995526176,0.2193711125,11,22,88,5,93,0.001515813655,0
calibrated_sign_abstain,Sign: abstain (complete FD),26,5,0.06224876552,0.06224876552,0.2192738749,0.2192738749,11,22,110,6,116,0.0006001150213,0
calibrated_sign_abstain,Sign: abstain (complete FD),26,6,0.2836947437,0.06224876552,0.9993265764,0.2192738749,11,22,132,7,139,0.001515777369,0
calibrated_sign_abstain,Sign: abstain (complete FD),26,7,0.06222095783,0.06222095783,0.2191759211,0.2191759211,11,22,154,8,162,0.0006002299454,0
calibrated_sign_abstain,Sign: abstain (complete FD),26,8,0.2836301212,0.06222095783,0.9990989408,0.2191759211,11,22,176,9,185,0.00151573942,0
calibrated_sign_abstain,Sign: abstain (complete FD),26,9,0.06219294422,0.06219294422,0.219077242,0.219077242,11,22,198,10,208,0.0006003452508,0
calibrated_sign_abstain,Sign: abstain (complete FD),26,10,0.2835650401,0.06219294422,0.9988696901,0.219077242,11,22,220,11,231,0.001515699794,0
calibrated_sign_abstain,Sign: abstain (complete FD),26,11,0.06216472204,0.06216472204,0.2189778282,0.2189778282,11,22,242,12,254,0.0006004609446,0
calibrated_sign_abstain,Sign: abstain (complete FD),26,12,0.2834994946,0.06216472204,0.9986388031,0.2189778282,11,22,264,13,277,0.001515658477,0
calibrated_sign_abstain,Sign: abstain (complete FD),26,13,0.06213628864,0.06213628864,0.2188776704,0.2188776704,11,22,286,14,300,0.0006005770339,0
calibrated_sign_abstain,Sign: abstain (complete FD),26,14,0.2834334784,0.06213628864,0.9984062586,0.2188776704,11,22,308,15,323,0.001515615453,0
calibrated_sign_abstain,Sign: abstain (complete FD),26,15,0.06210764131,0.06210764131,0.2187767589,0.2187767589,11,22,330,16,346,0.000600693526,0
calibrated_sign_abstain,Sign: abstain (complete FD),26,16,0.2833669857,0.06210764131,0.998172035,0.2187767589,11,22,352,17,369,0.001515570707,0
calibrated_sign_abstain,Sign: abstain (complete FD),26,17,0.06207877734,0.06207877734,0.2186750844,0.2186750844,11,22,374,18,392,0.0006008104281,0
calibrated_sign_abstain,Sign: abstain (complete FD),26,18,0.2833000101,0.06207877734,0.9979361108,0.2186750844,11,22,396,19,415,0.001515524226,0
calibrated_sign_abstain,Sign: abstain (complete FD),26,19,0.062049694,0.062049694,0.2185726371,0.2185726371,11,22,418,20,438,0.0006009277475,0
calibrated_sign_abstain,Sign: abstain (complete FD),26,20,0.2832325455,0.062049694,0.9976984641,0.2185726371,11,22,440,21,461,0.001515475993,0
all_autodiff,All autodiff,4,0,0.815499253,0.815499253,1,1,0,0,0,1,1,,0
all_autodiff,All autodiff,4,1,0.6715529499,0.6715529499,0.8234868976,0.8234868976,0,0,0,2,2,,0
all_autodiff,All autodiff,4,2,0.3839286009,0.3839286009,0.4707896414,0.4707896414,0,0,0,3,3,,0
all_autodiff,All autodiff,4,3,0.08578011336,0.08578011336,0.1051872372,0.1051872372,0,0,0,4,4,,0
all_autodiff,All autodiff,4,4,0.05231032029,0.05231032029,0.06414514802,0.06414514802,0,0,0,5,5,,0
all_autodiff,All autodiff,4,5,0.05265482317,0.05231032029,0.06456759216,0.06414514802,0,0,0,6,6,,0
all_autodiff,All autodiff,4,6,0.04666501904,0.04666501904,0.05722263861,0.05722263861,0,0,0,7,7,,0
all_autodiff,All autodiff,4,7,0.04239775965,0.04239775965,0.05198994296,0.05198994296,0,0,0,8,8,,0
all_autodiff,All autodiff,4,8,0.03812445578,0.03812445578,0.04674983531,0.04674983531,0,0,0,9,9,,0
all_autodiff,All autodiff,4,9,0.0340940284,0.0340940284,0.0418075532,0.0418075532,0,0,0,10,10,,0
all_autodiff,All autodiff,4,10,0.03024156744,0.03024156744,0.03708350109,0.03708350109,0,0,0,11,11,,0
all_autodiff,All autodiff,4,11,0.02657942613,0.02657942613,0.03259282707,0.03259282707,0,0,0,12,12,,0
all_autodiff,All autodiff,4,12,0.02314121339,0.02314121339,0.02837674382,0.02837674382,0,0,0,13,13,,0
all_autodiff,All autodiff,4,13,0.01999326606,0.01999326606,0.02451659641,0.02451659641,0,0,0,14,14,,0
all_autodiff,All autodiff,4,14,0.01723703086,0.01723703086,0.02113678314,0.02113678314,0,0,0,15,15,,0
all_autodiff,All autodiff,4,15,0.01501221513,0.01501221513,0.01840861911,0.01840861911,0,0,0,16,16,,0
all_autodiff,All autodiff,4,16,0.01349856172,0.01349856172,0.01655251268,0.01655251268,0,0,0,17,17,,0
all_autodiff,All autodiff,4,17,0.01291552601,0.01291552601,0.01583756939,0.01583756939,0,0,0,18,18,,0
all_autodiff,All autodiff,4,18,0.01351894848,0.01291552601,0.01657751179,0.01583756939,0,0,0,19,19,,0
all_autodiff,All autodiff,4,19,0.01559393526,0.01291552601,0.01912194917,0.01583756939,0,0,0,20,20,,0
all_autodiff,All autodiff,4,20,0.01944308839,0.01291552601,0.02384194507,0.01583756939,0,0,0,21,21,,0
complete_fd,Complete central FD,4,0,0.815499253,0.815499253,1,1,0,0,0,1,1,,0
complete_fd,Complete central FD,4,1,0.6649034933,0.6649034933,0.8153330501,0.8153330501,11,22,22,2,24,0.0001815280549,0
complete_fd,Complete central FD,4,2,0.3403780011,0.3403780011,0.4173860367,0.4173860367,11,22,44,3,47,0.0001640354291,0
complete_fd,Complete central FD,4,3,0.0366308015,0.0366308015,0.04491825267,0.04491825267,11,22,66,4,70,0.0003699858502,0
complete_fd,Complete central FD,4,4,0.3222069564,0.0366308015,0.3951039259,0.04491825267,11,22,88,5,93,0.001464281668,0
complete_fd,Complete central FD,4,5,0.03652419083,0.03652419083,0.04478752212,0.04478752212,11,22,110,6,116,0.0004157424356,0
complete_fd,Complete central FD,4,6,0.3195887739,0.03652419083,0.3918933987,0.04478752212,11,22,132,7,139,0.001500533731,0
complete_fd,Complete central FD,4,7,0.03620470596,0.03620470596,0.04439575614,0.04439575614,11,22,154,8,162,0.0004213556359,0
complete_fd,Complete central FD,4,8,0.3172456705,0.03620470596,0.3890201852,0.04439575614,11,22,176,9,185,0.001496589279,0
complete_fd,Complete central FD,4,9,0.03589557932,0.03589557932,0.04401669185,0.04401669185,11,22,198,10,208,0.0004262674737,0
complete_fd,Complete central FD,4,10,0.3150972256,0.03589557932,0.3863856705,0.04401669185,11,22,220,11,231,0.001492818899,0
complete_fd,Complete central FD,4,11,0.03559395815,0.03559395815,0.04364683109,0.04364683109,11,22,242,12,254,0.0004306799265,0
complete_fd,Complete central FD,4,12,0.313095299,0.03559395815,0.3839308226,0.04364683109,11,22,264,13,277,0.001489184125,0
complete_fd,Complete central FD,4,13,0.03529798715,0.03529798715,0.04328389882,0.04328389882,11,22,286,14,300,0.0004347136474,0
complete_fd,Complete central FD,4,14,0.3112083962,0.03529798715,0.3816170218,0.04328389882,11,22,308,15,323,0.001485654851,0
complete_fd,Complete central FD,4,15,0.03500637829,0.03500637829,0.04292631558,0.04292631558,11,22,330,16,346,0.0004384474461,0
complete_fd,Complete central FD,4,16,0.3094146083,0.03500637829,0.3794174025,0.04292631558,11,22,352,17,369,0.001482208387,0
complete_fd,Complete central FD,4,17,0.03471819525,0.03471819525,0.04257293323,0.04257293323,11,22,374,18,392,0.0004419360813,0
complete_fd,Complete central FD,4,18,0.3076979906,0.03471819525,0.3773124125,0.04257293323,11,22,396,19,415,0.001478827542,0
complete_fd,Complete central FD,4,19,0.03443273395,0.03443273395,0.04222288841,0.04222288841,11,22,418,20,438,0.0004452193706,0
complete_fd,Complete central FD,4,20,0.3060465293,0.03443273395,0.3752873202,0.04222288841,11,22,440,21,461,0.001475499103,0
matched_random,Random order (B = 6),4,0,0.815499253,0.815499253,1,1,0,0,0,1,1,,0
matched_random,Random order (B = 6),4,1,0.6681898682,0.6681898682,0.8193629433,0.8193629433,6,12,12,2,14,0.0001641456226,0
matched_random,Random order (B = 6),4,2,0.3657026624,0.3657026624,0.4484402175,0.4484402175,6,12,24,3,27,0.0001496228451,0
matched_random,Random order (B = 6),4,3,0.04531971852,0.04531971852,0.05557297367,0.05557297367,6,12,36,4,40,0.0002886508573,0
matched_random,Random order (B = 6),4,4,0.2760463026,0.04531971852,0.3384997615,0.05557297367,6,12,48,5,53,0.001453841478,0
matched_random,Random order (B = 6),4,5,0.04286863129,0.04286863129,0.05256734587,0.05256734587,6,12,60,6,66,0.000581508978,0
matched_random,Random order (B = 6),4,6,0.04174960469,0.04174960469,0.05119514768,0.05119514768,6,12,72,7,79,0.000226042592,0
matched_random,Random order (B = 6),4,7,0.03502312483,0.03502312483,0.0429468509,0.0429468509,6,12,84,8,92,0.001398106446,0
matched_random,Random order (B = 6),4,8,0.03147257741,0.03147257741,0.03859301808,0.03859301808,6,12,96,9,105,0.001450599738,0
matched_random,Random order (B = 6),4,9,0.07826614249,0.03147257741,0.09597328532,0.03859301808,6,12,108,10,118,0.001496976223,0
matched_random,Random order (B = 6),4,10,0.03367415119,0.03147257741,0.04129268183,0.03859301808,6,12,120,11,131,0.001254017731,0
matched_random,Random order (B = 6),4,11,0.2523518191,0.03147257741,0.3094445742,0.03859301808,6,12,132,12,144,0.00148148272,0
matched_random,Random order (B = 6),4,12,0.03719072423,0.03147257741,0.04560485382,0.03859301808,6,12,144,13,157,0.0005901964805,0
matched_random,Random order (B = 6),4,13,0.2322175671,0.03147257741,0.2847550948,0.03859301808,6,12,156,14,170,0.001505752303,0
matched_random,Random order (B = 6),4,14,0.04742641162,0.03147257741,0.0581562907,0.03859301808,6,12,168,15,183,0.0006912541334,0
matched_random,Random order (B = 6),4,15,0.2182444939,0.03147257741,0.2676207159,0.03859301808,6,12,180,16,196,0.001425311185,0
matched_random,Random order (B = 6),4,16,0.04433638552,0.03147257741,0.05436716877,0.03859301808,6,12,192,17,209,0.0005874178544,0
matched_random,Random order (B = 6),4,17,0.02254069545,0.02254069545,0.02764036308,0.02764036308,6,12,204,18,222,0.000230829511,0
matched_random,Random order (B = 6),4,18,0.1655513139,0.02254069545,0.203006089,0.02764036308,6,12,216,19,235,0.001493575446,0
matched_random,Random order (B = 6),4,19,0.02201325012,0.02201325012,0.02699358711,0.02699358711,6,12,228,20,248,0.0009094320369,0
matched_random,Random order (B = 6),4,20,0.2108940972,0.02201325012,0.2586073456,0.02699358711,6,12,240,21,261,0.001406094612,0
matched_sign_order,Sign order (B = 6),4,0,0.815499253,0.815499253,1,1,0,0,0,1,1,,0
matched_sign_order,Sign order (B = 6),4,1,0.6684104001,0.6684104001,0.8196333689,0.8196333689,6,12,12,2,14,3.105129264e-05,0
matched_sign_order,Sign order (B = 6),4,2,0.4018099743,0.4018099743,0.4927165449,0.4927165449,6,12,24,3,27,0.0001625645416,0
matched_sign_order,Sign order (B = 6),4,3,0.1646643015,0.1646643015,0.2019183965,0.2019183965,6,12,36,4,40,0.0002106926644,0
matched_sign_order,Sign order (B = 6),4,4,0.09747257245,0.09747257245,0.1195250297,0.1195250297,6,12,48,5,53,0.0009620139059,0
matched_sign_order,Sign order (B = 6),4,5,0.05100801414,0.05100801414,0.06254820462,0.06254820462,6,12,60,6,66,0.001160466702,0
matched_sign_order,Sign order (B = 6),4,6,0.2537826561,0.05100801414,0.3111991276,0.06254820462,6,12,72,7,79,0.001461218572,0
matched_sign_order,Sign order (B = 6),4,7,0.054178337,0.05100801414,0.06643578985,0.06254820462,6,12,84,8,92,0.0005735265847,0
matched_sign_order,Sign order (B = 6),4,8,0.1093409283,0.05100801414,0.1340785143,0.06254820462,6,12,96,9,105,0.001357616473,0
matched_sign_order,Sign order (B = 6),4,9,0.1418285034,0.05100801414,0.1739161659,0.06254820462,6,12,108,10,118,0.001163751943,0
matched_sign_order,Sign order (B = 6),4,10,0.04181899762,0.04181899762,0.05128024025,0.05128024025,6,12,120,11,131,0.0009505802104,0
matched_sign_order,Sign order (B = 6),4,11,0.2635739231,0.04181899762,0.3232055972,0.05128024025,6,12,132,12,144,0.001505137976,0
matched_sign_order,Sign order (B = 6),4,12,0.06013109083,0.04181899762,0.07373531075,0.05128024025,6,12,144,13,157,0.0005489273132,0
matched_sign_order,Sign order (B = 6),4,13,0.1046730079,0.04181899762,0.128354511,0.05128024025,6,12,156,14,170,0.001331763001,0
matched_sign_order,Sign order (B = 6),4,14,0.1502807514,0.04181899762,0.1842806733,0.05128024025,6,12,168,15,183,0.001191006062,0
matched_sign_order,Sign order (B = 6),4,15,0.04283682591,0.04181899762,0.05252834475,0.05128024025,6,12,180,16,196,0.0009271449037,0
matched_sign_order,Sign order (B = 6),4,16,0.246314215,0.04181899762,0.3020410062,0.05128024025,6,12,192,17,209,0.001455458441,0
matched_sign_order,Sign order (B = 6),4,17,0.05866109916,0.04181899762,0.0719327442,0.05128024025,6,12,204,18,222,0.0001030271434,0
matched_sign_order,Sign order (B = 6),4,18,0.126292479,0.04181899762,0.1548652296,0.05128024025,6,12,216,19,235,0.0002172768394,0
matched_sign_order,Sign order (B = 6),4,19,0.1491172943,0.04181899762,0.1828539925,0.05128024025,6,12,228,20,248,0.001141075984,0
matched_sign_order,Sign order (B = 6),4,20,0.04775632463,0.04181899762,0.05856084411,0.05128024025,6,12,240,21,261,0.0001607830621,0
matched_snr_order,SNR order (B = 6),4,0,0.815499253,0.815499253,1,1,0,0,0,1,1,,0
matched_snr_order,SNR order (B = 6),4,1,0.6685489869,0.6685489869,0.81980331,0.81980331,6,12,12,2,14,0.000171735604,0
matched_snr_order,SNR order (B = 6),4,2,0.4048861036,0.4048861036,0.496488626,0.496488626,6,12,24,3,27,0.0001601862938,0
matched_snr_order,SNR order (B = 6),4,3,0.1665546082,0.1665546082,0.2042363713,0.2042363713,6,12,36,4,40,0.0002038343856,0
matched_snr_order,SNR order (B = 6),4,4,0.09601157848,0.09601157848,0.1177334965,0.1177334965,6,12,48,5,53,0.0009547688885,0
matched_snr_order,SNR order (B = 6),4,5,0.05181161319,0.05181161319,0.06353361208,0.06353361208,6,12,60,6,66,0.001166721638,0
matched_snr_order,SNR order (B = 6),4,6,0.2490222521,0.05181161319,0.305361717,0.06353361208,6,12,72,7,79,0.001460201992,0
matched_snr_order,SNR order (B = 6),4,7,0.05241687877,0.05181161319,0.06427581457,0.06353361208,6,12,84,8,92,0.0005882037929,0
matched_snr_order,SNR order (B = 6),4,8,0.1205369108,0.05181161319,0.1478075061,0.06353361208,6,12,96,9,105,0.001315939314,0
matched_snr_order,SNR order (B = 6),4,9,0.1463113975,0.05181161319,0.1794132821,0.06353361208,6,12,108,10,118,0.001181432943,0
matched_snr_order,SNR order (B = 6),4,10,0.04076431808,0.04076431808,0.04998694717,0.04998694717,6,12,120,11,131,0.0009402460727,0
matched_snr_order,SNR order (B = 6),4,11,0.2512952866,0.04076431808,0.3081490089,0.04998694717,6,12,132,12,144,0.001474981938,0
matched_snr_order,SNR order (B = 6),4,12,0.05610107348,0.04076431808,0.06879353141,0.04998694717,6,12,144,13,157,0.0005925320421,0
matched_snr_order,SNR order (B = 6),4,13,0.1213718927,0.04076431808,0.1488313965,0.04998694717,6,12,156,14,170,0.001317297541,0
matched_snr_order,SNR order (B = 6),4,14,0.1511983231,0.04076431808,0.1854058388,0.04998694717,6,12,168,15,183,0.001204102553,0
matched_snr_order,SNR order (B = 6),4,15,0.043072532,0.04076431808,0.05281737763,0.04998694717,6,12,180,16,196,0.0009393690273,0
matched_snr_order,SNR order (B = 6),4,16,0.06621310789,0.04076431808,0.08119333972,0.04998694717,6,12,192,17,209,0.001262396157,0
matched_snr_order,SNR order (B = 6),4,17,0.2300843213,0.04076431808,0.2821392177,0.04998694717,6,12,204,18,222,0.001413001311,0
matched_snr_order,SNR order (B = 6),4,18,0.05085542451,0.04076431808,0.0623610927,0.04998694717,6,12,216,19,235,0.0006710907708,0
matched_snr_order,SNR order (B = 6),4,19,0.1506437198,0.04076431808,0.1847257607,0.04998694717,6,12,228,20,248,0.001364115161,0
matched_snr_order,SNR order (B = 6),4,20,0.1279858794,0.04076431808,0.1569417494,0.04998694717,6,12,240,21,261,0.001058059416,0
matched_magnitude_order,Magnitude order (B = 6),4,0,0.815499253,0.815499253,1,1,0,0,0,1,1,,0
matched_magnitude_order,Magnitude order (B = 6),4,1,0.6688991816,0.6688991816,0.8202327337,0.8202327337,6,12,12,2,14,0.0001748583075,0
matched_magnitude_order,Magnitude order (B = 6),4,2,0.4062954163,0.4062954163,0.4982167854,0.4982167854,6,12,24,3,27,0.0001624769597,0
matched_magnitude_order,Magnitude order (B = 6),4,3,0.05033184821,0.05033184821,0.06171906109,0.06171906109,6,12,36,4,40,0.0002140263724,0
matched_magnitude_order,Magnitude order (B = 6),4,4,0.2315725962,0.05033184821,0.2839642039,0.06171906109,6,12,48,5,53,0.001302329376,0
matched_magnitude_order,Magnitude order (B = 6),4,5,0.04687005864,0.04687005864,0.05747406692,0.05747406692,6,12,60,6,66,0.0006405394857,0
matched_magnitude_order,Magnitude order (B = 6),4,6,0.264634213,0.04687005864,0.3245057699,0.05747406692,6,12,72,7,79,0.00148147315,0
matched_magnitude_order,Magnitude order (B = 6),4,7,0.04862729692,0.04687005864,0.05962886753,0.05747406692,6,12,84,8,92,0.0006194680912,0
matched_magnitude_order,Magnitude order (B = 6),4,8,0.259989698,0.04687005864,0.3188104674,0.05747406692,6,12,96,9,105,0.001470973965,0
matched_magnitude_order,Magnitude order (B = 6),4,9,0.05010330907,0.04687005864,0.06143881664,0.05747406692,6,12,108,10,118,0.0006349473471,0
matched_magnitude_order,Magnitude order (B = 6),4,10,0.2562069213,0.04687005864,0.3141718651,0.05747406692,6,12,120,11,131,0.001462369181,0
matched_magnitude_order,Magnitude order (B = 6),4,11,0.05137281908,0.04687005864,0.06299554401,0.05747406692,6,12,132,12,144,0.0006476627228,0
matched_magnitude_order,Magnitude order (B = 6),4,12,0.1178747695,0.04687005864,0.1445430747,0.05747406692,6,12,144,13,157,0.001369240935,0
matched_magnitude_order,Magnitude order (B = 6),4,13,0.1329165785,0.04687005864,0.1629879831,0.05747406692,6,12,156,14,170,0.001127840517,0
matched_magnitude_order,Magnitude order (B = 6),4,14,0.04292577279,0.04292577279,0.05263741522,0.05263741522,6,12,168,15,183,0.001024254722,0
matched_magnitude_order,Magnitude order (B = 6),4,15,0.2545108657,0.04292577279,0.3120920893,0.05263741522,6,12,180,16,196,0.001341255703,0
matched_magnitude_order,Magnitude order (B = 6),4,16,0.05652345128,0.04292577279,0.0693114691,0.05263741522,6,12,192,17,209,0.0005761338821,0
matched_magnitude_order,Magnitude order (B = 6),4,17,0.1152699306,0.04292577279,0.14134891,0.05263741522,6,12,204,18,222,0.001353481053,0
matched_magnitude_order,Magnitude order (B = 6),4,18,0.1424148089,0.04292577279,0.1746351188,0.05263741522,6,12,216,19,235,0.001092512034,0
matched_magnitude_order,Magnitude order (B = 6),4,19,0.04456814723,0.04292577279,0.05465136487,0.05263741522,6,12,228,20,248,0.0009563221113,0
matched_magnitude_order,Magnitude order (B = 6),4,20,0.266576305,0.04292577279,0.3268872461,0.05263741522,6,12,240,21,261,0.001472181428,0
calibrated_snr,Calibrated SNR (variable),4,0,0.815499253,0.815499253,1,1,0,0,0,1,1,,0
calibrated_snr,Calibrated SNR (variable),4,1,0.668993581,0.668993581,0.8203484902,0.8203484902,5,10,10,2,12,0.0001846312375,0
calibrated_snr,Calibrated SNR (variable),4,2,0.4026958289,0.4026958289,0.4938028176,0.4938028176,5,10,20,3,23,0.0001720150954,0
calibrated_snr,Calibrated SNR (variable),4,3,0.04870263108,0.04870263108,0.05972124548,0.05972124548,8,16,36,4,40,0.000213829606,0
calibrated_snr,Calibrated SNR (variable),4,4,0.2723207202,0.04870263108,0.3339312933,0.05972124548,10,20,56,5,61,0.001430453959,0
calibrated_snr,Calibrated SNR (variable),4,5,0.05526523858,0.04870263108,0.06776859498,0.05972124548,9,18,74,6,80,0.0005638830404,0
calibrated_snr,Calibrated SNR (variable),4,6,0.2544855086,0.04870263108,0.3120609954,0.05972124548,10,20,94,7,101,0.001436945885,0
calibrated_snr,Calibrated SNR (variable),4,7,0.0531412431,0.04870263108,0.06516406104,0.05972124548,9,18,112,8,120,0.000608425821,0
calibrated_snr,Calibrated SNR (variable),4,8,0.2590216166,0.04870263108,0.3176233646,0.05972124548,10,20,132,9,141,0.001446039054,0
calibrated_snr,Calibrated SNR (variable),4,9,0.05131776167,0.04870263108,0.06292803026,0.05972124548,9,18,150,10,160,0.0005939852535,0
calibrated_snr,Calibrated SNR (variable),4,10,0.2629746229,0.04870263108,0.3224707098,0.05972124548,10,20,170,11,181,0.001453583886,0
calibrated_snr,Calibrated SNR (variable),4,11,0.04977334577,0.04870263108,0.06103420155,0.05972124548,9,18,188,12,200,0.0005813933593,0
calibrated_snr,Calibrated SNR (variable),4,12,0.2663277611,0.04870263108,0.3265824709,0.05972124548,10,20,208,13,221,0.001459648598,0
calibrated_snr,Calibrated SNR (variable),4,13,0.04848361596,0.04848361596,0.05945267979,0.05945267979,9,18,226,14,240,0.0005706603627,0
calibrated_snr,Calibrated SNR (variable),4,14,0.2690829198,0.04848361596,0.3299609642,0.05945267979,10,20,246,15,261,0.001464318863,0
calibrated_snr,Calibrated SNR (variable),4,15,0.04742182985,0.04742182985,0.05815067234,0.05815067234,9,18,264,16,280,0.0005617440678,0
calibrated_snr,Calibrated SNR (variable),4,16,0.2712624629,0.04742182985,0.332633613,0.05815067234,10,20,284,17,301,0.001467697467,0
calibrated_snr,Calibrated SNR (variable),4,17,0.04655970184,0.04655970184,0.05709349416,0.05709349416,9,18,302,18,320,0.0005545463909,0
calibrated_snr,Calibrated SNR (variable),4,18,0.2729081228,0.04655970184,0.3346515914,0.05709349416,10,20,322,19,341,0.001469902596,0
calibrated_snr,Calibrated SNR (variable),4,19,0.04586846463,0.04586846463,0.05624586958,0.05624586958,9,18,340,20,360,0.0005489178643,0
calibrated_snr,Calibrated SNR (variable),4,20,0.2740768224,0.04586846463,0.3360847007,0.05624586958,10,20,360,21,381,0.001471063969,0
calibrated_magnitude,Calibrated magnitude (variable),4,0,0.815499253,0.815499253,1,1,0,0,0,1,1,,0
calibrated_magnitude,Calibrated magnitude (variable),4,1,0.6704017834,0.6704017834,0.8220752882,0.8220752882,5,10,10,2,12,2.462555102e-05,0
calibrated_magnitude,Calibrated magnitude (variable),4,2,0.4130576785,0.4130576785,0.50650896,0.50650896,7,14,24,3,27,0.0001536513379,0
calibrated_magnitude,Calibrated magnitude (variable),4,3,0.05151116042,0.05151116042,0.06316518406,0.06316518406,8,16,40,4,44,0.0001907465374,0
calibrated_magnitude,Calibrated magnitude (variable),4,4,0.2637223309,0.05151116042,0.3233875813,0.06316518406,10,20,60,5,65,0.001418188781,0
calibrated_magnitude,Calibrated magnitude (variable),4,5,0.04604545659,0.04604545659,0.05646290468,0.05646290468,9,18,78,6,84,0.000580372737,0
calibrated_magnitude,Calibrated magnitude (variable),4,6,0.2775247294,0.04604545659,0.3403126716,0.05646290468,10,20,98,7,105,0.001438659404,0
calibrated_magnitude,Calibrated magnitude (variable),4,7,0.04158571863,0.04158571863,0.05099418359,0.05099418359,9,18,116,8,124,0.0005375209146,0
calibrated_magnitude,Calibrated magnitude (variable),4,8,0.2904952842,0.04158571863,0.3562177196,0.05099418359,10,20,136,9,145,0.001452529325,0
calibrated_magnitude,Calibrated magnitude (variable),4,9,0.03818437706,0.03818437706,0.04682331335,0.04682331335,9,18,154,10,164,0.000498197938,0
calibrated_magnitude,Calibrated magnitude (variable),4,10,0.3012983313,0.03818437706,0.3694648771,0.04682331335,10,20,174,11,185,0.001457799419,0
calibrated_magnitude,Calibrated magnitude (variable),4,11,0.07115780449,0.03818437706,0.0872567378,0.04682331335,8,16,190,12,202,0.0004321325423,0
calibrated_magnitude,Calibrated magnitude (variable),4,12,0.211842282,0.03818437706,0.2597700503,0.04682331335,9,18,208,13,221,0.001312999561,0
calibrated_magnitude,Calibrated magnitude (variable),4,13,0.07233657902,0.03818437706,0.08870220145,0.04682331335,9,18,226,14,240,0.0007467472817,0
calibrated_magnitude,Calibrated magnitude (variable),4,14,0.2096770964,0.03818437706,0.2571150073,0.04682331335,9,18,244,15,259,0.00130746628,0
calibrated_magnitude,Calibrated magnitude (variable),4,15,0.07355180879,0.03818437706,0.09019236807,0.04682331335,9,18,262,16,278,0.0007544819496,0
calibrated_magnitude,Calibrated magnitude (variable),4,16,0.2074763164,0.03818437706,0.2544163169,0.04682331335,9,18,280,17,297,0.001301696175,0
calibrated_magnitude,Calibrated magnitude (variable),4,17,0.07480403677,0.03818437706,0.09172790348,0.04682331335,9,18,298,18,316,0.0007623262455,0
calibrated_magnitude,Calibrated magnitude (variable),4,18,0.205239596,0.03818437706,0.2516735549,0.04682331335,9,18,316,19,335,0.001295687147,0
calibrated_magnitude,Calibrated magnitude (variable),4,19,0.07609377409,0.03818437706,0.09330943445,0.04682331335,9,18,334,20,354,0.0007702804042,0
calibrated_magnitude,Calibrated magnitude (variable),4,20,0.2029667153,0.03818437706,0.2488864515,0.04682331335,9,18,352,21,373,0.001289437451,0
calibrated_sign_abstain,Sign: abstain (complete FD),4,0,0.815499253,0.815499253,1,1,0,0,0,1,1,,0
calibrated_sign_abstain,Sign: abstain (complete FD),4,1,0.6649034933,0.6649034933,0.8153330501,0.8153330501,11,22,22,2,24,0.0001815280549,0
calibrated_sign_abstain,Sign: abstain (complete FD),4,2,0.3403780011,0.3403780011,0.4173860367,0.4173860367,11,22,44,3,47,0.0001640354291,0
calibrated_sign_abstain,Sign: abstain (complete FD),4,3,0.0366308015,0.0366308015,0.04491825267,0.04491825267,11,22,66,4,70,0.0003699858502,0
calibrated_sign_abstain,Sign: abstain (complete FD),4,4,0.3222069564,0.0366308015,0.3951039259,0.04491825267,11,22,88,5,93,0.001464281668,0
calibrated_sign_abstain,Sign: abstain (complete FD),4,5,0.03652419083,0.03652419083,0.04478752212,0.04478752212,11,22,110,6,116,0.0004157424356,0
calibrated_sign_abstain,Sign: abstain (complete FD),4,6,0.3195887739,0.03652419083,0.3918933987,0.04478752212,11,22,132,7,139,0.001500533731,0
calibrated_sign_abstain,Sign: abstain (complete FD),4,7,0.03620470596,0.03620470596,0.04439575614,0.04439575614,11,22,154,8,162,0.0004213556359,0
calibrated_sign_abstain,Sign: abstain (complete FD),4,8,0.3172456705,0.03620470596,0.3890201852,0.04439575614,11,22,176,9,185,0.001496589279,0
calibrated_sign_abstain,Sign: abstain (complete FD),4,9,0.03589557932,0.03589557932,0.04401669185,0.04401669185,11,22,198,10,208,0.0004262674737,0
calibrated_sign_abstain,Sign: abstain (complete FD),4,10,0.3150972256,0.03589557932,0.3863856705,0.04401669185,11,22,220,11,231,0.001492818899,0
calibrated_sign_abstain,Sign: abstain (complete FD),4,11,0.03559395815,0.03559395815,0.04364683109,0.04364683109,11,22,242,12,254,0.0004306799265,0
calibrated_sign_abstain,Sign: abstain (complete FD),4,12,0.313095299,0.03559395815,0.3839308226,0.04364683109,11,22,264,13,277,0.001489184125,0
calibrated_sign_abstain,Sign: abstain (complete FD),4,13,0.03529798715,0.03529798715,0.04328389882,0.04328389882,11,22,286,14,300,0.0004347136474,0
calibrated_sign_abstain,Sign: abstain (complete FD),4,14,0.3112083962,0.03529798715,0.3816170218,0.04328389882,11,22,308,15,323,0.001485654851,0
calibrated_sign_abstain,Sign: abstain (complete FD),4,15,0.03500637829,0.03500637829,0.04292631558,0.04292631558,11,22,330,16,346,0.0004384474461,0
calibrated_sign_abstain,Sign: abstain (complete FD),4,16,0.3094146083,0.03500637829,0.3794174025,0.04292631558,11,22,352,17,369,0.001482208387,0
calibrated_sign_abstain,Sign: abstain (complete FD),4,17,0.03471819525,0.03471819525,0.04257293323,0.04257293323,11,22,374,18,392,0.0004419360813,0
calibrated_sign_abstain,Sign: abstain (complete FD),4,18,0.3076979906,0.03471819525,0.3773124125,0.04257293323,11,22,396,19,415,0.001478827542,0
calibrated_sign_abstain,Sign: abstain (complete FD),4,19,0.03443273395,0.03443273395,0.04222288841,0.04222288841,11,22,418,20,438,0.0004452193706,0
calibrated_sign_abstain,Sign: abstain (complete FD),4,20,0.3060465293,0.03443273395,0.3752873202,0.04222288841,11,22,440,21,461,0.001475499103,0
all_autodiff,All autodiff,60,0,0.913923792,0.913923792,1,1,0,0,0,1,1,,0
all_autodiff,All autodiff,60,1,0.8707895367,0.8707895367,0.9528032253,0.9528032253,0,0,0,2,2,,0
all_autodiff,All autodiff,60,2,0.7878920354,0.7878920354,0.8620981774,0.8620981774,0,0,0,3,3,,0
all_autodiff,All autodiff,60,3,0.6167680209,0.6167680209,0.6748571667,0.6748571667,0,0,0,4,4,,0
all_autodiff,All autodiff,60,4,0.308320216,0.308320216,0.3373587806,0.3373587806,0,0,0,5,5,,0
all_autodiff,All autodiff,60,5,0.0884026676,0.0884026676,0.09672870799,0.09672870799,0,0,0,6,6,,0
all_autodiff,All autodiff,60,6,0.09450241538,0.0884026676,0.1034029491,0.09672870799,0,0,0,7,7,,0
all_autodiff,All autodiff,60,7,0.09489642959,0.0884026676,0.1038340728,0.09672870799,0,0,0,8,8,,0
all_autodiff,All autodiff,60,8,0.09587306806,0.0884026676,0.1049026942,0.09672870799,0,0,0,9,9,,0
all_autodiff,All autodiff,60,9,0.09562466945,0.0884026676,0.1046309006,0.09672870799,0,0,0,10,10,,0
all_autodiff,All autodiff,60,10,0.09480958163,0.0884026676,0.1037390453,0.09672870799,0,0,0,11,11,,0
all_autodiff,All autodiff,60,11,0.09335316283,0.0884026676,0.1021454564,0.09672870799,0,0,0,12,12,,0
all_autodiff,All autodiff,60,12,0.0914578168,0.0884026676,0.1000716007,0.09672870799,0,0,0,13,13,,0
all_autodiff,All autodiff,60,13,0.08924550532,0.0884026676,0.09765092681,0.09672870799,0,0,0,14,14,,0
all_autodiff,All autodiff,60,14,0.08687119968,0.08687119968,0.09505300162,0.09505300162,0,0,0,15,15,,0
all_autodiff,All autodiff,60,15,0.08446484703,0.08446484703,0.09242001113,0.09242001113,0,0,0,16,16,,0
all_autodiff,All autodiff,60,16,0.0821402905,0.0821402905,0.08987652058,0.08987652058,0,0,0,17,17,,0
all_autodiff,All autodiff,60,17,0.07998311468,0.07998311468,0.08751617517,0.08751617517,0,0,0,18,18,,0
all_autodiff,All autodiff,60,18,0.07805245221,0.07805245221,0.08540367687,0.08540367687,0,0,0,19,19,,0
all_autodiff,All autodiff,60,19,0.07638336863,0.07638336863,0.08357739376,0.08357739376,0,0,0,20,20,,0
all_autodiff,All autodiff,60,20,0.07499399926,0.07499399926,0.08205716922,0.08205716922,0,0,0,21,21,,0
complete_fd,Complete central FD,60,0,0.913923792,0.913923792,1,1,0,0,0,1,1,,0
complete_fd,Complete central FD,60,1,0.8691921838,0.8691921838,0.9510554286,0.9510554286,11,22,22,2,24,0.0001178963383,0
complete_fd,Complete central FD,60,2,0.7800083921,0.7800083921,0.8534720279,0.8534720279,11,22,44,3,47,0.0001571651121,0
complete_fd,Complete central FD,60,3,0.5823822263,0.5823822263,0.6372328102,0.6372328102,11,22,66,4,70,0.0001949877684,0
complete_fd,Complete central FD,60,4,0.1969405082,0.1969405082,0.2154889827,0.2154889827,11,22,88,5,93,8.69507867e-05,0
complete_fd,Complete central FD,60,5,0.1142765604,0.1142765604,0.1250394851,0.1250394851,11,22,110,6,116,0.000879524835,0
complete_fd,Complete central FD,60,6,0.1968983515,0.1142765604,0.2154428556,0.1250394851,11,22,132,7,139,0.001223599439,0
complete_fd,Complete central FD,60,7,0.114242157,0.114242157,0.1250018415,0.1250018415,11,22,154,8,162,0.0008796051749,0
complete_fd,Complete central FD,60,8,0.1968561455,0.114242157,0.2153966744,0.1250018415,11,22,176,9,185,0.001223632122,0
complete_fd,Complete central FD,60,9,0.1142077122,0.1142077122,0.1249641526,0.1249641526,11,22,198,10,208,0.0008796848866,0
complete_fd,Complete central FD,60,10,0.196813889,0.1142077122,0.2153504381,0.1249641526,11,22,220,11,231,0.001223663912,0
complete_fd,Complete central FD,60,11,0.1141732254,0.1141732254,0.1249264177,0.1249264177,11,22,242,12,254,0.0008797639724,0
complete_fd,Complete central FD,60,12,0.1967715812,0.1141732254,0.2153041456,0.1249264177,11,22,264,13,277,0.00122369481,0
complete_fd,Complete central FD,60,13,0.1141386956,0.1141386956,0.1248886358,0.1248886358,11,22,286,14,300,0.0008798424345,0
complete_fd,Complete central FD,60,14,0.1967292209,0.1141386956,0.2152577957,0.1248886358,11,22,308,15,323,0.001223724818,0
complete_fd,Complete central FD,60,15,0.1141041222,0.1141041222,0.1248508062,0.1248508062,11,22,330,16,346,0.0008799202752,0
complete_fd,Complete central FD,60,16,0.1966868072,0.1141041222,0.2152113874,0.1248508062,11,22,352,17,369,0.001223753936,0
complete_fd,Complete central FD,60,17,0.1140695043,0.1140695043,0.1248129279,0.1248129279,11,22,374,18,392,0.0008799974963,0
complete_fd,Complete central FD,60,18,0.1966443392,0.1140695043,0.2151649196,0.1248129279,11,22,396,19,415,0.001223782166,0
complete_fd,Complete central FD,60,19,0.1140348412,0.1140348412,0.1247750001,0.1247750001,11,22,418,20,438,0.0008800741002,0
complete_fd,Complete central FD,60,20,0.1966018158,0.1140348412,0.2151183911,0.1247750001,11,22,440,21,461,0.001223809509,0
matched_random,Random order (B = 6),60,0,0.913923792,0.913923792,1,1,0,0,0,1,1,,0
matched_random,Random order (B = 6),60,1,0.8729720605,0.8729720605,0.955191306,0.955191306,6,12,12,2,14,0.0001174226972,0
matched_random,Random order (B = 6),60,2,0.7916422116,0.7916422116,0.866201557,0.866201557,6,12,24,3,27,0.0001646928748,0
matched_random,Random order (B = 6),60,3,0.6162620471,0.6162620471,0.6743035387,0.6743035387,6,12,36,4,40,0.000180621954,0
matched_random,Random order (B = 6),60,4,0.3709383992,0.3709383992,0.4058745405,0.4058745405,6,12,48,5,53,0.0001120255177,0
matched_random,Random order (B = 6),60,5,0.04896345616,0.04896345616,0.05357498797,0.05357498797,6,12,60,6,66,0.0003357733869,0
matched_random,Random order (B = 6),60,6,0.2606302953,0.04896345616,0.2851772736,0.05357498797,6,12,72,7,79,0.001526636056,0
matched_random,Random order (B = 6),60,7,0.06345530399,0.04896345616,0.06943172346,0.05357498797,6,12,84,8,92,0.0006858348545,0
matched_random,Random order (B = 6),60,8,0.1185271929,0.04896345616,0.1296904555,0.05357498797,6,12,96,9,105,0.001342478978,0
matched_random,Random order (B = 6),60,9,0.1860833566,0.04896345616,0.2036092706,0.05357498797,6,12,108,10,118,0.001256427538,0
matched_random,Random order (B = 6),60,10,0.0512913361,0.04896345616,0.05612211494,0.05357498797,6,12,120,11,131,0.0008869216078,0
matched_random,Random order (B = 6),60,11,0.2712181106,0.04896345616,0.2967622825,0.05357498797,6,12,132,12,144,0.001551289953,0
matched_random,Random order (B = 6),60,12,0.09114570151,0.04896345616,0.09973008943,0.05357498797,6,12,144,13,157,0.0005633516214,0
matched_random,Random order (B = 6),60,13,0.2209207223,0.04896345616,0.2417277285,0.05357498797,6,12,156,14,170,0.001386351762,0
matched_random,Random order (B = 6),60,14,0.09700381487,0.04896345616,0.1061399383,0.05357498797,6,12,168,15,183,0.0008155212029,0
matched_random,Random order (B = 6),60,15,0.1965220133,0.04896345616,0.2150310726,0.05357498797,6,12,180,16,196,0.001323176294,0
matched_random,Random order (B = 6),60,16,0.05168527126,0.04896345616,0.05655315214,0.05357498797,6,12,192,17,209,0.0007822463384,0
matched_random,Random order (B = 6),60,17,0.2828023923,0.04896345616,0.3094376082,0.05357498797,6,12,204,18,222,0.001555513731,0
matched_random,Random order (B = 6),60,18,0.06006741547,0.04896345616,0.06572475297,0.05357498797,6,12,216,19,235,0.0006060275977,0
matched_random,Random order (B = 6),60,19,0.2840068209,0.04896345616,0.3107554737,0.05357498797,6,12,228,20,248,0.001492341536,0
matched_random,Random order (B = 6),60,20,0.05775771801,0.04896345616,0.06319752097,0.05357498797,6,12,240,21,261,0.000585480195,0
matched_sign_order,Sign order (B = 6),60,0,0.913923792,0.913923792,1,1,0,0,0,1,1,,0
matched_sign_order,Sign order (B = 6),60,1,0.8713252165,0.8713252165,0.9533893571,0.9533893571,6,12,12,2,14,0.0001127665867,0
matched_sign_order,Sign order (B = 6),60,2,0.7895494129,0.7895494129,0.8639116519,0.8639116519,6,12,24,3,27,0.0001378342089,0
matched_sign_order,Sign order (B = 6),60,3,0.6147104709,0.6147104709,0.6726058302,0.6726058302,6,12,36,4,40,4.029060664e-05,0
matched_sign_order,Sign order (B = 6),60,4,0.3340961353,0.3340961353,0.3655623567,0.3655623567,6,12,48,5,53,2.796810329e-05,0
matched_sign_order,Sign order (B = 6),60,5,0.132287842,0.132287842,0.1447471257,0.1447471257,6,12,60,6,66,0.0004014305788,0
matched_sign_order,Sign order (B = 6),60,6,0.1538300228,0.132287842,0.1683182166,0.1447471257,6,12,72,7,79,0.001211963279,0
matched_sign_order,Sign order (B = 6),60,7,0.1394689349,0.132287842,0.1526045565,0.1447471257,6,12,84,8,92,0.001114179958,0
matched_sign_order,Sign order (B = 6),60,8,0.1469156014,0.132287842,0.1607525733,0.1447471257,6,12,96,9,105,0.001180837966,0
matched_sign_order,Sign order (B = 6),60,9,0.1446891878,0.132287842,0.1583164691,0.1447471257,6,12,108,10,118,0.001146938839,0
matched_sign_order,Sign order (B = 6),60,10,0.1420241062,0.132287842,0.1554003818,0.1447471257,6,12,120,11,131,0.001157893732,0
matched_sign_order,Sign order (B = 6),60,11,0.1552230347,0.132287842,0.1698424268,0.1447471257,6,12,132,12,144,0.001166998579,0
matched_sign_order,Sign order (B = 6),60,12,0.1214782906,0.1214782906,0.1329194969,0.1329194969,6,12,144,13,157,0.001090974047,0
matched_sign_order,Sign order (B = 6),60,13,0.1787496176,0.1214782906,0.1955848169,0.1329194969,6,12,156,14,170,0.001258810993,0
matched_sign_order,Sign order (B = 6),60,14,0.1027834573,0.1027834573,0.1124639255,0.1124639255,6,12,168,15,183,0.0009914853628,0
matched_sign_order,Sign order (B = 6),60,15,0.203628691,0.1027834573,0.2228070795,0.1124639255,6,12,180,16,196,0.001344595544,0
matched_sign_order,Sign order (B = 6),60,16,0.09472493788,0.09472493788,0.1036464295,0.1036464295,6,12,192,17,209,0.0009056288834,0
matched_sign_order,Sign order (B = 6),60,17,0.2160607005,0.09472493788,0.2364099746,0.1036464295,6,12,204,18,222,0.001381312555,0
matched_sign_order,Sign order (B = 6),60,18,0.08713861158,0.08713861158,0.09534559921,0.09534559921,6,12,216,19,235,0.0008554972985,0
matched_sign_order,Sign order (B = 6),60,19,0.2289384328,0.08713861158,0.2505005722,0.09534559921,6,12,228,20,248,0.00141610479,0
matched_sign_order,Sign order (B = 6),60,20,0.07350855547,0.07350855547,0.08043182168,0.08043182168,6,12,240,21,261,0.0007894340277,0
matched_snr_order,SNR order (B = 6),60,0,0.913923792,0.913923792,1,1,0,0,0,1,1,,0
matched_snr_order,SNR order (B = 6),60,1,0.8696606777,0.8696606777,0.9515680468,0.9515680468,6,12,12,2,14,3.71057139e-05,0
matched_snr_order,SNR order (B = 6),60,2,0.7828066361,0.7828066361,0.8565338193,0.8565338193,6,12,24,3,27,3.823737345e-05,0
matched_snr_order,SNR order (B = 6),60,3,0.5981521187,0.5981521187,0.6544879605,0.6544879605,6,12,36,4,40,4.177163413e-05,0
matched_snr_order,SNR order (B = 6),60,4,0.3251715082,0.3251715082,0.3557971803,0.3557971803,6,12,48,5,53,2.474806427e-05,0
matched_snr_order,SNR order (B = 6),60,5,0.04757596442,0.04757596442,0.0520568179,0.0520568179,6,12,60,6,66,0.0004554286607,0
matched_snr_order,SNR order (B = 6),60,6,0.2649224008,0.04757596442,0.2898736231,0.0520568179,6,12,72,7,79,0.001634294536,0
matched_snr_order,SNR order (B = 6),60,7,0.06473519744,0.04757596442,0.07083216128,0.0520568179,6,12,84,8,92,0.0006774690172,0
matched_snr_order,SNR order (B = 6),60,8,0.2680796906,0.04757596442,0.2933282764,0.0520568179,6,12,96,9,105,0.001537633481,0
matched_snr_order,SNR order (B = 6),60,9,0.06393511052,0.04757596442,0.06995671967,0.0520568179,6,12,108,10,118,0.0006662637209,0
matched_snr_order,SNR order (B = 6),60,10,0.2711311041,0.04757596442,0.2966670815,0.0520568179,6,12,120,11,131,0.00154122757,0
matched_snr_order,SNR order (B = 6),60,11,0.06325161361,0.04757596442,0.06920884888,0.0520568179,6,12,132,12,144,0.0006555050176,0
matched_snr_order,SNR order (B = 6),60,12,0.2740390168,0.04757596442,0.2998488705,0.0520568179,6,12,144,13,157,0.001544169436,0
matched_snr_order,SNR order (B = 6),60,13,0.06269682843,0.04757596442,0.06860181229,0.0520568179,6,12,156,14,170,0.000645316021,0
matched_snr_order,SNR order (B = 6),60,14,0.2767619679,0.04757596442,0.3028282777,0.0520568179,6,12,168,15,183,0.001546384391,0
matched_snr_order,SNR order (B = 6),60,15,0.0618774693,0.04757596442,0.06770528335,0.0520568179,6,12,180,16,196,0.0006361581188,0
matched_snr_order,SNR order (B = 6),60,16,0.2802631072,0.04757596442,0.3066591653,0.0520568179,6,12,192,17,209,0.001550211088,0
matched_snr_order,SNR order (B = 6),60,17,0.0612602988,0.04757596442,0.0670299858,0.0520568179,6,12,204,18,222,0.0006241731162,0
matched_snr_order,SNR order (B = 6),60,18,0.2833817491,0.04757596442,0.3100715306,0.0520568179,6,12,216,19,235,0.001552856499,0
matched_snr_order,SNR order (B = 6),60,19,0.06085901852,0.04757596442,0.06659091169,0.0520568179,6,12,228,20,248,0.0006135569383,0
matched_snr_order,SNR order (B = 6),60,20,0.2860452322,0.04757596442,0.3129858689,0.0520568179,6,12,240,21,261,0.001554215276,0
matched_magnitude_order,Magnitude order (B = 6),60,0,0.913923792,0.913923792,1,1,0,0,0,1,1,,0
matched_magnitude_order,Magnitude order (B = 6),60,1,0.8701820358,0.8701820358,0.952138508,0.952138508,6,12,12,2,14,3.366587478e-05,0
matched_magnitude_order,Magnitude order (B = 6),60,2,0.7839203493,0.7839203493,0.8577524255,0.8577524255,6,12,24,3,27,3.817501506e-05,0
matched_magnitude_order,Magnitude order (B = 6),60,3,0.6004477724,0.6004477724,0.6569998261,0.6569998261,6,12,36,4,40,4.174742049e-05,0
matched_magnitude_order,Magnitude order (B = 6),60,4,0.3269829442,0.3269829442,0.357779223,0.357779223,6,12,48,5,53,2.514814844e-05,0
matched_magnitude_order,Magnitude order (B = 6),60,5,0.04701342826,0.04701342826,0.05144130032,0.05144130032,6,12,60,6,66,0.0004195351366,0
matched_magnitude_order,Magnitude order (B = 6),60,6,0.05069700234,0.04701342826,0.05547180496,0.05144130032,6,12,72,7,79,0.0003274304769,0
matched_magnitude_order,Magnitude order (B = 6),60,7,0.2717684759,0.04701342826,0.297364483,0.05144130032,6,12,84,8,92,0.001597797675,0
matched_magnitude_order,Magnitude order (B = 6),60,8,0.06968126592,0.04701342826,0.076244066,0.05144130032,6,12,96,9,105,0.0005840568282,0
matched_magnitude_order,Magnitude order (B = 6),60,9,0.2705773612,0.04701342826,0.2960611854,0.05144130032,6,12,108,10,118,0.001511330962,0
matched_magnitude_order,Magnitude order (B = 6),60,10,0.06293487241,0.04701342826,0.068862276,0.05144130032,6,12,120,11,131,0.0006270173605,0
matched_magnitude_order,Magnitude order (B = 6),60,11,0.2892095024,0.04701342826,0.3164481601,0.05144130032,6,12,132,12,144,0.00154100895,0
matched_magnitude_order,Magnitude order (B = 6),60,12,0.05812756542,0.04701342826,0.06360220176,0.05144130032,6,12,144,13,157,0.0005640020494,0
matched_magnitude_order,Magnitude order (B = 6),60,13,0.3030105897,0.04701342826,0.331549077,0.05144130032,6,12,156,14,170,0.001535350921,0
matched_magnitude_order,Magnitude order (B = 6),60,14,0.0559408477,0.04701342826,0.06120953212,0.05144130032,6,12,168,15,183,0.0005192729793,0
matched_magnitude_order,Magnitude order (B = 6),60,15,0.3086031278,0.04701342826,0.3376683379,0.05144130032,6,12,180,16,196,0.001546045814,0
matched_magnitude_order,Magnitude order (B = 6),60,16,0.05609480611,0.04701342826,0.06137799081,0.05144130032,6,12,192,17,209,0.0005010923435,0
matched_magnitude_order,Magnitude order (B = 6),60,17,0.3055269677,0.04701342826,0.3343024553,0.05144130032,6,12,204,18,222,0.001544098207,0
matched_magnitude_order,Magnitude order (B = 6),60,18,0.05789714498,0.04701342826,0.06335007961,0.05144130032,6,12,216,19,235,0.0005096294797,0
matched_magnitude_order,Magnitude order (B = 6),60,19,0.3059339409,0.04701342826,0.3347477585,0.05144130032,6,12,228,20,248,0.001530463616,0
matched_magnitude_order,Magnitude order (B = 6),60,20,0.05926955679,0.04701342826,0.06485174946,0.05144130032,6,12,240,21,261,0.0005074344206,0
calibrated_snr,Calibrated SNR (variable),60,0,0.913923792,0.913923792,1,1,0,0,0,1,1,,0
calibrated_snr,Calibrated SNR (variable),60,1,0.869731464,0.869731464,0.9516455,0.9516455,7,14,14,2,16,3.356667773e-05,0
calibrated_snr,Calibrated SNR (variable),60,2,0.7815558267,0.7815558267,0.8551652047,0.8551652047,7,14,28,3,31,3.806498477e-05,0
calibrated_snr,Calibrated SNR (variable),60,3,0.5955868433,0.5955868433,0.6516810794,0.6516810794,6,12,40,4,44,4.177598773e-05,0
calibrated_snr,Calibrated SNR (variable),60,4,0.3231700445,0.3231700445,0.3536072125,0.3536072125,6,12,52,5,57,2.428094725e-05,0
calibrated_snr,Calibrated SNR (variable),60,5,0.04961310476,0.04961310476,0.05428582251,0.05428582251,9,18,70,6,76,0.0004614830496,0
calibrated_snr,Calibrated SNR (variable),60,6,0.3204044609,0.04961310476,0.3505811575,0.05428582251,9,18,88,7,95,0.001572130771,0
calibrated_snr,Calibrated SNR (variable),60,7,0.05021175962,0.04961310476,0.05494086056,0.05428582251,9,18,106,8,114,0.0004692215649,0
calibrated_snr,Calibrated SNR (variable),60,8,0.3185467708,0.04961310476,0.3485485044,0.05428582251,9,18,124,9,133,0.001565685755,0
calibrated_snr,Calibrated SNR (variable),60,9,0.05066485411,0.04961310476,0.05543662891,0.05428582251,9,18,142,10,152,0.0004742011521,0
calibrated_snr,Calibrated SNR (variable),60,10,0.3172037038,0.04961310476,0.3470789431,0.05428582251,9,18,160,11,171,0.001560600948,0
calibrated_snr,Calibrated SNR (variable),60,11,0.05103391336,0.04961310476,0.05584044731,0.05428582251,9,18,178,12,190,0.0004776084279,0
calibrated_snr,Calibrated SNR (variable),60,12,0.3161983765,0.04961310476,0.3459789309,0.05428582251,9,18,196,13,209,0.001556245547,0
calibrated_snr,Calibrated SNR (variable),60,13,0.05134912323,0.04961310476,0.05618534464,0.05428582251,9,18,214,14,228,0.0004799817346,0
calibrated_snr,Calibrated SNR (variable),60,14,0.3154311784,0.04961310476,0.3451394757,0.05428582251,9,18,232,15,247,0.001552344964,0
calibrated_snr,Calibrated SNR (variable),60,15,0.05162892582,0.04961310476,0.05649149992,0.05428582251,9,18,250,16,266,0.0004816268179,0
calibrated_snr,Calibrated SNR (variable),60,16,0.3148381534,0.04961310476,0.3444905977,0.05428582251,9,18,268,17,285,0.001548747467,0
calibrated_snr,Calibrated SNR (variable),60,17,0.05188606957,0.04961310476,0.05677286227,0.05428582251,9,18,286,18,304,0.0004827415444,0
calibrated_snr,Calibrated SNR (variable),60,18,0.3143744661,0.04961310476,0.3439832389,0.05428582251,9,18,304,19,323,0.001545356611,0
calibrated_snr,Calibrated SNR (variable),60,19,0.05213007862,0.04961310476,0.05703985285,0.05428582251,9,18,322,20,342,0.0004834655754,0
calibrated_snr,Calibrated SNR (variable),60,20,0.3140066844,0.04961310476,0.3435808184,0.05428582251,9,18,340,21,361,0.001542105059,0
calibrated_magnitude,Calibrated magnitude (variable),60,0,0.913923792,0.913923792,1,1,0,0,0,1,1,,0
calibrated_magnitude,Calibrated magnitude (variable),60,1,0.8698731201,0.8698731201,0.9518004977,0.9518004977,8,16,16,2,18,3.137121964e-05,0
calibrated_magnitude,Calibrated magnitude (variable),60,2,0.7818120467,0.7818120467,0.8554455563,0.8554455563,8,16,32,3,35,3.589138419e-05,0
calibrated_magnitude,Calibrated magnitude (variable),60,3,0.5924469868,0.5924469868,0.6482455014,0.6482455014,8,16,48,4,52,3.967465401e-05,0
calibrated_magnitude,Calibrated magnitude (variable),60,4,0.2328920313,0.2328920313,0.2548265329,0.2548265329,8,16,64,5,69,8.357560322e-05,0
calibrated_magnitude,Calibrated magnitude (variable),60,5,0.08885836485,0.08885836485,0.09722732423,0.09722732423,10,20,84,6,90,0.0007483344801,0
calibrated_magnitude,Calibrated magnitude (variable),60,6,0.2329506506,0.08885836485,0.2548906733,0.09722732423,9,18,102,7,109,0.001363682096,0
calibrated_magnitude,Calibrated magnitude (variable),60,7,0.08874948177,0.08874948177,0.09710818621,0.09710818621,10,20,122,8,130,0.0007480797329,0
calibrated_magnitude,Calibrated magnitude (variable),60,8,0.2330102243,0.08874948177,0.2549558578,0.09710818621,9,18,140,9,149,0.001364102457,0
calibrated_magnitude,Calibrated magnitude (variable),60,9,0.08864160017,0.08864160017,0.09699014398,0.09699014398,10,20,160,10,170,0.0007478171916,0
calibrated_magnitude,Calibrated magnitude (variable),60,10,0.2330707344,0.08864160017,0.2550220669,0.09699014398,9,18,178,11,189,0.001364508999,0
calibrated_magnitude,Calibrated magnitude (variable),60,11,0.08853471381,0.08853471381,0.09687319072,0.09687319072,10,20,198,12,210,0.0007475469371,0
calibrated_magnitude,Calibrated magnitude (variable),60,12,0.2331321636,0.08853471381,0.2550892817,0.09687319072,9,18,216,13,229,0.001364901763,0
calibrated_magnitude,Calibrated magnitude (variable),60,13,0.08842881585,0.08842881585,0.09675731896,0.09675731896,10,20,236,14,250,0.0007472690486,0
calibrated_magnitude,Calibrated magnitude (variable),60,14,0.2331944953,0.08842881585,0.2551574839,0.09675731896,9,18,254,15,269,0.001365280797,0
calibrated_magnitude,Calibrated magnitude (variable),60,15,0.08832389995,0.08832389995,0.09664252175,0.09664252175,10,20,274,16,290,0.0007469836044,0
calibrated_magnitude,Calibrated magnitude (variable),60,16,0.2332577119,0.08832389995,0.2552266544,0.09664252175,9,18,292,17,309,0.001365646148,0
calibrated_magnitude,Calibrated magnitude (variable),60,17,0.08821995945,0.08821995945,0.09652879181,0.09652879181,10,20,312,18,330,0.0007466906867,0
calibrated_magnitude,Calibrated magnitude (variable),60,18,0.2333217972,0.08821995945,0.2552967755,0.09652879181,9,18,330,19,349,0.001365997865,0
calibrated_magnitude,Calibrated magnitude (variable),60,19,0.08811698764,0.08811698764,0.09641612179,0.09641612179,10,20,350,20,370,0.0007463903738,0
calibrated_magnitude,Calibrated magnitude (variable),60,20,0.2333867346,0.08811698764,0.255367829,0.09641612179,9,18,368,21,389,0.001366336002,0
calibrated_sign_abstain,Sign: abstain (complete FD),60,0,0.913923792,0.913923792,1,1,0,0,0,1,1,,0
calibrated_sign_abstain,Sign: abstain (complete FD),60,1,0.8691921838,0.8691921838,0.9510554286,0.9510554286,11,22,22,2,24,0.0001178963383,0
calibrated_sign_abstain,Sign: abstain (complete FD),60,2,0.7800083921,0.7800083921,0.8534720279,0.8534720279,11,22,44,3,47,0.0001571651121,0
calibrated_sign_abstain,Sign: abstain (complete FD),60,3,0.5823822263,0.5823822263,0.6372328102,0.6372328102,11,22,66,4,70,0.0001949877684,0
calibrated_sign_abstain,Sign: abstain (complete FD),60,4,0.1969405082,0.1969405082,0.2154889827,0.2154889827,11,22,88,5,93,8.69507867e-05,0
calibrated_sign_abstain,Sign: abstain (complete FD),60,5,0.1142765604,0.1142765604,0.1250394851,0.1250394851,11,22,110,6,116,0.000879524835,0
calibrated_sign_abstain,Sign: abstain (complete FD),60,6,0.1968983515,0.1142765604,0.2154428556,0.1250394851,11,22,132,7,139,0.001223599439,0
calibrated_sign_abstain,Sign: abstain (complete FD),60,7,0.114242157,0.114242157,0.1250018415,0.1250018415,11,22,154,8,162,0.0008796051749,0
calibrated_sign_abstain,Sign: abstain (complete FD),60,8,0.1968561455,0.114242157,0.2153966744,0.1250018415,11,22,176,9,185,0.001223632122,0
calibrated_sign_abstain,Sign: abstain (complete FD),60,9,0.1142077122,0.1142077122,0.1249641526,0.1249641526,11,22,198,10,208,0.0008796848866,0
calibrated_sign_abstain,Sign: abstain (complete FD),60,10,0.196813889,0.1142077122,0.2153504381,0.1249641526,11,22,220,11,231,0.001223663912,0
calibrated_sign_abstain,Sign: abstain (complete FD),60,11,0.1141732254,0.1141732254,0.1249264177,0.1249264177,11,22,242,12,254,0.0008797639724,0
calibrated_sign_abstain,Sign: abstain (complete FD),60,12,0.1967715812,0.1141732254,0.2153041456,0.1249264177,11,22,264,13,277,0.00122369481,0
calibrated_sign_abstain,Sign: abstain (complete FD),60,13,0.1141386956,0.1141386956,0.1248886358,0.1248886358,11,22,286,14,300,0.0008798424345,0
calibrated_sign_abstain,Sign: abstain (complete FD),60,14,0.1967292209,0.1141386956,0.2152577957,0.1248886358,11,22,308,15,323,0.001223724818,0
calibrated_sign_abstain,Sign: abstain (complete FD),60,15,0.1141041222,0.1141041222,0.1248508062,0.1248508062,11,22,330,16,346,0.0008799202752,0
calibrated_sign_abstain,Sign: abstain (complete FD),60,16,0.1966868072,0.1141041222,0.2152113874,0.1248508062,11,22,352,17,369,0.001223753936,0
calibrated_sign_abstain,Sign: abstain (complete FD),60,17,0.1140695043,0.1140695043,0.1248129279,0.1248129279,11,22,374,18,392,0.0008799974963,0
calibrated_sign_abstain,Sign: abstain (complete FD),60,18,0.1966443392,0.1140695043,0.2151649196,0.1248129279,11,22,396,19,415,0.001223782166,0
calibrated_sign_abstain,Sign: abstain (complete FD),60,19,0.1140348412,0.1140348412,0.1247750001,0.1247750001,11,22,418,20,438,0.0008800741002,0
calibrated_sign_abstain,Sign: abstain (complete FD),60,20,0.1966018158,0.1140348412,0.2151183911,0.1247750001,11,22,440,21,461,0.001223809509,0
all_autodiff,All autodiff,72,0,0.7867521392,0.7867521392,1,1,0,0,0,1,1,,0
all_autodiff,All autodiff,72,1,0.6050873021,0.6050873021,0.7690952105,0.7690952105,0,0,0,2,2,,0
all_autodiff,All autodiff,72,2,0.2602775526,0.2602775526,0.330825351,0.330825351,0,0,0,3,3,,0
all_autodiff,All autodiff,72,3,0.04664719545,0.04664719545,0.05929084031,0.05929084031,0,0,0,4,4,,0
all_autodiff,All autodiff,72,4,0.06651375484,0.04664719545,0.08454219764,0.05929084031,0,0,0,5,5,,0
all_autodiff,All autodiff,72,5,0.05297675127,0.04664719545,0.06733601173,0.05929084031,0,0,0,6,6,,0
all_autodiff,All autodiff,72,6,0.06341018858,0.04664719545,0.0805974149,0.05929084031,0,0,0,7,7,,0
all_autodiff,All autodiff,72,7,0.05657858735,0.04664719545,0.07191411949,0.05929084031,0,0,0,8,8,,0
all_autodiff,All autodiff,72,8,0.061753121,0.04664719545,0.0784912019,0.05929084031,0,0,0,9,9,,0
all_autodiff,All autodiff,72,9,0.05746630984,0.04664719545,0.07304245769,0.05929084031,0,0,0,10,10,,0
all_autodiff,All autodiff,72,10,0.05964143471,0.04664719545,0.07580714655,0.05929084031,0,0,0,11,11,,0
all_autodiff,All autodiff,72,11,0.05647187199,0.04664719545,0.07177847912,0.05929084031,0,0,0,12,12,,0
all_autodiff,All autodiff,72,12,0.05691971856,0.04664719545,0.07234771375,0.05929084031,0,0,0,13,13,,0
all_autodiff,All autodiff,72,13,0.05441328651,0.04664719545,0.06916191746,0.05929084031,0,0,0,14,14,,0
all_autodiff,All autodiff,72,14,0.05394402118,0.04664719545,0.06856545854,0.05929084031,0,0,0,15,15,,0
all_autodiff,All autodiff,72,15,0.05200491643,0.04664719545,0.06610076266,0.05929084031,0,0,0,16,16,,0
all_autodiff,All autodiff,72,16,0.05121511836,0.04664719545,0.06509689114,0.05929084031,0,0,0,17,17,,0
all_autodiff,All autodiff,72,17,0.04991190957,0.04664719545,0.06344044978,0.05929084031,0,0,0,18,18,,0
all_autodiff,All autodiff,72,18,0.04934953453,0.04664719545,0.06272564391,0.05929084031,0,0,0,19,19,,0
all_autodiff,All autodiff,72,19,0.04892403431,0.04664719545,0.06218481257,0.05929084031,0,0,0,20,20,,0
all_autodiff,All autodiff,72,20,0.04920818165,0.04664719545,0.06254597757,0.05929084031,0,0,0,21,21,,0
complete_fd,Complete central FD,72,0,0.7867521392,0.7867521392,1,1,0,0,0,1,1,,0
complete_fd,Complete central FD,72,1,0.5943550517,0.5943550517,0.7554540015,0.7554540015,11,22,22,2,24,0.0001984677205,0
complete_fd,Complete central FD,72,2,0.2070381671,0.2070381671,0.2631555184,0.2631555184,11,22,44,3,47,0.0001064270598,0
complete_fd,Complete central FD,72,3,0.1076454397,0.1076454397,0.1368225573,0.1368225573,11,22,66,4,70,0.0008685497391,0
complete_fd,Complete central FD,72,4,0.2069898677,0.1076454397,0.2630941276,0.1368225573,11,22,88,5,93,0.001300606693,0
complete_fd,Complete central FD,72,5,0.1076100338,0.1076100338,0.1367775548,0.1367775548,11,22,110,6,116,0.0008685937172,0
complete_fd,Complete central FD,72,6,0.2069412209,0.1076100338,0.2630322951,0.1367775548,11,22,132,7,139,0.001300555072,0
complete_fd,Complete central FD,72,7,0.1075743732,0.1075743732,0.1367322284,0.1367322284,11,22,154,8,162,0.0008686373224,0
complete_fd,Complete central FD,72,8,0.2068922229,0.1075743732,0.2629700163,0.1367322284,11,22,176,9,185,0.00130050221,0
complete_fd,Complete central FD,72,9,0.1075384549,0.1075384549,0.1366865746,0.1366865746,11,22,198,10,208,0.0008686805531,0
complete_fd,Complete central FD,72,10,0.2068428702,0.1075384549,0.2629072866,0.1366865746,11,22,220,11,231,0.001300448097,0
complete_fd,Complete central FD,72,11,0.1075022764,0.1075022764,0.1366405899,0.1366405899,11,22,242,12,254,0.0008687234078,0
complete_fd,Complete central FD,72,12,0.206793159,0.1075022764,0.2628441014,0.1366405899,11,22,264,13,277,0.001300392726,0
complete_fd,Complete central FD,72,13,0.1074658349,0.1074658349,0.136594271,0.136594271,11,22,286,14,300,0.0008687658848,0
complete_fd,Complete central FD,72,14,0.2067430857,0.1074658349,0.2627804557,0.136594271,11,22,308,15,323,0.001300336086,0
complete_fd,Complete central FD,72,15,0.1074291275,0.1074291275,0.1365476141,0.1365476141,11,22,330,16,346,0.0008688079823,0
complete_fd,Complete central FD,72,16,0.2066926465,0.1074291275,0.2627163451,0.1365476141,11,22,352,17,369,0.001300278169,0
complete_fd,Complete central FD,72,17,0.1073921515,0.1073921515,0.1365006159,0.1365006159,11,22,374,18,392,0.0008688496988,0
complete_fd,Complete central FD,72,18,0.2066418376,0.1073921515,0.2626517646,0.1365006159,11,22,396,19,415,0.001300218964,0
complete_fd,Complete central FD,72,19,0.1073549041,0.1073549041,0.1364532726,0.1364532726,11,22,418,20,438,0.0008688910323,0
complete_fd,Complete central FD,72,20,0.2065906553,0.1073549041,0.2625867094,0.1364532726,11,22,440,21,461,0.001300158464,0
matched_random,Random order (B = 6),72,0,0.7867521392,0.7867521392,1,1,0,0,0,1,1,,0
matched_random,Random order (B = 6),72,1,0.6011657066,0.6011657066,0.7641106731,0.7641106731,6,12,12,2,14,0.0001797448311,0
matched_random,Random order (B = 6),72,2,0.319890852,0.319890852,0.4065967362,0.4065967362,6,12,24,3,27,0.0001059884518,0
matched_random,Random order (B = 6),72,3,0.04553157304,0.04553157304,0.0578728303,0.0578728303,6,12,36,4,40,0.0004384247158,0
matched_random,Random order (B = 6),72,4,0.3065752409,0.04553157304,0.3896719508,0.0578728303,6,12,48,5,53,0.001675014461,0
matched_random,Random order (B = 6),72,5,0.08575221561,0.04553157304,0.1089952112,0.0578728303,6,12,60,6,66,0.0005261448274,0
matched_random,Random order (B = 6),72,6,0.04804525166,0.04553157304,0.06106783733,0.0578728303,6,12,72,7,79,0.0002089568946,0
matched_random,Random order (B = 6),72,7,0.08777775082,0.04553157304,0.1115697644,0.0578728303,6,12,84,8,92,0.000226876109,0
matched_random,Random order (B = 6),72,8,0.05771350954,0.04553157304,0.07335666046,0.0578728303,6,12,96,9,105,0.001325924086,0
matched_random,Random order (B = 6),72,9,0.2813054329,0.04553157304,0.3575528034,0.0578728303,6,12,108,10,118,0.001581677414,0
matched_random,Random order (B = 6),72,10,0.06178856797,0.04553157304,0.07853625672,0.0578728303,6,12,120,11,131,0.0006316958708,0
matched_random,Random order (B = 6),72,11,0.08113974954,0.04553157304,0.1031325439,0.0578728303,6,12,132,12,144,0.0002244674311,0
matched_random,Random order (B = 6),72,12,0.215175789,0.04553157304,0.2734988293,0.0578728303,6,12,144,13,157,0.001284011012,0
matched_random,Random order (B = 6),72,13,0.09007436082,0.04553157304,0.1144888667,0.0578728303,6,12,156,14,170,0.0008597900589,0
matched_random,Random order (B = 6),72,14,0.2020075961,0.04553157304,0.2567614196,0.0578728303,6,12,168,15,183,0.001245679403,0
matched_random,Random order (B = 6),72,15,0.05043626063,0.04553157304,0.06410692532,0.0578728303,6,12,180,16,196,0.0008184094758,0
matched_random,Random order (B = 6),72,16,0.1224529946,0.04553157304,0.1556436755,0.0578728303,6,12,192,17,209,0.001526143113,0
matched_random,Random order (B = 6),72,17,0.05108033871,0.04553157304,0.06492557969,0.0578728303,6,12,204,18,222,0.001229181282,0
matched_random,Random order (B = 6),72,18,0.3027556379,0.04553157304,0.3848170508,0.0578728303,6,12,216,19,235,0.001630655136,0
matched_random,Random order (B = 6),72,19,0.08031394499,0.04553157304,0.1020829064,0.0578728303,6,12,228,20,248,0.0005331223212,0
matched_random,Random order (B = 6),72,20,0.05944669873,0.04553157304,0.0755596277,0.0578728303,6,12,240,21,261,0.001280177338,0
matched_sign_order,Sign order (B = 6),72,0,0.7867521392,0.7867521392,1,1,0,0,0,1,1,,0
matched_sign_order,Sign order (B = 6),72,1,0.5987270228,0.5987270228,0.7610109881,0.7610109881,6,12,12,2,14,3.816904695e-05,0
matched_sign_order,Sign order (B = 6),72,2,0.2939072137,0.2939072137,0.3735702759,0.3735702759,6,12,24,3,27,2.255791632e-05,0
matched_sign_order,Sign order (B = 6),72,3,0.07882658417,0.07882658417,0.1001923989,0.1001923989,6,12,36,4,40,0.000570956911,0
matched_sign_order,Sign order (B = 6),72,4,0.2334673001,0.07882658417,0.296748224,0.1001923989,6,12,48,5,53,0.001535552297,0
matched_sign_order,Sign order (B = 6),72,5,0.0797679236,0.07882658417,0.1013888868,0.1001923989,6,12,60,6,66,0.0008239670436,0
matched_sign_order,Sign order (B = 6),72,6,0.2326428381,0.07882658417,0.295700293,0.1001923989,6,12,72,7,79,0.001530128371,0
matched_sign_order,Sign order (B = 6),72,7,0.08070794681,0.07882658417,0.1025837018,0.1001923989,6,12,84,8,92,0.0008277864857,0
matched_sign_order,Sign order (B = 6),72,8,0.2357670995,0.07882658417,0.2996713803,0.1001923989,6,12,96,9,105,0.001495320149,0
matched_sign_order,Sign order (B = 6),72,9,0.05633538042,0.05633538042,0.07160499173,0.07160499173,6,12,108,10,118,0.000747775627,0
matched_sign_order,Sign order (B = 6),72,10,0.3054729839,0.05633538042,0.3882709289,0.07160499173,6,12,120,11,131,0.001651782226,0
matched_sign_order,Sign order (B = 6),72,11,0.0878947741,0.05633538042,0.1117185067,0.07160499173,6,12,132,12,144,0.0005327261754,0
matched_sign_order,Sign order (B = 6),72,12,0.2267090498,0.05633538042,0.2881581613,0.07160499173,6,12,144,13,157,0.001455165657,0
matched_sign_order,Sign order (B = 6),72,13,0.05215212384,0.05215212384,0.0662878704,0.0662878704,6,12,156,14,170,0.0008498170892,0
matched_sign_order,Sign order (B = 6),72,14,0.3154668974,0.05215212384,0.4009736761,0.0662878704,6,12,168,15,183,0.001603024608,0
matched_sign_order,Sign order (B = 6),72,15,0.1019115836,0.05215212384,0.1295345491,0.0662878704,6,12,180,16,196,0.000446527075,0
matched_sign_order,Sign order (B = 6),72,16,0.209547957,0.05215212384,0.2663455828,0.0662878704,6,12,192,17,209,0.001380315333,0
matched_sign_order,Sign order (B = 6),72,17,0.05190137417,0.05190137417,0.06596915545,0.06596915545,6,12,204,18,222,0.0008937135809,0
matched_sign_order,Sign order (B = 6),72,18,0.2875837686,0.05190137417,0.3655328715,0.06596915545,6,12,216,19,235,0.001634299062,0
matched_sign_order,Sign order (B = 6),72,19,0.0794218875,0.05190137417,0.1009490582,0.06596915545,6,12,228,20,248,0.0005749382508,0
matched_sign_order,Sign order (B = 6),72,20,0.2450291819,0.05190137417,0.3114439347,0.06596915545,6,12,240,21,261,0.001485512576,0
matched_snr_order,SNR order (B = 6),72,0,0.7867521392,0.7867521392,1,1,0,0,0,1,1,,0
matched_snr_order,SNR order (B = 6),72,1,0.5984449498,0.5984449498,0.7606524596,0.7606524596,6,12,12,2,14,3.924588846e-05,0
matched_snr_order,SNR order (B = 6),72,2,0.2959495634,0.2959495634,0.3761662011,0.3761662011,6,12,24,3,27,2.246708727e-05,0
matched_snr_order,SNR order (B = 6),72,3,0.08643706018,0.08643706018,0.1098656818,0.1098656818,6,12,36,4,40,0.0005064511513,0
matched_snr_order,SNR order (B = 6),72,4,0.2240040983,0.08643706018,0.2847200372,0.1098656818,6,12,48,5,53,0.001495695114,0
matched_snr_order,SNR order (B = 6),72,5,0.05338012904,0.05338012904,0.06784872437,0.06784872437,6,12,60,6,66,0.000791005256,0
matched_snr_order,SNR order (B = 6),72,6,0.3093349902,0.05338012904,0.3931797256,0.06784872437,6,12,72,7,79,0.001636284686,0
matched_snr_order,SNR order (B = 6),72,7,0.09597490193,0.05338012904,0.1219887397,0.06784872437,6,12,84,8,92,0.000466396867,0
matched_snr_order,SNR order (B = 6),72,8,0.215821585,0.05338012904,0.2743196672,0.06784872437,6,12,96,9,105,0.001419466383,0
matched_snr_order,SNR order (B = 6),72,9,0.05297498689,0.05297498689,0.06733376911,0.06733376911,6,12,108,10,118,0.0008290507586,0
matched_snr_order,SNR order (B = 6),72,10,0.3171840473,0.05297498689,0.4031562566,0.06733376911,6,12,120,11,131,0.001638462345,0
matched_snr_order,SNR order (B = 6),72,11,0.1033826374,0.05297498689,0.1314043295,0.06733376911,6,12,132,12,144,0.0004431969275,0
matched_snr_order,SNR order (B = 6),72,12,0.207956356,0.05297498689,0.2643225809,0.06733376911,6,12,144,13,157,0.001381168515,0
matched_snr_order,SNR order (B = 6),72,13,0.05326990306,0.05297498689,0.06770862182,0.06733376911,6,12,156,14,170,0.0008665432515,0
matched_snr_order,SNR order (B = 6),72,14,0.3206694129,0.05297498689,0.4075863248,0.06733376911,6,12,168,15,183,0.001635283285,0
matched_snr_order,SNR order (B = 6),72,15,0.1200692211,0.05297498689,0.1526137841,0.06733376911,6,12,180,16,196,6.910100354e-05,0
matched_snr_order,SNR order (B = 6),72,16,0.1885148965,0.05297498689,0.2396115461,0.06733376911,6,12,192,17,209,0.001298600433,0
matched_snr_order,SNR order (B = 6),72,17,0.05345282034,0.05297498689,0.06794111853,0.06733376911,6,12,204,18,222,0.000948924326,0
matched_snr_order,SNR order (B = 6),72,18,0.2131043228,0.05297498689,0.2708658956,0.06733376911,6,12,216,19,235,0.001620258772,0
matched_snr_order,SNR order (B = 6),72,19,0.06636194173,0.05297498689,0.08434923584,0.06733376911,6,12,228,20,248,0.0007655948252,0
matched_snr_order,SNR order (B = 6),72,20,0.2775616424,0.05297498689,0.3527942646,0.06733376911,6,12,240,21,261,0.001555874349,0
matched_magnitude_order,Magnitude order (B = 6),72,0,0.7867521392,0.7867521392,1,1,0,0,0,1,1,,0
matched_magnitude_order,Magnitude order (B = 6),72,1,0.5984449498,0.5984449498,0.7606524596,0.7606524596,6,12,12,2,14,3.924588846e-05,0
matched_magnitude_order,Magnitude order (B = 6),72,2,0.3011123087,0.3011123087,0.3827282999,0.3827282999,6,12,24,3,27,2.217256296e-05,0
matched_magnitude_order,Magnitude order (B = 6),72,3,0.08930435547,0.08930435547,0.1135101527,0.1135101527,6,12,36,4,40,0.000490659386,0
matched_magnitude_order,Magnitude order (B = 6),72,4,0.2142308191,0.08930435547,0.2722977269,0.1135101527,6,12,48,5,53,0.001415319799,0
matched_magnitude_order,Magnitude order (B = 6),72,5,0.05095090454,0.05095090454,0.0647610626,0.0647610626,6,12,60,6,66,0.0008237378201,0
matched_magnitude_order,Magnitude order (B = 6),72,6,0.3085640629,0.05095090454,0.3921998398,0.0647610626,6,12,72,7,79,0.001596879476,0
matched_magnitude_order,Magnitude order (B = 6),72,7,0.09588437172,0.05095090454,0.1218736714,0.0647610626,6,12,84,8,92,0.0004671899858,0
matched_magnitude_order,Magnitude order (B = 6),72,8,0.2067410329,0.05095090454,0.2627778465,0.0647610626,6,12,96,9,105,0.001377323651,0
matched_magnitude_order,Magnitude order (B = 6),72,9,0.05148743549,0.05095090454,0.06544301937,0.0647610626,6,12,108,10,118,0.0008603945697,0
matched_magnitude_order,Magnitude order (B = 6),72,10,0.3107196304,0.05095090454,0.3949396702,0.0647610626,6,12,120,11,131,0.00159345662,0
matched_magnitude_order,Magnitude order (B = 6),72,11,0.110857502,0.05095090454,0.1409052439,0.0647610626,6,12,132,12,144,7.361167867e-05,0
matched_magnitude_order,Magnitude order (B = 6),72,12,0.1907822771,0.05095090454,0.2424934965,0.0647610626,6,12,144,13,157,0.001266672872,0
matched_magnitude_order,Magnitude order (B = 6),72,13,0.05258402762,0.05095090454,0.06683684098,0.0647610626,6,12,156,14,170,0.0001379025781,0
matched_magnitude_order,Magnitude order (B = 6),72,14,0.3056804497,0.05095090454,0.388534628,0.0647610626,6,12,168,15,183,0.001580198323,0
matched_magnitude_order,Magnitude order (B = 6),72,15,0.1098720589,0.05095090454,0.139652698,0.0647610626,6,12,180,16,196,7.576729365e-05,0
matched_magnitude_order,Magnitude order (B = 6),72,16,0.193431089,0.05095090454,0.2458602645,0.0647610626,6,12,192,17,209,0.001262244802,0
matched_magnitude_order,Magnitude order (B = 6),72,17,0.05465360575,0.05095090454,0.06946737483,0.0647610626,6,12,204,18,222,0.0001362855003,0
matched_magnitude_order,Magnitude order (B = 6),72,18,0.2992315044,0.05095090454,0.3803377067,0.0647610626,6,12,216,19,235,0.001562200369,0
matched_magnitude_order,Magnitude order (B = 6),72,19,0.1086433455,0.05095090454,0.1380909439,0.0647610626,6,12,228,20,248,7.857486977e-05,0
matched_magnitude_order,Magnitude order (B = 6),72,20,0.19690513,0.05095090454,0.2502759385,0.0647610626,6,12,240,21,261,0.001257004371,0
calibrated_snr,Calibrated SNR (variable),72,0,0.7867521392,0.7867521392,1,1,0,0,0,1,1,,0
calibrated_snr,Calibrated SNR (variable),72,1,0.59869223,0.59869223,0.7609667647,0.7609667647,7,14,14,2,16,3.794168971e-05,0
calibrated_snr,Calibrated SNR (variable),72,2,0.307234133,0.307234133,0.3905094345,0.3905094345,10,20,34,3,37,0.0001089304816,0
calibrated_snr,Calibrated SNR (variable),72,3,0.05453976974,0.05453976974,0.06932268376,0.06932268376,11,22,56,4,60,0.0005177796615,0
calibrated_snr,Calibrated SNR (variable),72,4,0.3071039938,0.05453976974,0.3903440213,0.06932268376,11,22,78,5,83,0.001560924231,0
calibrated_snr,Calibrated SNR (variable),72,5,0.05449898317,0.05449898317,0.06927084205,0.06927084205,11,22,100,6,106,0.0005180760906,0
calibrated_snr,Calibrated SNR (variable),72,6,0.3069734024,0.05449898317,0.3901780334,0.06927084205,11,22,122,7,129,0.001560798671,0
calibrated_snr,Calibrated SNR (variable),72,7,0.05445800341,0.05445800341,0.06921875479,0.06921875479,11,22,144,8,152,0.0005183717843,0
calibrated_snr,Calibrated SNR (variable),72,8,0.306842336,0.05445800341,0.3900114417,0.06921875479,11,22,166,9,175,0.001560668213,0
calibrated_snr,Calibrated SNR (variable),72,9,0.05441682318,0.05441682318,0.06916641274,0.06916641274,11,22,188,10,198,0.0005186667892,0
calibrated_snr,Calibrated SNR (variable),72,10,0.3067107718,0.05441682318,0.3898442171,0.06916641274,11,22,210,11,221,0.001560532838,0
calibrated_snr,Calibrated SNR (variable),72,11,0.05437543521,0.05437543521,0.06911380662,0.06911380662,11,22,232,12,244,0.0005189611517,0
calibrated_snr,Calibrated SNR (variable),72,12,0.306578687,0.05437543521,0.389676331,0.06911380662,11,22,254,13,267,0.001560392524,0
calibrated_snr,Calibrated SNR (variable),72,13,0.05433383221,0.05433383221,0.0690609272,0.0690609272,11,22,276,14,290,0.0005192549171,0
calibrated_snr,Calibrated SNR (variable),72,14,0.3064460591,0.05433383221,0.3895077545,0.0690609272,11,22,298,15,313,0.001560247252,0
calibrated_snr,Calibrated SNR (variable),72,15,0.05429200689,0.05429200689,0.0690077652,0.0690077652,11,22,320,16,336,0.0005195481301,0
calibrated_snr,Calibrated SNR (variable),72,16,0.3063128655,0.05429200689,0.3893384591,0.0690077652,11,22,342,17,359,0.001560096998,0
calibrated_snr,Calibrated SNR (variable),72,17,0.05424995198,0.05424995198,0.06895431137,0.06895431137,11,22,364,18,382,0.0005198408348,0
calibrated_snr,Calibrated SNR (variable),72,18,0.306179084,0.05424995198,0.3891684163,0.06895431137,11,22,386,19,405,0.001559941739,0
calibrated_snr,Calibrated SNR (variable),72,19,0.05420766016,0.05420766016,0.06890055643,0.06890055643,11,22,408,20,428,0.0005201330747,0
calibrated_snr,Calibrated SNR (variable),72,20,0.3060446922,0.05420766016,0.3889975977,0.06890055643,11,22,430,21,451,0.001559781453,0
calibrated_magnitude,Calibrated magnitude (variable),72,0,0.7867521392,0.7867521392,1,1,0,0,0,1,1,,0
calibrated_magnitude,Calibrated magnitude (variable),72,1,0.5958408748,0.5958408748,0.7573425544,0.7573425544,8,16,16,2,18,3.758962064e-05,0
calibrated_magnitude,Calibrated magnitude (variable),72,2,0.3019258097,0.3019258097,0.383762299,0.383762299,9,18,34,3,37,9.557242519e-05,0
calibrated_magnitude,Calibrated magnitude (variable),72,3,0.05193985983,0.05193985983,0.06601807259,0.06601807259,9,18,52,4,56,0.0005289728819,0
calibrated_magnitude,Calibrated magnitude (variable),72,4,0.3175215844,0.05193985983,0.4035852825,0.06601807259,10,20,72,5,77,0.00159669236,0
calibrated_magnitude,Calibrated magnitude (variable),72,5,0.04894761091,0.04894761091,0.06221477956,0.06221477956,9,18,90,6,96,0.0004796820027,0
calibrated_magnitude,Calibrated magnitude (variable),72,6,0.3292178685,0.04894761091,0.418451825,0.06221477956,10,20,110,7,117,0.001608099535,0
calibrated_magnitude,Calibrated magnitude (variable),72,7,0.04775162165,0.04775162165,0.0606946194,0.0606946194,9,18,128,8,136,0.0004437327945,0
calibrated_magnitude,Calibrated magnitude (variable),72,8,0.329894128,0.04775162165,0.4193113836,0.0606946194,10,20,148,9,157,0.001607534748,0
calibrated_magnitude,Calibrated magnitude (variable),72,9,0.04846528911,0.04775162165,0.06160172524,0.0606946194,9,18,166,10,176,0.0004410618916,0
calibrated_magnitude,Calibrated magnitude (variable),72,10,0.3274879938,0.04775162165,0.4162530707,0.0606946194,10,20,186,11,197,0.001600073834,0
calibrated_magnitude,Calibrated magnitude (variable),72,11,0.04965372136,0.04775162165,0.06311228008,0.0606946194,9,18,204,12,216,0.0004474837006,0
calibrated_magnitude,Calibrated magnitude (variable),72,12,0.3274279985,0.04775162165,0.4161768137,0.0606946194,10,20,224,13,237,0.001591991412,0
calibrated_magnitude,Calibrated magnitude (variable),72,13,0.05061356253,0.04775162165,0.06433228461,0.0606946194,9,18,242,14,256,0.0004469071879,0
calibrated_magnitude,Calibrated magnitude (variable),72,14,0.3255168582,0.04775162165,0.413747662,0.0606946194,10,20,262,15,277,0.001583381417,0
calibrated_magnitude,Calibrated magnitude (variable),72,15,0.05190502405,0.04775162165,0.06597379462,0.0606946194,9,18,280,16,296,0.0004517570649,0
calibrated_magnitude,Calibrated magnitude (variable),72,16,0.3249258523,0.04775162165,0.412996465,0.0606946194,10,20,300,17,317,0.001574103381,0
calibrated_magnitude,Calibrated magnitude (variable),72,17,0.05310079857,0.04775162165,0.06749368184,0.0606946194,9,18,318,18,336,0.0004526586822,0
calibrated_magnitude,Calibrated magnitude (variable),72,18,0.3233356381,0.04775162165,0.4109752259,0.0606946194,10,20,338,19,357,0.001564314593,0
calibrated_magnitude,Calibrated magnitude (variable),72,19,0.05631633247,0.04775162165,0.07158078086,0.0606946194,10,20,358,20,378,0.0004715816955,0
calibrated_magnitude,Calibrated magnitude (variable),72,20,0.3214823306,0.04775162165,0.4086195824,0.0606946194,10,20,378,21,399,0.001550095501,0
calibrated_sign_abstain,Sign: abstain (complete FD),72,0,0.7867521392,0.7867521392,1,1,0,0,0,1,1,,0
calibrated_sign_abstain,Sign: abstain (complete FD),72,1,0.5943550517,0.5943550517,0.7554540015,0.7554540015,11,22,22,2,24,0.0001984677205,0
calibrated_sign_abstain,Sign: abstain (complete FD),72,2,0.2070381671,0.2070381671,0.2631555184,0.2631555184,11,22,44,3,47,0.0001064270598,0
calibrated_sign_abstain,Sign: abstain (complete FD),72,3,0.1076454397,0.1076454397,0.1368225573,0.1368225573,11,22,66,4,70,0.0008685497391,0
calibrated_sign_abstain,Sign: abstain (complete FD),72,4,0.2069898677,0.1076454397,0.2630941276,0.1368225573,11,22,88,5,93,0.001300606693,0
calibrated_sign_abstain,Sign: abstain (complete FD),72,5,0.1076100338,0.1076100338,0.1367775548,0.1367775548,11,22,110,6,116,0.0008685937172,0
calibrated_sign_abstain,Sign: abstain (complete FD),72,6,0.2069412209,0.1076100338,0.2630322951,0.1367775548,11,22,132,7,139,0.001300555072,0
calibrated_sign_abstain,Sign: abstain (complete FD),72,7,0.1075743732,0.1075743732,0.1367322284,0.1367322284,11,22,154,8,162,0.0008686373224,0
calibrated_sign_abstain,Sign: abstain (complete FD),72,8,0.2068922229,0.1075743732,0.2629700163,0.1367322284,11,22,176,9,185,0.00130050221,0
calibrated_sign_abstain,Sign: abstain (complete FD),72,9,0.1075384549,0.1075384549,0.1366865746,0.1366865746,11,22,198,10,208,0.0008686805531,0
calibrated_sign_abstain,Sign: abstain (complete FD),72,10,0.2068428702,0.1075384549,0.2629072866,0.1366865746,11,22,220,11,231,0.001300448097,0
calibrated_sign_abstain,Sign: abstain (complete FD),72,11,0.1075022764,0.1075022764,0.1366405899,0.1366405899,11,22,242,12,254,0.0008687234078,0
calibrated_sign_abstain,Sign: abstain (complete FD),72,12,0.206793159,0.1075022764,0.2628441014,0.1366405899,11,22,264,13,277,0.001300392726,0
calibrated_sign_abstain,Sign: abstain (complete FD),72,13,0.1074658349,0.1074658349,0.136594271,0.136594271,11,22,286,14,300,0.0008687658848,0
calibrated_sign_abstain,Sign: abstain (complete FD),72,14,0.2067430857,0.1074658349,0.2627804557,0.136594271,11,22,308,15,323,0.001300336086,0
calibrated_sign_abstain,Sign: abstain (complete FD),72,15,0.1074291275,0.1074291275,0.1365476141,0.1365476141,11,22,330,16,346,0.0008688079823,0
calibrated_sign_abstain,Sign: abstain (complete FD),72,16,0.2066926465,0.1074291275,0.2627163451,0.1365476141,11,22,352,17,369,0.001300278169,0
calibrated_sign_abstain,Sign: abstain (complete FD),72,17,0.1073921515,0.1073921515,0.1365006159,0.1365006159,11,22,374,18,392,0.0008688496988,0
calibrated_sign_abstain,Sign: abstain (complete FD),72,18,0.2066418376,0.1073921515,0.2626517646,0.1365006159,11,22,396,19,415,0.001300218964,0
calibrated_sign_abstain,Sign: abstain (complete FD),72,19,0.1073549041,0.1073549041,0.1364532726,0.1364532726,11,22,418,20,438,0.0008688910323,0
calibrated_sign_abstain,Sign: abstain (complete FD),72,20,0.2065906553,0.1073549041,0.2625867094,0.1364532726,11,22,440,21,461,0.001300158464,0
all_autodiff,All autodiff,41,0,0.8460660965,0.8460660965,1,1,0,0,0,1,1,,0
all_autodiff,All autodiff,41,1,0.7313720858,0.7313720858,0.8644384745,0.8644384745,0,0,0,2,2,,0
all_autodiff,All autodiff,41,2,0.4808125154,0.4808125154,0.568291907,0.568291907,0,0,0,3,3,,0
all_autodiff,All autodiff,41,3,0.1013474877,0.1013474877,0.119786726,0.119786726,0,0,0,4,4,,0
all_autodiff,All autodiff,41,4,0.1024595033,0.1013474877,0.1211010626,0.119786726,0,0,0,5,5,,0
all_autodiff,All autodiff,41,5,0.106713347,0.1013474877,0.1261288538,0.119786726,0,0,0,6,6,,0
all_autodiff,All autodiff,41,6,0.1015283361,0.1013474877,0.1200004781,0.119786726,0,0,0,7,7,,0
all_autodiff,All autodiff,41,7,0.1001017765,0.1001017765,0.1183143692,0.1183143692,0,0,0,8,8,,0
all_autodiff,All autodiff,41,8,0.09603195909,0.09603195909,0.1135040861,0.1135040861,0,0,0,9,9,,0
all_autodiff,All autodiff,41,9,0.09295196253,0.09295196253,0.1098637127,0.1098637127,0,0,0,10,10,,0
all_autodiff,All autodiff,41,10,0.0892408398,0.0892408398,0.1054773855,0.1054773855,0,0,0,11,11,,0
all_autodiff,All autodiff,41,11,0.08615368596,0.08615368596,0.1018285525,0.1018285525,0,0,0,12,12,,0
all_autodiff,All autodiff,41,12,0.08335618634,0.08335618634,0.09852207373,0.09852207373,0,0,0,13,13,,0
all_autodiff,All autodiff,41,13,0.08143573872,0.08143573872,0.09625221842,0.09625221842,0,0,0,14,14,,0
all_autodiff,All autodiff,41,14,0.08045418123,0.08045418123,0.09509207562,0.09509207562,0,0,0,15,15,,0
all_autodiff,All autodiff,41,15,0.08079292788,0.08045418123,0.09549245409,0.09509207562,0,0,0,16,16,,0
all_autodiff,All autodiff,41,16,0.08265394732,0.08045418123,0.09769206881,0.09509207562,0,0,0,17,17,,0
all_autodiff,All autodiff,41,17,0.08635109135,0.08045418123,0.102061874,0.09509207562,0,0,0,18,18,,0
all_autodiff,All autodiff,41,18,0.09213189937,0.08045418123,0.1088944466,0.09509207562,0,0,0,19,19,,0
all_autodiff,All autodiff,41,19,0.1002668683,0.08045418123,0.1185094979,0.09509207562,0,0,0,20,20,,0
all_autodiff,All autodiff,41,20,0.1109797921,0.08045418123,0.1311715391,0.09509207562,0,0,0,21,21,,0
complete_fd,Complete central FD,41,0,0.8460660965,0.8460660965,1,1,0,0,0,1,1,,0
complete_fd,Complete central FD,41,1,0.7284829975,0.7284829975,0.8610237433,0.8610237433,11,22,22,2,24,0.0001808002289,0
complete_fd,Complete central FD,41,2,0.4631853886,0.4631853886,0.5474576874,0.5474576874,11,22,44,3,47,0.000203032023,0
complete_fd,Complete central FD,41,3,0.06976851473,0.06976851473,0.0824622509,0.0824622509,11,22,66,4,70,9.814419583e-05,0
complete_fd,Complete central FD,41,4,0.2507531558,0.06976851473,0.2963753741,0.0824622509,11,22,88,5,93,0.001423921018,0
complete_fd,Complete central FD,41,5,0.06969384603,0.06969384603,0.08237399692,0.08237399692,11,22,110,6,116,0.0006897586266,0
complete_fd,Complete central FD,41,6,0.2506046229,0.06969384603,0.296199817,0.08237399692,11,22,132,7,139,0.001423777957,0
complete_fd,Complete central FD,41,7,0.06961872842,0.06961872842,0.08228521236,0.08228521236,11,22,154,8,162,0.0006899425467,0
complete_fd,Complete central FD,41,8,0.2504552716,0.06961872842,0.2960232925,0.08228521236,11,22,176,9,185,0.001423631577,0
complete_fd,Complete central FD,41,9,0.06954315748,0.06954315748,0.08219589198,0.08219589198,11,22,198,10,208,0.0006901263701,0
complete_fd,Complete central FD,41,10,0.2503050935,0.06954315748,0.2958457909,0.08219589198,11,22,220,11,231,0.001423481867,0
complete_fd,Complete central FD,41,11,0.06946712875,0.06946712875,0.08210603053,0.08210603053,11,22,242,12,254,0.0006903101013,0
complete_fd,Complete central FD,41,12,0.2501540807,0.06946712875,0.2956673027,0.08210603053,11,22,264,13,277,0.001423328815,0
complete_fd,Complete central FD,41,13,0.06939063781,0.06939063781,0.08201562277,0.08201562277,11,22,286,14,300,0.0006904937449,0
complete_fd,Complete central FD,41,14,0.250002225,0.06939063781,0.2954878183,0.08201562277,11,22,308,15,323,0.001423172411,0
complete_fd,Complete central FD,41,15,0.0693136802,0.0693136802,0.08192466343,0.08192466343,11,22,330,16,346,0.0006906773053,0
complete_fd,Complete central FD,41,16,0.2498495182,0.0693136802,0.2953073279,0.08192466343,11,22,352,17,369,0.001423012642,0
complete_fd,Complete central FD,41,17,0.06923625147,0.06923625147,0.08183314727,0.08183314727,11,22,374,18,392,0.0006908607868,0
complete_fd,Complete central FD,41,18,0.2496959522,0.06923625147,0.295125822,0.08183314727,11,22,396,19,415,0.001422849497,0
complete_fd,Complete central FD,41,19,0.06915834719,0.06915834719,0.08174106902,0.08174106902,11,22,418,20,438,0.0006910441936,0
complete_fd,Complete central FD,41,20,0.2495415189,0.06915834719,0.294943291,0.08174106902,11,22,440,21,461,0.001422682965,0
matched_random,Random order (B = 6),41,0,0.8460660965,0.8460660965,1,1,0,0,0,1,1,,0
matched_random,Random order (B = 6),41,1,0.7316239683,0.7316239683,0.8647361847,0.8647361847,6,12,12,2,14,0.0001886670955,0
matched_random,Random order (B = 6),41,2,0.480565035,0.480565035,0.5679993998,0.5679993998,6,12,24,3,27,0.0002188513897,0
matched_random,Random order (B = 6),41,3,0.1577358616,0.1577358616,0.1864344431,0.1864344431,6,12,36,4,40,5.551287473e-05,0
matched_random,Random order (B = 6),41,4,0.03713375428,0.03713375428,0.04388989753,0.04388989753,6,12,48,5,53,0.001047447525,0
matched_random,Random order (B = 6),41,5,0.2133642425,0.03713375428,0.2521838936,0.04388989753,6,12,60,6,66,0.001726581047,0
matched_random,Random order (B = 6),41,6,0.06412269213,0.03713375428,0.07578922308,0.04388989753,6,12,72,7,79,0.0007528958373,0
matched_random,Random order (B = 6),41,7,0.03787360231,0.03713375428,0.04476435407,0.04388989753,6,12,84,8,92,0.001435026736,0
matched_random,Random order (B = 6),41,8,0.2717083,0.03713375428,0.3211431129,0.04388989753,6,12,96,9,105,0.00165803476,0
matched_random,Random order (B = 6),41,9,0.04681288599,0.03713375428,0.05533005776,0.04388989753,6,12,108,10,118,9.697820991e-05,0
matched_random,Random order (B = 6),41,10,0.138483305,0.03713375428,0.1636790619,0.04388989753,6,12,120,11,131,0.001498012105,0
matched_random,Random order (B = 6),41,11,0.1139164852,0.03713375428,0.1346425364,0.04388989753,6,12,132,12,144,0.001143605123,0
matched_random,Random order (B = 6),41,12,0.04381103884,0.03713375428,0.05178205227,0.04388989753,6,12,144,13,157,0.001065555802,0
matched_random,Random order (B = 6),41,13,0.03603694975,0.03603694975,0.04259353955,0.04259353955,6,12,156,14,170,0.001419203552,0
matched_random,Random order (B = 6),41,14,0.2873559179,0.03603694975,0.3396376702,0.04259353955,6,12,168,15,183,0.001608454714,0
matched_random,Random order (B = 6),41,15,0.09570769912,0.03603694975,0.1131208301,0.04259353955,6,12,180,16,196,0.0004833151758,0
matched_random,Random order (B = 6),41,16,0.1537457708,0.03603694975,0.1817183923,0.04259353955,6,12,192,17,209,0.001263924236,0
matched_random,Random order (B = 6),41,17,0.1065884071,0.03603694975,0.1259811822,0.04259353955,6,12,204,18,222,0.0009980145282,0
matched_random,Random order (B = 6),41,18,0.03283601538,0.03283601538,0.03881022477,0.03881022477,6,12,216,19,235,0.001309964705,0
matched_random,Random order (B = 6),41,19,0.0490800814,0.03283601538,0.05800974841,0.03881022477,6,12,228,20,248,0.001630272625,0
matched_random,Random order (B = 6),41,20,0.2592246981,0.03283601538,0.3063882351,0.03881022477,6,12,240,21,261,0.001544126258,0
matched_sign_order,Sign order (B = 6),41,0,0.8460660965,0.8460660965,1,1,0,0,0,1,1,,0
matched_sign_order,Sign order (B = 6),41,1,0.7316717411,0.7316717411,0.8647926494,0.8647926494,6,12,12,2,14,0.0001875165374,0
matched_sign_order,Sign order (B = 6),41,2,0.4818043176,0.4818043176,0.5694641583,0.5694641583,6,12,24,3,27,0.0002101587447,0
matched_sign_order,Sign order (B = 6),41,3,0.1619125731,0.1619125731,0.1913710687,0.1913710687,6,12,36,4,40,5.304853397e-05,0
matched_sign_order,Sign order (B = 6),41,4,0.0400537017,0.0400537017,0.04734110238,0.04734110238,6,12,48,5,53,0.001055609913,0
matched_sign_order,Sign order (B = 6),41,5,0.2363941541,0.0400537017,0.2794038847,0.04734110238,6,12,60,6,66,0.001579371869,0
matched_sign_order,Sign order (B = 6),41,6,0.06177724538,0.0400537017,0.07301704399,0.04734110238,6,12,72,7,79,0.0007117990037,0
matched_sign_order,Sign order (B = 6),41,7,0.194262971,0.0400537017,0.2296073224,0.04734110238,6,12,84,8,92,0.001349604872,0
matched_sign_order,Sign order (B = 6),41,8,0.03168667708,0.03168667708,0.037451775,0.037451775,6,12,96,9,105,0.0008075188099,0
matched_sign_order,Sign order (B = 6),41,9,0.07607052556,0.03168667708,0.08991085433,0.037451775,6,12,108,10,118,0.0006848085818,0
matched_sign_order,Sign order (B = 6),41,10,0.1646801229,0.03168667708,0.1946421486,0.037451775,6,12,120,11,131,0.001233603451,0
matched_sign_order,Sign order (B = 6),41,11,0.029438041,0.029438041,0.03479402037,0.03479402037,6,12,132,12,144,0.0009288975277,0
matched_sign_order,Sign order (B = 6),41,12,0.2070763945,0.029438041,0.2447520298,0.03479402037,6,12,144,13,157,0.001552149284,0
matched_sign_order,Sign order (B = 6),41,13,0.02368525885,0.02368525885,0.02799457271,0.02799457271,6,12,156,14,170,0.0007128964565,0
matched_sign_order,Sign order (B = 6),41,14,0.2472850904,0.02368525885,0.2922763262,0.02799457271,6,12,168,15,183,0.001465510742,0
matched_sign_order,Sign order (B = 6),41,15,0.03614925933,0.02368525885,0.04272628283,0.02799457271,6,12,180,16,196,0.0006496342532,0
matched_sign_order,Sign order (B = 6),41,16,0.1556782319,0.02368525885,0.1840024468,0.02799457271,6,12,192,17,209,0.001337200083,0
matched_sign_order,Sign order (B = 6),41,17,0.08327008495,0.02368525885,0.09842030699,0.02799457271,6,12,204,18,222,0.001011626359,0
matched_sign_order,Sign order (B = 6),41,18,0.1615811375,0.02368525885,0.1909793315,0.02799457271,6,12,216,19,235,0.001222491542,0
matched_sign_order,Sign order (B = 6),41,19,0.08166890674,0.02368525885,0.09652780921,0.02799457271,6,12,228,20,248,0.0009868313789,0
matched_sign_order,Sign order (B = 6),41,20,0.1653969162,0.02368525885,0.1954893558,0.02799457271,6,12,240,21,261,0.001236916531,0
matched_snr_order,SNR order (B = 6),41,0,0.8460660965,0.8460660965,1,1,0,0,0,1,1,,0
matched_snr_order,SNR order (B = 6),41,1,0.7299790191,0.7299790191,0.8627919522,0.8627919522,6,12,12,2,14,0.0001738734644,0
matched_snr_order,SNR order (B = 6),41,2,0.4736706769,0.4736706769,0.559850677,0.559850677,6,12,24,3,27,0.0001952574005,0
matched_snr_order,SNR order (B = 6),41,3,0.1482697205,0.1482697205,0.1752460253,0.1752460253,6,12,36,4,40,7.440156803e-05,0
matched_snr_order,SNR order (B = 6),41,4,0.1303103669,0.1303103669,0.1540191333,0.1540191333,6,12,48,5,53,0.001112219773,0
matched_snr_order,SNR order (B = 6),41,5,0.1438674317,0.1303103669,0.1700427807,0.1540191333,6,12,60,6,66,0.001188956774,0
matched_snr_order,SNR order (B = 6),41,6,0.1352750118,0.1303103669,0.1598870494,0.1540191333,6,12,72,7,79,0.001135513868,0
matched_snr_order,SNR order (B = 6),41,7,0.1396776326,0.1303103669,0.1650906864,0.1540191333,6,12,84,8,92,0.001169340399,0
matched_snr_order,SNR order (B = 6),41,8,0.1401497896,0.1303103669,0.165648748,0.1540191333,6,12,96,9,105,0.001158039449,0
matched_snr_order,SNR order (B = 6),41,9,0.146912094,0.1303103669,0.1736413912,0.1540191333,6,12,108,10,118,0.001177222893,0
matched_snr_order,SNR order (B = 6),41,10,0.133683871,0.1303103669,0.1580064152,0.1540191333,6,12,120,11,131,0.001130033047,0
matched_snr_order,SNR order (B = 6),41,11,0.1543787431,0.1303103669,0.182466528,0.1540191333,6,12,132,12,144,0.001208840346,0
matched_snr_order,SNR order (B = 6),41,12,0.1272769804,0.1272769804,0.1504338502,0.1504338502,6,12,144,13,157,0.001101077212,0
matched_snr_order,SNR order (B = 6),41,13,0.162041471,0.1272769804,0.1915234184,0.1504338502,6,12,156,14,170,0.00124051743,0
matched_snr_order,SNR order (B = 6),41,14,0.1209697829,0.1209697829,0.1429791165,0.1429791165,6,12,168,15,183,0.00107136072,0
matched_snr_order,SNR order (B = 6),41,15,0.1698607363,0.1209697829,0.2007653267,0.1429791165,6,12,180,16,196,0.001272045025,0
matched_snr_order,SNR order (B = 6),41,16,0.114801404,0.114801404,0.135688458,0.135688458,6,12,192,17,209,0.001041083511,0
matched_snr_order,SNR order (B = 6),41,17,0.1777938689,0.114801404,0.2101418194,0.135688458,6,12,204,18,222,0.001303212325,0
matched_snr_order,SNR order (B = 6),41,18,0.1088089414,0.1088089414,0.1286057223,0.1286057223,6,12,216,19,235,0.001010453863,0
matched_snr_order,SNR order (B = 6),41,19,0.1857953609,0.1088089414,0.2195991089,0.1286057223,6,12,228,20,248,0.001333810046,0
matched_snr_order,SNR order (B = 6),41,20,0.1030270073,0.1030270073,0.1217718187,0.1217718187,6,12,240,21,261,0.0009796857093,0
matched_magnitude_order,Magnitude order (B = 6),41,0,0.8460660965,0.8460660965,1,1,0,0,0,1,1,,0
matched_magnitude_order,Magnitude order (B = 6),41,1,0.7303721852,0.7303721852,0.8632566512,0.8632566512,6,12,12,2,14,3.392940987e-05,0
matched_magnitude_order,Magnitude order (B = 6),41,2,0.4756116534,0.4756116534,0.5621447962,0.5621447962,6,12,24,3,27,3.60219005e-05,0
matched_magnitude_order,Magnitude order (B = 6),41,3,0.1494403785,0.1494403785,0.1766296736,0.1766296736,6,12,36,4,40,7.060914833e-05,0
matched_magnitude_order,Magnitude order (B = 6),41,4,0.04142013714,0.04142013714,0.04895614812,0.04895614812,6,12,48,5,53,0.0009997690758,0
matched_magnitude_order,Magnitude order (B = 6),41,5,0.2490363041,0.04142013714,0.294346157,0.04895614812,6,12,60,6,66,0.001577809309,0
matched_magnitude_order,Magnitude order (B = 6),41,6,0.03878985715,0.03878985715,0.045847313,0.045847313,6,12,72,7,79,0.0006317762349,0
matched_magnitude_order,Magnitude order (B = 6),41,7,0.3008379759,0.03878985715,0.355572664,0.045847313,6,12,84,8,92,0.001532487539,0
matched_magnitude_order,Magnitude order (B = 6),41,8,0.03630117499,0.03630117499,0.04290583813,0.04290583813,6,12,96,9,105,0.0005217362793,0
matched_magnitude_order,Magnitude order (B = 6),41,9,0.3075293331,0.03630117499,0.3634814518,0.04290583813,6,12,108,10,118,0.001538012007,0
matched_magnitude_order,Magnitude order (B = 6),41,10,0.03447245704,0.03447245704,0.04074440186,0.04074440186,6,12,120,11,131,0.0004991475789,0
matched_magnitude_order,Magnitude order (B = 6),41,11,0.3095817734,0.03447245704,0.3659073147,0.04074440186,6,12,132,12,144,0.001537988471,0
matched_magnitude_order,Magnitude order (B = 6),41,12,0.03331387461,0.03331387461,0.03937502608,0.03937502608,6,12,144,13,157,0.0004908913116,0
matched_magnitude_order,Magnitude order (B = 6),41,13,0.3088738612,0.03331387461,0.3650706043,0.03937502608,6,12,156,14,170,0.001535706064,0
matched_magnitude_order,Magnitude order (B = 6),41,14,0.03248597882,0.03248597882,0.0383965023,0.0383965023,6,12,168,15,183,0.0004909821758,0
matched_magnitude_order,Magnitude order (B = 6),41,15,0.3082978197,0.03248597882,0.3643897575,0.0383965023,6,12,180,16,196,0.001533587898,0
matched_magnitude_order,Magnitude order (B = 6),41,16,0.03164916921,0.03164916921,0.03740744292,0.03740744292,6,12,192,17,209,0.0004905218242,0
matched_magnitude_order,Magnitude order (B = 6),41,17,0.3076479958,0.03164916921,0.363621704,0.03740744292,6,12,204,18,222,0.001530979321,0
matched_magnitude_order,Magnitude order (B = 6),41,18,0.03082523145,0.03082523145,0.0364335973,0.0364335973,6,12,216,19,235,0.0004901415706,0
matched_magnitude_order,Magnitude order (B = 6),41,19,0.3069655633,0.03082523145,0.3628151093,0.0364335973,6,12,228,20,248,0.001527955416,0
matched_magnitude_order,Magnitude order (B = 6),41,20,0.03000815566,0.03000815566,0.03546786212,0.03546786212,6,12,240,21,261,0.0004897164253,0
calibrated_snr,Calibrated SNR (variable),41,0,0.8460660965,0.8460660965,1,1,0,0,0,1,1,,0
calibrated_snr,Calibrated SNR (variable),41,1,0.7305285454,0.7305285454,0.8634414598,0.8634414598,3,6,6,2,8,1.519137779e-05,0
calibrated_snr,Calibrated SNR (variable),41,2,0.4758871724,0.4758871724,0.5624704433,0.5624704433,4,8,14,3,17,0.0002094162595,0
calibrated_snr,Calibrated SNR (variable),41,3,0.1491281741,0.1491281741,0.1762606665,0.1762606665,5,10,24,4,28,7.063577312e-05,0
calibrated_snr,Calibrated SNR (variable),41,4,0.1293225109,0.1293225109,0.1528515461,0.1528515461,7,14,38,5,43,0.001102121408,0
calibrated_snr,Calibrated SNR (variable),41,5,0.1653129099,0.1293225109,0.1953900653,0.1528515461,11,22,60,6,66,0.001168132237,0
calibrated_snr,Calibrated SNR (variable),41,6,0.116218977,0.116218977,0.1373639453,0.1373639453,7,14,74,7,81,0.001038878186,0
calibrated_snr,Calibrated SNR (variable),41,7,0.1822455533,0.116218977,0.2154034466,0.1373639453,11,22,96,8,104,0.00123045214,0
calibrated_snr,Calibrated SNR (variable),41,8,0.1038203713,0.1038203713,0.122709528,0.122709528,7,14,110,9,119,0.0009736818563,0
calibrated_snr,Calibrated SNR (variable),41,9,0.1997729027,0.1038203713,0.2361197352,0.122709528,10,20,130,10,140,0.0012937405,0
calibrated_snr,Calibrated SNR (variable),41,10,0.09229758202,0.09229758202,0.1090902737,0.1090902737,7,14,144,11,155,0.0009074153781,0
calibrated_snr,Calibrated SNR (variable),41,11,0.2177378424,0.09229758202,0.2573532296,0.1090902737,10,20,164,12,176,0.001351882706,0
calibrated_snr,Calibrated SNR (variable),41,12,0.08180356708,0.08180356708,0.09668696975,0.09668696975,7,14,178,13,191,0.0008409179196,0
calibrated_snr,Calibrated SNR (variable),41,13,0.2359817508,0.08180356708,0.2789164484,0.09668696975,10,20,198,14,212,0.001406464368,0
calibrated_snr,Calibrated SNR (variable),41,14,0.07247359319,0.07247359319,0.08565949338,0.08565949338,7,14,212,15,227,0.0007749808662,0
calibrated_snr,Calibrated SNR (variable),41,15,0.2543416735,0.07247359319,0.3006167893,0.08565949338,10,20,232,16,248,0.001456657272,0
calibrated_snr,Calibrated SNR (variable),41,16,0.06442247438,0.06442247438,0.07614354793,0.07614354793,7,14,246,17,263,0.0007103451564,0
calibrated_snr,Calibrated SNR (variable),41,17,0.2660331588,0.06442247438,0.3144354323,0.07614354793,9,18,264,18,282,0.001528264486,0
calibrated_snr,Calibrated SNR (variable),41,18,0.051004888,0.051004888,0.06028475577,0.06028475577,6,12,276,19,295,0.0006404374742,0
calibrated_snr,Calibrated SNR (variable),41,19,0.3033506703,0.051004888,0.35854252,0.06028475577,9,18,294,20,314,0.001604468026,0
calibrated_snr,Calibrated SNR (variable),41,20,0.05096420304,0.05096420304,0.06023666857,0.06023666857,10,20,314,21,335,0.0005247586238,0
calibrated_magnitude,Calibrated magnitude (variable),41,0,0.8460660965,0.8460660965,1,1,0,0,0,1,1,,0
calibrated_magnitude,Calibrated magnitude (variable),41,1,0.7301306168,0.7301306168,0.8629711317,0.8629711317,5,10,10,2,12,2.558269862e-05,0
calibrated_magnitude,Calibrated magnitude (variable),41,2,0.473778944,0.473778944,0.5599786423,0.5599786423,5,10,20,3,23,2.802486517e-05,0
calibrated_magnitude,Calibrated magnitude (variable),41,3,0.1530513898,0.1530513898,0.1808976751,0.1808976751,7,14,34,4,38,6.935821756e-05,0
calibrated_magnitude,Calibrated magnitude (variable),41,4,0.1275286839,0.1275286839,0.1507313488,0.1507313488,8,16,50,5,55,0.00104286415,0
calibrated_magnitude,Calibrated magnitude (variable),41,5,0.1652388137,0.1275286839,0.1953024881,0.1507313488,11,22,72,6,78,0.001170115047,0
calibrated_magnitude,Calibrated magnitude (variable),41,6,0.1174522215,0.1174522215,0.1388215673,0.1388215673,8,16,88,7,95,0.0009962773615,0
calibrated_magnitude,Calibrated magnitude (variable),41,7,0.1778432963,0.1174522215,0.2102002397,0.1388215673,11,22,110,8,118,0.001216491091,0
calibrated_magnitude,Calibrated magnitude (variable),41,8,0.1077773566,0.1077773566,0.1273864501,0.1273864501,8,16,126,9,135,0.0009487421458,0
calibrated_magnitude,Calibrated magnitude (variable),41,9,0.1908004014,0.1077773566,0.2255147702,0.1273864501,11,22,148,10,158,0.001261921254,0
calibrated_magnitude,Calibrated magnitude (variable),41,10,0.09857740472,0.09857740472,0.1165126521,0.1165126521,8,16,164,11,175,0.0009006139681,0
calibrated_magnitude,Calibrated magnitude (variable),41,11,0.204045333,0.09857740472,0.2411694947,0.1165126521,11,22,186,12,198,0.001305996896,0
calibrated_magnitude,Calibrated magnitude (variable),41,12,0.08992037703,0.08992037703,0.1062805582,0.1062805582,8,16,202,13,215,0.0008522347215,0
calibrated_magnitude,Calibrated magnitude (variable),41,13,0.2175139803,0.08992037703,0.2570886378,0.1062805582,11,22,224,14,238,0.00134832462,0
calibrated_magnitude,Calibrated magnitude (variable),41,14,0.0818683011,0.0818683011,0.09676348153,0.09676348153,8,16,240,15,255,0.0008039265883,0
calibrated_magnitude,Calibrated magnitude (variable),41,15,0.2311437144,0.0818683011,0.2731981761,0.09676348153,11,22,262,16,278,0.001388537049,0
calibrated_magnitude,Calibrated magnitude (variable),41,16,0.07447658184,0.07447658184,0.08802690729,0.08802690729,8,16,278,17,295,0.0007559875961,0
calibrated_magnitude,Calibrated magnitude (variable),41,17,0.2448738903,0.07447658184,0.2894264305,0.08802690729,11,22,300,18,318,0.001426305777,0
calibrated_magnitude,Calibrated magnitude (variable),41,18,0.0438557482,0.0438557482,0.05183489609,0.05183489609,7,14,314,19,333,0.0006605384766,0
calibrated_magnitude,Calibrated magnitude (variable),41,19,0.3109887432,0.0438557482,0.3675702696,0.05183489609,8,16,330,20,350,0.001534036614,0
calibrated_magnitude,Calibrated magnitude (variable),41,20,0.04211307295,0.04211307295,0.04977515719,0.04977515719,9,18,348,21,369,0.0004693634805,0
calibrated_sign_abstain,Sign: abstain (complete FD),41,0,0.8460660965,0.8460660965,1,1,0,0,0,1,1,,0
calibrated_sign_abstain,Sign: abstain (complete FD),41,1,0.7284829975,0.7284829975,0.8610237433,0.8610237433,11,22,22,2,24,0.0001808002289,0
calibrated_sign_abstain,Sign: abstain (complete FD),41,2,0.4631853886,0.4631853886,0.5474576874,0.5474576874,11,22,44,3,47,0.000203032023,0
calibrated_sign_abstain,Sign: abstain (complete FD),41,3,0.06976851473,0.06976851473,0.0824622509,0.0824622509,11,22,66,4,70,9.814419583e-05,0
calibrated_sign_abstain,Sign: abstain (complete FD),41,4,0.2507531558,0.06976851473,0.2963753741,0.0824622509,11,22,88,5,93,0.001423921018,0
calibrated_sign_abstain,Sign: abstain (complete FD),41,5,0.06969384603,0.06969384603,0.08237399692,0.08237399692,11,22,110,6,116,0.0006897586266,0
calibrated_sign_abstain,Sign: abstain (complete FD),41,6,0.2506046229,0.06969384603,0.296199817,0.08237399692,11,22,132,7,139,0.001423777957,0
calibrated_sign_abstain,Sign: abstain (complete FD),41,7,0.06961872842,0.06961872842,0.08228521236,0.08228521236,11,22,154,8,162,0.0006899425467,0
calibrated_sign_abstain,Sign: abstain (complete FD),41,8,0.2504552716,0.06961872842,0.2960232925,0.08228521236,11,22,176,9,185,0.001423631577,0
calibrated_sign_abstain,Sign: abstain (complete FD),41,9,0.06954315748,0.06954315748,0.08219589198,0.08219589198,11,22,198,10,208,0.0006901263701,0
calibrated_sign_abstain,Sign: abstain (complete FD),41,10,0.2503050935,0.06954315748,0.2958457909,0.08219589198,11,22,220,11,231,0.001423481867,0
calibrated_sign_abstain,Sign: abstain (complete FD),41,11,0.06946712875,0.06946712875,0.08210603053,0.08210603053,11,22,242,12,254,0.0006903101013,0
calibrated_sign_abstain,Sign: abstain (complete FD),41,12,0.2501540807,0.06946712875,0.2956673027,0.08210603053,11,22,264,13,277,0.001423328815,0
calibrated_sign_abstain,Sign: abstain (complete FD),41,13,0.06939063781,0.06939063781,0.08201562277,0.08201562277,11,22,286,14,300,0.0006904937449,0
calibrated_sign_abstain,Sign: abstain (complete FD),41,14,0.250002225,0.06939063781,0.2954878183,0.08201562277,11,22,308,15,323,0.001423172411,0
calibrated_sign_abstain,Sign: abstain (complete FD),41,15,0.0693136802,0.0693136802,0.08192466343,0.08192466343,11,22,330,16,346,0.0006906773053,0
calibrated_sign_abstain,Sign: abstain (complete FD),41,16,0.2498495182,0.0693136802,0.2953073279,0.08192466343,11,22,352,17,369,0.001423012642,0
calibrated_sign_abstain,Sign: abstain (complete FD),41,17,0.06923625147,0.06923625147,0.08183314727,0.08183314727,11,22,374,18,392,0.0006908607868,0
calibrated_sign_abstain,Sign: abstain (complete FD),41,18,0.2496959522,0.06923625147,0.295125822,0.08183314727,11,22,396,19,415,0.001422849497,0
calibrated_sign_abstain,Sign: abstain (complete FD),41,19,0.06915834719,0.06915834719,0.08174106902,0.08174106902,11,22,418,20,438,0.0006910441936,0
calibrated_sign_abstain,Sign: abstain (complete FD),41,20,0.2495415189,0.06915834719,0.294943291,0.08174106902,11,22,440,21,461,0.001422682965,0
all_autodiff,All autodiff,93,0,0.8995244928,0.8995244928,1,1,0,0,0,1,1,,0
all_autodiff,All autodiff,93,1,0.8408067394,0.8408067394,0.9347235636,0.9347235636,0,0,0,2,2,,0
all_autodiff,All autodiff,93,2,0.7183291051,0.7183291051,0.7985653653,0.7985653653,0,0,0,3,3,,0
all_autodiff,All autodiff,93,3,0.4509775488,0.4509775488,0.5013510498,0.5013510498,0,0,0,4,4,,0
all_autodiff,All autodiff,93,4,0.08892164508,0.08892164508,0.09885405655,0.09885405655,0,0,0,5,5,,0
all_autodiff,All autodiff,93,5,0.0402005718,0.0402005718,0.04469091406,0.04469091406,0,0,0,6,6,,0
all_autodiff,All autodiff,93,6,0.05202873909,0.0402005718,0.0578402695,0.04469091406,0,0,0,7,7,,0
all_autodiff,All autodiff,93,7,0.03923949289,0.03923949289,0.04362248411,0.04362248411,0,0,0,8,8,,0
all_autodiff,All autodiff,93,8,0.04474805121,0.03923949289,0.04974633994,0.04362248411,0,0,0,9,9,,0
all_autodiff,All autodiff,93,9,0.0396425985,0.03923949289,0.04407061599,0.04362248411,0,0,0,10,10,,0
all_autodiff,All autodiff,93,10,0.04268376477,0.03923949289,0.04745147587,0.04362248411,0,0,0,11,11,,0
all_autodiff,All autodiff,93,11,0.04065224491,0.03923949289,0.04519303836,0.04362248411,0,0,0,12,12,,0
all_autodiff,All autodiff,93,12,0.04301220427,0.03923949289,0.04781660156,0.04362248411,0,0,0,13,13,,0
all_autodiff,All autodiff,93,13,0.04299265898,0.03923949289,0.04779487309,0.04362248411,0,0,0,14,14,,0
all_autodiff,All autodiff,93,14,0.04574730998,0.03923949289,0.05085721439,0.04362248411,0,0,0,15,15,,0
all_autodiff,All autodiff,93,15,0.04774239946,0.03923949289,0.05307515231,0.04362248411,0,0,0,16,16,,0
all_autodiff,All autodiff,93,16,0.0518295801,0.03923949289,0.05761886476,0.04362248411,0,0,0,17,17,,0
all_autodiff,All autodiff,93,17,0.05625975654,0.03923949289,0.06254388512,0.04362248411,0,0,0,18,18,,0
all_autodiff,All autodiff,93,18,0.06260096461,0.03923949289,0.06959339642,0.04362248411,0,0,0,19,19,,0
all_autodiff,All autodiff,93,19,0.07008390806,0.03923949289,0.07791217318,0.04362248411,0,0,0,20,20,,0
all_autodiff,All autodiff,93,20,0.07957131379,0.03923949289,0.08845930759,0.04362248411,0,0,0,21,21,,0
complete_fd,Complete central FD,93,0,0.8995244928,0.8995244928,1,1,0,0,0,1,1,,0
complete_fd,Complete central FD,93,1,0.8397961196,0.8397961196,0.9336000591,0.9336000591,11,22,22,2,24,0.0001365970268,0
complete_fd,Complete central FD,93,2,0.7124160972,0.7124160972,0.7919918834,0.7919918834,11,22,44,3,47,0.0001830758969,0
complete_fd,Complete central FD,93,3,0.4221573344,0.4221573344,0.4693116616,0.4693116616,11,22,66,4,70,0.0001982992115,0
complete_fd,Complete central FD,93,4,0.04864767252,0.04864767252,0.05408154298,0.05408154298,11,22,88,5,93,0.0001971862147,0
complete_fd,Complete central FD,93,5,0.3165211106,0.04864767252,0.3518760335,0.05408154298,11,22,110,6,116,0.001589068869,0
complete_fd,Complete central FD,93,6,0.04861982105,0.04861982105,0.05405058055,0.05405058055,11,22,132,7,139,0.0004907682425,0
complete_fd,Complete central FD,93,7,0.3164205598,0.04861982105,0.3517642514,0.05405058055,11,22,154,8,162,0.001588951865,0
complete_fd,Complete central FD,93,8,0.04859176272,0.04859176272,0.05401938814,0.05401938814,11,22,176,9,185,0.0004909736637,0
complete_fd,Complete central FD,93,9,0.3163193525,0.04859176272,0.3516517393,0.05401938814,11,22,198,10,208,0.00158883318,0
complete_fd,Complete central FD,93,10,0.0485634956,0.0485634956,0.05398796363,0.05398796363,11,22,220,11,231,0.0004911801835,0
complete_fd,Complete central FD,93,11,0.316217483,0.0485634956,0.3515384912,0.05398796363,11,22,242,12,254,0.0015887128,0
complete_fd,Complete central FD,93,12,0.04853501774,0.04853501774,0.05395630484,0.05395630484,11,22,264,13,277,0.0004913878114,0
complete_fd,Complete central FD,93,13,0.3161149458,0.04853501774,0.3514245007,0.05395630484,11,22,286,14,300,0.001588590716,0
complete_fd,Complete central FD,93,14,0.04850632718,0.04850632718,0.05392440959,0.05392440959,11,22,308,15,323,0.0004915965565,0
complete_fd,Complete central FD,93,15,0.3160117352,0.04850632718,0.3513097617,0.05392440959,11,22,330,16,346,0.001588466914,0
complete_fd,Complete central FD,93,16,0.04847742194,0.04847742194,0.05389227567,0.05389227567,11,22,352,17,369,0.0004918064285,0
complete_fd,Complete central FD,93,17,0.3159078455,0.04847742194,0.3511942676,0.05389227567,11,22,374,18,392,0.001588341383,0
complete_fd,Complete central FD,93,18,0.04844830002,0.04844830002,0.05385990088,0.05385990088,11,22,396,19,415,0.0004920174366,0
complete_fd,Complete central FD,93,19,0.315803271,0.04844830002,0.3510780123,0.05385990088,11,22,418,20,438,0.00158821411,0
complete_fd,Complete central FD,93,20,0.04841895943,0.04841895943,0.05382728299,0.05382728299,11,22,440,21,461,0.0004922295901,0
matched_random,Random order (B = 6),93,0,0.8995244928,0.8995244928,1,1,0,0,0,1,1,,0
matched_random,Random order (B = 6),93,1,0.8413849868,0.8413849868,0.9353664003,0.9353664003,6,12,12,2,14,0.000130396034,0
matched_random,Random order (B = 6),93,2,0.7173338671,0.7173338671,0.7974589607,0.7974589607,6,12,24,3,27,0.0001721219064,0
matched_random,Random order (B = 6),93,3,0.4410991928,0.4410991928,0.4903692966,0.4903692966,6,12,36,4,40,0.0002120919161,0
matched_random,Random order (B = 6),93,4,0.06470107561,0.06470107561,0.0719280866,0.0719280866,6,12,48,5,53,0.0001553875049,0
matched_random,Random order (B = 6),93,5,0.2453481873,0.06470107561,0.2727532038,0.0719280866,6,12,60,6,66,0.001583102819,0
matched_random,Random order (B = 6),93,6,0.06211706623,0.06211706623,0.06905544733,0.06905544733,6,12,72,7,79,0.0006565089881,0
matched_random,Random order (B = 6),93,7,0.2655851135,0.06211706623,0.2952505636,0.06905544733,6,12,84,8,92,0.001582994366,0
matched_random,Random order (B = 6),93,8,0.05855957056,0.05855957056,0.06510058484,0.06510058484,6,12,96,9,105,0.0006682727167,0
matched_random,Random order (B = 6),93,9,0.2691828045,0.05855957056,0.2992501112,0.06510058484,6,12,108,10,118,0.001499742105,0
matched_random,Random order (B = 6),93,10,0.06856979279,0.05855957056,0.07622893355,0.06510058484,6,12,120,11,131,0.0006555594916,0
matched_random,Random order (B = 6),93,11,0.06828680876,0.05855957056,0.07591434064,0.06510058484,6,12,132,12,144,0.001566555351,0
matched_random,Random order (B = 6),93,12,0.2440692729,0.05855957056,0.2713314366,0.06510058484,6,12,144,13,157,0.001540207045,0
matched_random,Random order (B = 6),93,13,0.06644692672,0.05855957056,0.07386894659,0.06510058484,6,12,156,14,170,0.0007734665716,0
matched_random,Random order (B = 6),93,14,0.2548772821,0.05855957056,0.2833466839,0.06510058484,6,12,168,15,183,0.001515454946,0
matched_random,Random order (B = 6),93,15,0.06391109751,0.05855957056,0.07104986915,0.06510058484,6,12,180,16,196,0.0007318161331,0
matched_random,Random order (B = 6),93,16,0.08290440807,0.05855957056,0.09216470339,0.06510058484,6,12,192,17,209,0.001552435063,0
matched_random,Random order (B = 6),93,17,0.0707129919,0.05855957056,0.07861152472,0.06510058484,6,12,204,18,222,0.001419580443,0
matched_random,Random order (B = 6),93,18,0.2433538845,0.05855957056,0.2705361404,0.06510058484,6,12,216,19,235,0.001511291518,0
matched_random,Random order (B = 6),93,19,0.05625159609,0.05625159609,0.06253481316,0.06253481316,6,12,228,20,248,0.0007573157144,0
matched_random,Random order (B = 6),93,20,0.08523928823,0.05625159609,0.09476038608,0.06253481316,6,12,240,21,261,0.001431147299,0
matched_sign_order,Sign order (B = 6),93,0,0.8995244928,0.8995244928,1,1,0,0,0,1,1,,0
matched_sign_order,Sign order (B = 6),93,1,0.842979596,0.842979596,0.9371391249,0.9371391249,6,12,12,2,14,0.0001306103976,0
matched_sign_order,Sign order (B = 6),93,2,0.7209113926,0.7209113926,0.8014360903,0.8014360903,6,12,24,3,27,0.0001762123815,0
matched_sign_order,Sign order (B = 6),93,3,0.471172344,0.471172344,0.5238015727,0.5238015727,6,12,36,4,40,0.0002007865955,0
matched_sign_order,Sign order (B = 6),93,4,0.2060322041,0.2060322041,0.2290456855,0.2290456855,6,12,48,5,53,8.380083495e-05,0
matched_sign_order,Sign order (B = 6),93,5,0.05512530622,0.05512530622,0.06128271843,0.06128271843,6,12,60,6,66,0.0008490328054,0
matched_sign_order,Sign order (B = 6),93,6,0.2636717987,0.05512530622,0.2931235345,0.06128271843,6,12,72,7,79,0.001645893195,0
matched_sign_order,Sign order (B = 6),93,7,0.07537253681,0.05512530622,0.08379153366,0.06128271843,6,12,84,8,92,0.0006368432597,0
matched_sign_order,Sign order (B = 6),93,8,0.05809422931,0.05512530622,0.06458326568,0.06128271843,6,12,96,9,105,0.001386747794,0
matched_sign_order,Sign order (B = 6),93,9,0.259668708,0.05512530622,0.2886733047,0.06128271843,6,12,108,10,118,0.001586689651,0
matched_sign_order,Sign order (B = 6),93,10,0.07252425672,0.05512530622,0.08062510505,0.06128271843,6,12,120,11,131,0.0006466811268,0
matched_sign_order,Sign order (B = 6),93,11,0.2378303428,0.05512530622,0.2643956276,0.06128271843,6,12,132,12,144,0.001482777528,0
matched_sign_order,Sign order (B = 6),93,12,0.06846664336,0.05512530622,0.07611426249,0.06128271843,6,12,144,13,157,0.0007959151785,0
matched_sign_order,Sign order (B = 6),93,13,0.2462720889,0.05512530622,0.2737803038,0.06128271843,6,12,156,14,170,0.001506090118,0
matched_sign_order,Sign order (B = 6),93,14,0.05863971698,0.05512530622,0.0651896835,0.06128271843,6,12,168,15,183,0.0007609854419,0
matched_sign_order,Sign order (B = 6),93,15,0.2524171532,0.05512530622,0.2806117624,0.06128271843,6,12,180,16,196,0.001577594736,0
matched_sign_order,Sign order (B = 6),93,16,0.06961827105,0.05512530622,0.07739452523,0.06128271843,6,12,192,17,209,0.0006730585422,0
matched_sign_order,Sign order (B = 6),93,17,0.2435657024,0.05512530622,0.2707716181,0.06128271843,6,12,204,18,222,0.00149898349,0
matched_sign_order,Sign order (B = 6),93,18,0.05729837881,0.05512530622,0.0636985199,0.06128271843,6,12,216,19,235,0.000769447467,0
matched_sign_order,Sign order (B = 6),93,19,0.2552053521,0.05512530622,0.2837113989,0.06128271843,6,12,228,20,248,0.001583408943,0
matched_sign_order,Sign order (B = 6),93,20,0.07093569434,0.05512530622,0.07885910268,0.06128271843,6,12,240,21,261,0.00066351202,0
matched_snr_order,SNR order (B = 6),93,0,0.8995244928,0.8995244928,1,1,0,0,0,1,1,,0
matched_snr_order,SNR order (B = 6),93,1,0.8407734055,0.8407734055,0.9346865064,0.9346865064,6,12,12,2,14,2.388392093e-05,0
matched_snr_order,SNR order (B = 6),93,2,0.7161717126,0.7161717126,0.7961669953,0.7961669953,6,12,24,3,27,2.958737613e-05,0
matched_snr_order,SNR order (B = 6),93,3,0.4593906562,0.4593906562,0.5107038884,0.5107038884,6,12,36,4,40,3.111261057e-05,0
matched_snr_order,SNR order (B = 6),93,4,0.2030610474,0.2030610474,0.2257426552,0.2257426552,6,12,48,5,53,0.0001076632164,0
matched_snr_order,SNR order (B = 6),93,5,0.05428145131,0.05428145131,0.06034460622,0.06034460622,6,12,60,6,66,0.000861332583,0
matched_snr_order,SNR order (B = 6),93,6,0.2664518357,0.05428145131,0.2962140974,0.06034460622,6,12,72,7,79,0.001602047389,0
matched_snr_order,SNR order (B = 6),93,7,0.07617181561,0.05428145131,0.08468009068,0.06034460622,6,12,84,8,92,0.0006273653932,0
matched_snr_order,SNR order (B = 6),93,8,0.2348315627,0.05428145131,0.2610618883,0.06034460622,6,12,96,9,105,0.001480389829,0
matched_snr_order,SNR order (B = 6),93,9,0.06501550283,0.05428145131,0.07227763485,0.06034460622,6,12,108,10,118,0.0007429964324,0
matched_snr_order,SNR order (B = 6),93,10,0.2643380331,0.05428145131,0.2938641862,0.06034460622,6,12,120,11,131,0.001619802509,0
matched_snr_order,SNR order (B = 6),93,11,0.07602856203,0.05428145131,0.08452083589,0.06034460622,6,12,132,12,144,0.0006389054361,0
matched_snr_order,SNR order (B = 6),93,12,0.2360946717,0.05428145131,0.2624660846,0.06034460622,6,12,144,13,157,0.001488604018,0
matched_snr_order,SNR order (B = 6),93,13,0.06539121554,0.05428145131,0.07269531409,0.06034460622,6,12,156,14,170,0.0007380805361,0
matched_snr_order,SNR order (B = 6),93,14,0.2646536019,0.05428145131,0.2942150036,0.06034460622,6,12,168,15,183,0.001619447975,0
matched_snr_order,SNR order (B = 6),93,15,0.07692099616,0.05428145131,0.08551295354,0.06034460622,6,12,180,16,196,0.000642216249,0
matched_snr_order,SNR order (B = 6),93,16,0.2351509109,0.05428145131,0.2614169072,0.06034460622,6,12,192,17,209,0.001490165345,0
matched_snr_order,SNR order (B = 6),93,17,0.05516399966,0.05428145131,0.06132573388,0.06034460622,6,12,204,18,222,0.0007926424442,0
matched_snr_order,SNR order (B = 6),93,18,0.2891660688,0.05428145131,0.3214654755,0.06034460622,6,12,216,19,235,0.001646360252,0
matched_snr_order,SNR order (B = 6),93,19,0.09378699267,0.05428145131,0.104262856,0.06034460622,6,12,228,20,248,8.789893325e-05,0
matched_snr_order,SNR order (B = 6),93,20,0.2078761927,0.05428145131,0.2310956449,0.06034460622,6,12,240,21,261,0.001405419525,0
matched_magnitude_order,Magnitude order (B = 6),93,0,0.8995244928,0.8995244928,1,1,0,0,0,1,1,,0
matched_magnitude_order,Magnitude order (B = 6),93,1,0.8407734055,0.8407734055,0.9346865064,0.9346865064,6,12,12,2,14,2.388392093e-05,0
matched_magnitude_order,Magnitude order (B = 6),93,2,0.7161717126,0.7161717126,0.7961669953,0.7961669953,6,12,24,3,27,2.958737613e-05,0
matched_magnitude_order,Magnitude order (B = 6),93,3,0.4593906562,0.4593906562,0.5107038884,0.5107038884,6,12,36,4,40,3.111261057e-05,0
matched_magnitude_order,Magnitude order (B = 6),93,4,0.1958676513,0.1958676513,0.2177457677,0.2177457677,6,12,48,5,53,0.0001075703478,0
matched_magnitude_order,Magnitude order (B = 6),93,5,0.04771107337,0.04771107337,0.05304032715,0.05304032715,6,12,60,6,66,0.0008486583562,0
matched_magnitude_order,Magnitude order (B = 6),93,6,0.2789194895,0.04771107337,0.3100743691,0.05304032715,6,12,72,7,79,0.001638192474,0
matched_magnitude_order,Magnitude order (B = 6),93,7,0.08281756072,0.04771107337,0.09206815532,0.05304032715,6,12,84,8,92,0.0005845884109,0
matched_magnitude_order,Magnitude order (B = 6),93,8,0.2218161166,0.04771107337,0.2465926368,0.05304032715,6,12,96,9,105,0.001445378266,0
matched_magnitude_order,Magnitude order (B = 6),93,9,0.0538403435,0.04771107337,0.05985422735,0.05304032715,6,12,108,10,118,0.0007549856815,0
matched_magnitude_order,Magnitude order (B = 6),93,10,0.2672508034,0.04771107337,0.2971023085,0.05304032715,6,12,120,11,131,0.001609425506,0
matched_magnitude_order,Magnitude order (B = 6),93,11,0.07815494518,0.04771107337,0.08688473277,0.05304032715,6,12,132,12,144,0.0006257898564,0
matched_magnitude_order,Magnitude order (B = 6),93,12,0.2298019909,0.04771107337,0.2554705211,0.05304032715,6,12,144,13,157,0.001473431857,0
matched_magnitude_order,Magnitude order (B = 6),93,13,0.05566118585,0.04771107337,0.061878455,0.05304032715,6,12,156,14,170,0.0007270954333,0
matched_magnitude_order,Magnitude order (B = 6),93,14,0.284060768,0.04771107337,0.3157899204,0.05304032715,6,12,168,15,183,0.001674033934,0
matched_magnitude_order,Magnitude order (B = 6),93,15,0.08798372411,0.04771107337,0.09781137125,0.05304032715,6,12,180,16,196,0.0005735333211,0
matched_magnitude_order,Magnitude order (B = 6),93,16,0.2139638609,0.04771107337,0.2378632963,0.05304032715,6,12,192,17,209,0.001431716144,0
matched_magnitude_order,Magnitude order (B = 6),93,17,0.05048445896,0.04771107337,0.05612349566,0.05304032715,6,12,204,18,222,0.0007829178599,0
matched_magnitude_order,Magnitude order (B = 6),93,18,0.2976873204,0.04771107337,0.3309385378,0.05304032715,6,12,216,19,235,0.001704239136,0
matched_magnitude_order,Magnitude order (B = 6),93,19,0.04976762551,0.04771107337,0.055326593,0.05304032715,6,12,228,20,248,0.0005704647291,0
matched_magnitude_order,Magnitude order (B = 6),93,20,0.2996733896,0.04771107337,0.3331464479,0.05304032715,6,12,240,21,261,0.001708536604,0
calibrated_snr,Calibrated SNR (variable),93,0,0.8995244928,0.8995244928,1,1,0,0,0,1,1,,0
calibrated_snr,Calibrated SNR (variable),93,1,0.8407734055,0.8407734055,0.9346865064,0.9346865064,6,12,12,2,14,2.388392093e-05,0
calibrated_snr,Calibrated SNR (variable),93,2,0.7161708808,0.7161708808,0.7961660706,0.7961660706,7,14,26,3,29,3.454655907e-05,0
calibrated_snr,Calibrated SNR (variable),93,3,0.4664579651,0.4664579651,0.5185606049,0.5185606049,8,16,42,4,46,0.0001809522825,0
calibrated_snr,Calibrated SNR (variable),93,4,0.1986198938,0.1986198938,0.2208054315,0.2208054315,8,16,58,5,63,8.844489813e-05,0
calibrated_snr,Calibrated SNR (variable),93,5,0.113431984,0.113431984,0.1261021628,0.1261021628,11,22,80,6,86,0.0009176133552,0
calibrated_snr,Calibrated SNR (variable),93,6,0.1948931309,0.113431984,0.216662395,0.1261021628,9,18,98,7,105,0.001313485676,0
calibrated_snr,Calibrated SNR (variable),93,7,0.1163358699,0.113431984,0.1293304082,0.1261021628,11,22,120,8,128,0.0009327519069,0
calibrated_snr,Calibrated SNR (variable),93,8,0.1911482937,0.113431984,0.2124992652,0.1261021628,9,18,138,9,147,0.001299798744,0
calibrated_snr,Calibrated SNR (variable),93,9,0.1193172045,0.113431984,0.1326447534,0.1261021628,11,22,160,10,170,0.0009480581983,0
calibrated_snr,Calibrated SNR (variable),93,10,0.1873882936,0.113431984,0.2083192788,0.1261021628,9,18,178,11,189,0.001285791937,0
calibrated_snr,Calibrated SNR (variable),93,11,0.122375082,0.113431984,0.1360441911,0.1261021628,11,22,200,12,212,0.0009635208483,0
calibrated_snr,Calibrated SNR (variable),93,12,0.1836160802,0.113431984,0.204125715,0.1261021628,9,18,218,13,231,0.00127147482,0
calibrated_snr,Calibrated SNR (variable),93,13,0.1255084995,0.113431984,0.1395276066,0.1261021628,11,22,240,14,254,0.0009791279846,0
calibrated_snr,Calibrated SNR (variable),93,14,0.1798346394,0.113431984,0.199921893,0.1261021628,9,18,258,15,273,0.001256857525,0
calibrated_snr,Calibrated SNR (variable),93,15,0.1287163623,0.113431984,0.1430937827,0.1261021628,11,22,280,16,296,0.0009948672457,0
calibrated_snr,Calibrated SNR (variable),93,16,0.176046991,0.113431984,0.1957111701,0.1261021628,9,18,298,17,315,0.001241950714,0
calibrated_snr,Calibrated SNR (variable),93,17,0.1319974882,0.113431984,0.1467414053,0.1261021628,11,22,320,18,338,0.001010725787,0
calibrated_snr,Calibrated SNR (variable),93,18,0.1722561877,0.113431984,0.1914969399,0.1261021628,9,18,338,19,357,0.001226765535,0
calibrated_snr,Calibrated SNR (variable),93,19,0.1353506122,0.113431984,0.1504690681,0.1261021628,11,22,360,20,380,0.001026690282,0
calibrated_snr,Calibrated SNR (variable),93,20,0.1684653127,0.113431984,0.1872826299,0.1261021628,9,18,378,21,399,0.001211313587,0
calibrated_magnitude,Calibrated magnitude (variable),93,0,0.8995244928,0.8995244928,1,1,0,0,0,1,1,,0
calibrated_magnitude,Calibrated magnitude (variable),93,1,0.8408782419,0.8408782419,0.9348030528,0.9348030528,8,16,16,2,18,3.104984503e-05,0
calibrated_magnitude,Calibrated magnitude (variable),93,2,0.7150698364,0.7150698364,0.7949420411,0.7949420411,9,18,34,3,37,0.0001584557322,0
calibrated_magnitude,Calibrated magnitude (variable),93,3,0.4660800645,0.4660800645,0.5181404934,0.5181404934,9,18,52,4,56,0.0001736278068,0
calibrated_magnitude,Calibrated magnitude (variable),93,4,0.07441755853,0.07441755853,0.08272988576,0.08272988576,10,20,72,5,77,9.512295916e-05,0
calibrated_magnitude,Calibrated magnitude (variable),93,5,0.2552704757,0.07441755853,0.2837837966,0.08272988576,11,22,94,6,100,0.001463873621,0
calibrated_magnitude,Calibrated magnitude (variable),93,6,0.06794752308,0.06794752308,0.07553715727,0.07553715727,10,20,114,7,121,0.0006658993162,0
calibrated_magnitude,Calibrated magnitude (variable),93,7,0.2683461612,0.06794752308,0.2983200161,0.07553715727,11,22,136,8,144,0.00149665327,0
calibrated_magnitude,Calibrated magnitude (variable),93,8,0.06215522241,0.06215522241,0.06909786549,0.06909786549,10,20,156,9,165,0.0006226867888,0
calibrated_magnitude,Calibrated magnitude (variable),93,9,0.2814225803,0.06215522241,0.3128570512,0.06909786549,11,22,178,10,188,0.001526315064,0
calibrated_magnitude,Calibrated magnitude (variable),93,10,0.05707098448,0.05707098448,0.06344572597,0.06344572597,10,20,198,11,209,0.0005804612226,0
calibrated_magnitude,Calibrated magnitude (variable),93,11,0.2944645537,0.05707098448,0.327355793,0.06344572597,11,22,220,12,232,0.001552606937,0
calibrated_magnitude,Calibrated magnitude (variable),93,12,0.05272022785,0.05272022785,0.0586089965,0.0586089965,10,20,240,13,253,0.0005393469416,0
calibrated_magnitude,Calibrated magnitude (variable),93,13,0.3074379024,0.05272022785,0.3417782449,0.0586089965,11,22,262,14,276,0.001575302465,0
calibrated_magnitude,Calibrated magnitude (variable),93,14,0.04912311102,0.04912311102,0.05461008723,0.05461008723,10,20,282,15,297,0.000499452301,0
calibrated_magnitude,Calibrated magnitude (variable),93,15,0.3203073182,0.04912311102,0.3560851547,0.05461008723,11,22,304,16,320,0.001594196768,0
calibrated_magnitude,Calibrated magnitude (variable),93,16,0.04629403802,0.04629403802,0.05146501112,0.05146501112,10,20,324,17,341,0.0004608758564,0
calibrated_magnitude,Calibrated magnitude (variable),93,17,0.3330298765,0.04629403802,0.3702288033,0.05146501112,11,22,346,18,364,0.001609082949,0
calibrated_magnitude,Calibrated magnitude (variable),93,18,0.04424063513,0.04424063513,0.04918224627,0.04918224627,10,20,366,19,385,0.0004237233252,0
calibrated_magnitude,Calibrated magnitude (variable),93,19,0.3455286562,0.04424063513,0.3841236775,0.04918224627,11,22,388,20,408,0.001619626076,0
calibrated_magnitude,Calibrated magnitude (variable),93,20,0.04296044699,0.04296044699,0.04775906308,0.04775906308,10,20,408,21,429,0.0003881742915,0
calibrated_sign_abstain,Sign: abstain (complete FD),93,0,0.8995244928,0.8995244928,1,1,0,0,0,1,1,,0
calibrated_sign_abstain,Sign: abstain (complete FD),93,1,0.8397961196,0.8397961196,0.9336000591,0.9336000591,11,22,22,2,24,0.0001365970268,0
calibrated_sign_abstain,Sign: abstain (complete FD),93,2,0.7124160972,0.7124160972,0.7919918834,0.7919918834,11,22,44,3,47,0.0001830758969,0
calibrated_sign_abstain,Sign: abstain (complete FD),93,3,0.4221573344,0.4221573344,0.4693116616,0.4693116616,11,22,66,4,70,0.0001982992115,0
calibrated_sign_abstain,Sign: abstain (complete FD),93,4,0.04864767252,0.04864767252,0.05408154298,0.05408154298,11,22,88,5,93,0.0001971862147,0
calibrated_sign_abstain,Sign: abstain (complete FD),93,5,0.3165211106,0.04864767252,0.3518760335,0.05408154298,11,22,110,6,116,0.001589068869,0
calibrated_sign_abstain,Sign: abstain (complete FD),93,6,0.04861982105,0.04861982105,0.05405058055,0.05405058055,11,22,132,7,139,0.0004907682425,0
calibrated_sign_abstain,Sign: abstain (complete FD),93,7,0.3164205598,0.04861982105,0.3517642514,0.05405058055,11,22,154,8,162,0.001588951865,0
calibrated_sign_abstain,Sign: abstain (complete FD),93,8,0.04859176272,0.04859176272,0.05401938814,0.05401938814,11,22,176,9,185,0.0004909736637,0
calibrated_sign_abstain,Sign: abstain (complete FD),93,9,0.3163193525,0.04859176272,0.3516517393,0.05401938814,11,22,198,10,208,0.00158883318,0
calibrated_sign_abstain,Sign: abstain (complete FD),93,10,0.0485634956,0.0485634956,0.05398796363,0.05398796363,11,22,220,11,231,0.0004911801835,0
calibrated_sign_abstain,Sign: abstain (complete FD),93,11,0.316217483,0.0485634956,0.3515384912,0.05398796363,11,22,242,12,254,0.0015887128,0
calibrated_sign_abstain,Sign: abstain (complete FD),93,12,0.04853501774,0.04853501774,0.05395630484,0.05395630484,11,22,264,13,277,0.0004913878114,0
calibrated_sign_abstain,Sign: abstain (complete FD),93,13,0.3161149458,0.04853501774,0.3514245007,0.05395630484,11,22,286,14,300,0.001588590716,0
calibrated_sign_abstain,Sign: abstain (complete FD),93,14,0.04850632718,0.04850632718,0.05392440959,0.05392440959,11,22,308,15,323,0.0004915965565,0
calibrated_sign_abstain,Sign: abstain (complete FD),93,15,0.3160117352,0.04850632718,0.3513097617,0.05392440959,11,22,330,16,346,0.001588466914,0
calibrated_sign_abstain,Sign: abstain (complete FD),93,16,0.04847742194,0.04847742194,0.05389227567,0.05389227567,11,22,352,17,369,0.0004918064285,0
calibrated_sign_abstain,Sign: abstain (complete FD),93,17,0.3159078455,0.04847742194,0.3511942676,0.05389227567,11,22,374,18,392,0.001588341383,0
calibrated_sign_abstain,Sign: abstain (complete FD),93,18,0.04844830002,0.04844830002,0.05385990088,0.05385990088,11,22,396,19,415,0.0004920174366,0
calibrated_sign_abstain,Sign: abstain (complete FD),93,19,0.315803271,0.04844830002,0.3510780123,0.05385990088,11,22,418,20,438,0.00158821411,0
calibrated_sign_abstain,Sign: abstain (complete FD),93,20,0.04841895943,0.04841895943,0.05382728299,0.05382728299,11,22,440,21,461,0.0004922295901,0
all_autodiff,All autodiff,73,0,0.5976031915,0.5976031915,1,1,0,0,0,1,1,,0
all_autodiff,All autodiff,73,1,0.2165595039,0.2165595039,0.3623800994,0.3623800994,0,0,0,2,2,,0
all_autodiff,All autodiff,73,2,0.0764638493,0.0764638493,0.1279508717,0.1279508717,0,0,0,3,3,,0
all_autodiff,All autodiff,73,3,0.1151056401,0.0764638493,0.1926121576,0.1279508717,0,0,0,4,4,,0
all_autodiff,All autodiff,73,4,0.08827392173,0.0764638493,0.1477132703,0.1279508717,0,0,0,5,5,,0
all_autodiff,All autodiff,73,5,0.1223919704,0.0764638493,0.204804747,0.1279508717,0,0,0,6,6,,0
all_autodiff,All autodiff,73,6,0.1006380422,0.0764638493,0.1684027858,0.1279508717,0,0,0,7,7,,0
all_autodiff,All autodiff,73,7,0.1211029059,0.0764638493,0.2026476893,0.1279508717,0,0,0,8,8,,0
all_autodiff,All autodiff,73,8,0.1077842599,0.0764638493,0.1803609175,0.1279508717,0,0,0,9,9,,0
all_autodiff,All autodiff,73,9,0.1157006154,0.0764638493,0.1936077603,0.1279508717,0,0,0,10,10,,0
all_autodiff,All autodiff,73,10,0.1071099382,0.0764638493,0.1792325405,0.1279508717,0,0,0,11,11,,0
all_autodiff,All autodiff,73,11,0.1070378206,0.0764638493,0.1791118624,0.1279508717,0,0,0,12,12,,0
all_autodiff,All autodiff,73,12,0.09964009721,0.0764638493,0.1667328733,0.1279508717,0,0,0,13,13,,0
all_autodiff,All autodiff,73,13,0.09517223702,0.0764638493,0.1592565742,0.1279508717,0,0,0,14,14,,0
all_autodiff,All autodiff,73,14,0.08759999241,0.0764638493,0.1465855499,0.1279508717,0,0,0,15,15,,0
all_autodiff,All autodiff,73,15,0.08105281349,0.0764638493,0.1356298203,0.1279508717,0,0,0,16,16,,0
all_autodiff,All autodiff,73,16,0.07342680426,0.07342680426,0.1228688289,0.1228688289,0,0,0,17,17,,0
all_autodiff,All autodiff,73,17,0.06643824704,0.06643824704,0.1111745185,0.1111745185,0,0,0,18,18,,0
all_autodiff,All autodiff,73,18,0.05945593898,0.05945593898,0.09949066509,0.09949066509,0,0,0,19,19,,0
all_autodiff,All autodiff,73,19,0.05319205724,0.05319205724,0.08900899125,0.08900899125,0,0,0,20,20,,0
all_autodiff,All autodiff,73,20,0.04749148017,0.04749148017,0.07946992394,0.07946992394,0,0,0,21,21,,0
complete_fd,Complete central FD,73,0,0.5976031915,0.5976031915,1,1,0,0,0,1,1,,0
complete_fd,Complete central FD,73,1,0.2067801066,0.2067801066,0.3460157335,0.3460157335,11,22,22,2,24,0.0001133181611,0
complete_fd,Complete central FD,73,2,0.1096414291,0.1096414291,0.1834686137,0.1834686137,11,22,44,3,47,0.0008837726299,0
complete_fd,Complete central FD,73,3,0.2067546031,0.1096414291,0.3459730572,0.1834686137,11,22,66,4,70,0.001294566874,0
complete_fd,Complete central FD,73,4,0.1096209991,0.1096209991,0.1834344272,0.1834344272,11,22,88,5,93,0.0008837762916,0
complete_fd,Complete central FD,73,5,0.2067288912,0.1096209991,0.3459300322,0.1834344272,11,22,110,6,116,0.001294531962,0
complete_fd,Complete central FD,73,6,0.1096004065,0.1096004065,0.1833999685,0.1833999685,11,22,132,7,139,0.0008837798501,0
complete_fd,Complete central FD,73,7,0.206702969,0.1096004065,0.3458866551,0.1833999685,11,22,154,8,162,0.001294496513,0
complete_fd,Complete central FD,73,8,0.1095796495,0.1095796495,0.1833652348,0.1833652348,11,22,176,9,185,0.0008837833045,0
complete_fd,Complete central FD,73,9,0.2066768342,0.1095796495,0.3458429225,0.1833652348,11,22,198,10,208,0.001294460521,0
complete_fd,Complete central FD,73,10,0.1095587267,0.1095587267,0.1833302236,0.1833302236,11,22,220,11,231,0.0008837866539,0
complete_fd,Complete central FD,73,11,0.206650485,0.1095587267,0.345798831,0.1833302236,11,22,242,12,254,0.00129442398,0
complete_fd,Complete central FD,73,12,0.1095376365,0.1095376365,0.1832949323,0.1832949323,11,22,264,13,277,0.000883789897,0
complete_fd,Complete central FD,73,13,0.2066239191,0.1095376365,0.345754377,0.1832949323,11,22,286,14,300,0.001294386884,0
complete_fd,Complete central FD,73,14,0.1095163773,0.1095163773,0.1832593581,0.1832593581,11,22,308,15,323,0.000883793033,0
complete_fd,Complete central FD,73,15,0.2065971346,0.1095163773,0.345709557,0.1832593581,11,22,330,16,346,0.001294349229,0
complete_fd,Complete central FD,73,16,0.1094949474,0.1094949474,0.1832234984,0.1832234984,11,22,352,17,369,0.0008837960607,0
complete_fd,Complete central FD,73,17,0.2065701291,0.1094949474,0.3456643674,0.1832234984,11,22,374,18,392,0.001294311008,0
complete_fd,Complete central FD,73,18,0.1094733452,0.1094733452,0.1831873504,0.1831873504,11,22,396,19,415,0.0008837989792,0
complete_fd,Complete central FD,73,19,0.2065429007,0.1094733452,0.3456188046,0.1831873504,11,22,418,20,438,0.001294272215,0
complete_fd,Complete central FD,73,20,0.1094515692,0.1094515692,0.1831509114,0.1831509114,11,22,440,21,461,0.0008838017873,0
matched_random,Random order (B = 6),73,0,0.5976031915,0.5976031915,1,1,0,0,0,1,1,,0
matched_random,Random order (B = 6),73,1,0.294591191,0.294591191,0.4929545143,0.4929545143,6,12,12,2,14,2.040652081e-05,0
matched_random,Random order (B = 6),73,2,0.05722832466,0.05722832466,0.09576308407,0.09576308407,6,12,24,3,27,0.0005826613607,0
matched_random,Random order (B = 6),73,3,0.2683858896,0.05722832466,0.4491038425,0.09576308407,6,12,36,4,40,0.001625544662,0
matched_random,Random order (B = 6),73,4,0.0559373574,0.0559373574,0.09360284248,0.09360284248,6,12,48,5,53,0.0006251405974,0
matched_random,Random order (B = 6),73,5,0.06382501273,0.0559373574,0.1068016598,0.09360284248,6,12,60,6,66,0.001593620877,0
matched_random,Random order (B = 6),73,6,0.2577461162,0.0559373574,0.4312997653,0.09360284248,6,12,72,7,79,0.001554278492,0
matched_random,Random order (B = 6),73,7,0.09823072222,0.0559373574,0.164374494,0.09360284248,6,12,84,8,92,0.0006623310739,0
matched_random,Random order (B = 6),73,8,0.04651122842,0.04651122842,0.07782961852,0.07782961852,6,12,96,9,105,0.001238315285,0
matched_random,Random order (B = 6),73,9,0.3253185261,0.04651122842,0.5443721364,0.07782961852,6,12,108,10,118,0.001662157577,0
matched_random,Random order (B = 6),73,10,0.1109280351,0.04651122842,0.1856215574,0.07782961852,6,12,120,11,131,0.0004662758604,0
matched_random,Random order (B = 6),73,11,0.04815375148,0.04651122842,0.08057813642,0.07782961852,6,12,132,12,144,0.001191747915,0
matched_random,Random order (B = 6),73,12,0.3120666042,0.04651122842,0.5221970175,0.07782961852,6,12,144,13,157,0.001289380227,0
matched_random,Random order (B = 6),73,13,0.05223889445,0.04651122842,0.08741401518,0.07782961852,6,12,156,14,170,0.0005458287353,0
matched_random,Random order (B = 6),73,14,0.1539699478,0.04651122842,0.2576457924,0.07782961852,6,12,168,15,183,0.0002453772648,0
matched_random,Random order (B = 6),73,15,0.05241134348,0.04651122842,0.08770258297,0.07782961852,6,12,180,16,196,0.001049844063,0
matched_random,Random order (B = 6),73,16,0.2716514658,0.04651122842,0.4545682982,0.07782961852,6,12,192,17,209,0.001583277362,0
matched_random,Random order (B = 6),73,17,0.0655199318,0.04651122842,0.1096378546,0.07782961852,6,12,204,18,222,0.0006098003277,0
matched_random,Random order (B = 6),73,18,0.1169819271,0.04651122842,0.1957518446,0.07782961852,6,12,216,19,235,0.001364439369,0
matched_random,Random order (B = 6),73,19,0.1628394014,0.04651122842,0.272487503,0.07782961852,6,12,228,20,248,0.001158904794,0
matched_random,Random order (B = 6),73,20,0.1264863706,0.04651122842,0.2116561163,0.07782961852,6,12,240,21,261,0.001115348311,0
matched_sign_order,Sign order (B = 6),73,0,0.5976031915,0.5976031915,1,1,0,0,0,1,1,,0
matched_sign_order,Sign order (B = 6),73,1,0.2892892751,0.2892892751,0.4840825472,0.4840825472,6,12,12,2,14,1.95639039e-05,0
matched_sign_order,Sign order (B = 6),73,2,0.07520544467,0.07520544467,0.1258451189,0.1258451189,6,12,24,3,27,0.0005878024297,0
matched_sign_order,Sign order (B = 6),73,3,0.2399393242,0.07520544467,0.4015027491,0.1258451189,6,12,36,4,40,0.001528483088,0
matched_sign_order,Sign order (B = 6),73,4,0.07411826962,0.07411826962,0.1240258932,0.1240258932,6,12,48,5,53,0.0007676453325,0
matched_sign_order,Sign order (B = 6),73,5,0.09186388309,0.07411826962,0.1537205363,0.1240258932,6,12,60,6,66,0.001402679905,0
matched_sign_order,Sign order (B = 6),73,6,0.2213734697,0.07411826962,0.3704355547,0.1240258932,6,12,72,7,79,0.0014366028,0
matched_sign_order,Sign order (B = 6),73,7,0.05398726872,0.05398726872,0.09033965932,0.09033965932,6,12,84,8,92,0.0008076757771,0
matched_sign_order,Sign order (B = 6),73,8,0.1609073666,0.05398726872,0.2692545303,0.09033965932,6,12,96,9,105,0.001494010466,0
matched_sign_order,Sign order (B = 6),73,9,0.123059421,0.05398726872,0.2059216262,0.09033965932,6,12,108,10,118,0.001100935738,0
matched_sign_order,Sign order (B = 6),73,10,0.1698807338,0.05398726872,0.2842701248,0.09033965932,6,12,120,11,131,0.00130706932,0
matched_sign_order,Sign order (B = 6),73,11,0.1211324196,0.05398726872,0.2026970762,0.09033965932,6,12,132,12,144,0.001033929959,0
matched_sign_order,Sign order (B = 6),73,12,0.05688933069,0.05398726872,0.09519582811,0.09033965932,6,12,144,13,157,0.00123722002,0
matched_sign_order,Sign order (B = 6),73,13,0.2931277303,0.05398726872,0.4905056307,0.09033965932,6,12,156,14,170,0.001652112478,0
matched_sign_order,Sign order (B = 6),73,14,0.08708309678,0.05398726872,0.1457206019,0.09033965932,6,12,168,15,183,8.388607048e-05,0
matched_sign_order,Sign order (B = 6),73,15,0.2215092059,0.05398726872,0.370662689,0.09033965932,6,12,180,16,196,0.001431167682,0
matched_sign_order,Sign order (B = 6),73,16,0.08475380731,0.05398726872,0.1418228827,0.09033965932,6,12,192,17,209,0.0008115663241,0
matched_sign_order,Sign order (B = 6),73,17,0.2275440633,0.05398726872,0.3807611247,0.09033965932,6,12,204,18,222,0.001448539011,0
matched_sign_order,Sign order (B = 6),73,18,0.08244596107,0.05398726872,0.1379610455,0.09033965932,6,12,216,19,235,0.0007890536602,0
matched_sign_order,Sign order (B = 6),73,19,0.2338226622,0.05398726872,0.3912674255,0.09033965932,6,12,228,20,248,0.001465667191,0
matched_sign_order,Sign order (B = 6),73,20,0.08835305553,0.05398726872,0.1478456889,0.09033965932,6,12,240,21,261,0.0007999262767,0
matched_snr_order,SNR order (B = 6),73,0,0.5976031915,0.5976031915,1,1,0,0,0,1,1,,0
matched_snr_order,SNR order (B = 6),73,1,0.2771430805,0.2771430805,0.4637576981,0.4637576981,6,12,12,2,14,2.414939579e-05,0
matched_snr_order,SNR order (B = 6),73,2,0.07018503581,0.07018503581,0.1174442118,0.1174442118,6,12,24,3,27,0.0006295761701,0
matched_snr_order,SNR order (B = 6),73,3,0.09779883437,0.07018503581,0.163651794,0.1174442118,6,12,36,4,40,0.001411704309,0
matched_snr_order,SNR order (B = 6),73,4,0.2109845872,0.07018503581,0.3530513059,0.1174442118,6,12,48,5,53,0.001403699685,0
matched_snr_order,SNR order (B = 6),73,5,0.05074597955,0.05074597955,0.08491584429,0.08491584429,6,12,60,6,66,0.0008396329236,0
matched_snr_order,SNR order (B = 6),73,6,0.3087959838,0.05074597955,0.5167241209,0.08491584429,6,12,72,7,79,0.001589370092,0
matched_snr_order,SNR order (B = 6),73,7,0.1135086023,0.05074597955,0.1899397525,0.08491584429,6,12,84,8,92,0.0004658330051,0
matched_snr_order,SNR order (B = 6),73,8,0.187991219,0.05074597955,0.3145753264,0.08491584429,6,12,96,9,105,0.001359185246,0
matched_snr_order,SNR order (B = 6),73,9,0.04854539588,0.04854539588,0.08123349503,0.08123349503,6,12,108,10,118,0.000941794606,0
matched_snr_order,SNR order (B = 6),73,10,0.3290567324,0.04854539588,0.5506274683,0.08123349503,6,12,120,11,131,0.001594585842,0
matched_snr_order,SNR order (B = 6),73,11,0.1297008013,0.04854539588,0.2170349876,0.08123349503,6,12,132,12,144,0.0004087069953,0
matched_snr_order,SNR order (B = 6),73,12,0.1709203628,0.04854539588,0.2860097891,0.08123349503,6,12,144,13,157,0.001285421412,0
matched_snr_order,SNR order (B = 6),73,13,0.04807195303,0.04807195303,0.08044125887,0.08044125887,6,12,156,14,170,0.0001502246494,0
matched_snr_order,SNR order (B = 6),73,14,0.305074933,0.04807195303,0.5104974962,0.08044125887,6,12,168,15,183,0.00159991745,0
matched_snr_order,SNR order (B = 6),73,15,0.05216607507,0.04807195303,0.08729216278,0.08044125887,6,12,180,16,196,0.0005340384274,0
matched_snr_order,SNR order (B = 6),73,16,0.3210311914,0.04807195303,0.5371979199,0.08044125887,6,12,192,17,209,0.001639781247,0
matched_snr_order,SNR order (B = 6),73,17,0.1261694589,0.04807195303,0.2111258117,0.08044125887,6,12,204,18,222,0.000430477776,0
matched_snr_order,SNR order (B = 6),73,18,0.1754446568,0.04807195303,0.2935805219,0.08044125887,6,12,216,19,235,0.001304948662,0
matched_snr_order,SNR order (B = 6),73,19,0.04872822186,0.04807195303,0.08153942709,0.08044125887,6,12,228,20,248,0.0001484815727,0
matched_snr_order,SNR order (B = 6),73,20,0.2992124021,0.04807195303,0.5006874233,0.08044125887,6,12,240,21,261,0.001594682338,0
matched_magnitude_order,Magnitude order (B = 6),73,0,0.5976031915,0.5976031915,1,1,0,0,0,1,1,,0
matched_magnitude_order,Magnitude order (B = 6),73,1,0.2892892751,0.2892892751,0.4840825472,0.4840825472,6,12,12,2,14,1.95639039e-05,0
matched_magnitude_order,Magnitude order (B = 6),73,2,0.07520544467,0.07520544467,0.1258451189,0.1258451189,6,12,24,3,27,0.0005878024297,0
matched_magnitude_order,Magnitude order (B = 6),73,3,0.09012544307,0.07520544467,0.1508115157,0.1258451189,6,12,36,4,40,0.001382100999,0
matched_magnitude_order,Magnitude order (B = 6),73,4,0.2146631908,0.07520544467,0.3592069017,0.1258451189,6,12,48,5,53,0.00136675402,0
matched_magnitude_order,Magnitude order (B = 6),73,5,0.05233421727,0.05233421727,0.08757352372,0.08757352372,6,12,60,6,66,0.0008693327535,0
matched_magnitude_order,Magnitude order (B = 6),73,6,0.3044391578,0.05233421727,0.509433621,0.08757352372,6,12,72,7,79,0.001584881385,0
matched_magnitude_order,Magnitude order (B = 6),73,7,0.1104107317,0.05233421727,0.1847559271,0.08757352372,6,12,84,8,92,0.0004790458427,0
matched_magnitude_order,Magnitude order (B = 6),73,8,0.1903112358,0.05233421727,0.3184575292,0.08757352372,6,12,96,9,105,0.001275262155,0
matched_magnitude_order,Magnitude order (B = 6),73,9,0.0503333014,0.0503333014,0.08422528881,0.08422528881,6,12,108,10,118,0.0001376871945,0
matched_magnitude_order,Magnitude order (B = 6),73,10,0.3190623482,0.0503333014,0.5339033539,0.08422528881,6,12,120,11,131,0.001600189375,0
matched_magnitude_order,Magnitude order (B = 6),73,11,0.1212188486,0.0503333014,0.2028417022,0.08422528881,6,12,132,12,144,0.0004367978668,0
matched_magnitude_order,Magnitude order (B = 6),73,12,0.1781020451,0.0503333014,0.2980272657,0.08422528881,6,12,144,13,157,0.001226023377,0
matched_magnitude_order,Magnitude order (B = 6),73,13,0.04969355703,0.04969355703,0.08315477182,0.08315477182,6,12,156,14,170,0.0001455825334,0
matched_magnitude_order,Magnitude order (B = 6),73,14,0.3284062294,0.04969355703,0.5495389485,0.08315477182,6,12,168,15,183,0.001593367644,0
matched_magnitude_order,Magnitude order (B = 6),73,15,0.1455191219,0.04969355703,0.243504593,0.08315477182,6,12,180,16,196,6.816341354e-05,0
matched_magnitude_order,Magnitude order (B = 6),73,16,0.1474549746,0.04969355703,0.2467439543,0.08315477182,6,12,192,17,209,0.001152411604,0
matched_magnitude_order,Magnitude order (B = 6),73,17,0.04986522242,0.04969355703,0.08344202831,0.08315477182,6,12,204,18,222,0.0001650861111,0
matched_magnitude_order,Magnitude order (B = 6),73,18,0.2721086499,0.04969355703,0.4553333279,0.08315477182,6,12,216,19,235,0.001651126374,0
matched_magnitude_order,Magnitude order (B = 6),73,19,0.07512269927,0.04969355703,0.1257066568,0.08315477182,6,12,228,20,248,9.354039067e-05,0
matched_magnitude_order,Magnitude order (B = 6),73,20,0.09438642779,0.04969355703,0.1579416394,0.08315477182,6,12,240,21,261,0.001432186547,0
calibrated_snr,Calibrated SNR (variable),73,0,0.5976031915,0.5976031915,1,1,0,0,0,1,1,,0
calibrated_snr,Calibrated SNR (variable),73,1,0.3019010386,0.3019010386,0.5051864563,0.5051864563,7,14,14,2,16,0.0001052686921,0
calibrated_snr,Calibrated SNR (variable),73,2,0.0812547215,0.0812547215,0.1359676833,0.1359676833,7,14,28,3,31,0.0005194254179,0
calibrated_snr,Calibrated SNR (variable),73,3,0.2437434575,0.0812547215,0.4078683999,0.1359676833,9,18,46,4,50,0.001482821664,0
calibrated_snr,Calibrated SNR (variable),73,4,0.08422051563,0.0812547215,0.1409304984,0.1359676833,11,22,68,5,73,0.0007347998763,0
calibrated_snr,Calibrated SNR (variable),73,5,0.2389675774,0.0812547215,0.3998766754,0.1359676833,9,18,86,6,92,0.001469091754,0
calibrated_snr,Calibrated SNR (variable),73,6,0.0873159924,0.0812547215,0.1461103181,0.1359676833,11,22,108,7,115,0.0007528363912,0
calibrated_snr,Calibrated SNR (variable),73,7,0.2341418256,0.0812547215,0.3918014979,0.1359676833,9,18,126,8,134,0.001454714197,0
calibrated_snr,Calibrated SNR (variable),73,8,0.09054029953,0.0812547215,0.1515057162,0.1359676833,11,22,148,9,157,0.0007712164725,0
calibrated_snr,Calibrated SNR (variable),73,9,0.2292718026,0.0812547215,0.3836522393,0.1359676833,9,18,166,10,176,0.00143970182,0
calibrated_snr,Calibrated SNR (variable),73,10,0.09389225554,0.0812547215,0.1571147157,0.1359676833,11,22,188,11,199,0.0007899224013,0
calibrated_snr,Calibrated SNR (variable),73,11,0.2243631339,0.0812547215,0.3754383127,0.1359676833,9,18,206,12,218,0.001424069546,0
calibrated_snr,Calibrated SNR (variable),73,12,0.09737036494,0.0812547215,0.1629348142,0.1359676833,11,22,228,13,241,0.0008089355346,0
calibrated_snr,Calibrated SNR (variable),73,13,0.219421462,0.0812547215,0.3671691602,0.1359676833,9,18,246,14,260,0.00140783428,0
calibrated_snr,Calibrated SNR (variable),73,14,0.100972836,0.0812547215,0.1689630133,0.1359676833,11,22,268,15,283,0.0008282363164,0
calibrated_snr,Calibrated SNR (variable),73,15,0.2144524413,0.0812547215,0.3588542436,0.1359676833,9,18,286,16,302,0.001391014769,0
calibrated_snr,Calibrated SNR (variable),73,16,0.1046975988,0.0812547215,0.1751958494,0.1359676833,11,22,308,17,325,0.0008478042857,0
calibrated_snr,Calibrated SNR (variable),73,17,0.2094617363,0.0812547215,0.3505030416,0.1359676833,9,18,326,18,344,0.00137363146,0
calibrated_snr,Calibrated SNR (variable),73,18,0.1085423219,0.0812547215,0.1816294214,0.1359676833,11,22,348,19,367,0.0008676180736,0
calibrated_snr,Calibrated SNR (variable),73,19,0.2044550191,0.0812547215,0.3421250455,0.1359676833,9,18,366,20,386,0.001355706361,0
calibrated_snr,Calibrated SNR (variable),73,20,0.1125044305,0.0812547215,0.1882594204,0.1359676833,11,22,388,21,409,0.0008876554074,0
calibrated_magnitude,Calibrated magnitude (variable),73,0,0.5976031915,0.5976031915,1,1,0,0,0,1,1,,0
calibrated_magnitude,Calibrated magnitude (variable),73,1,0.3076767985,0.3076767985,0.514851331,0.514851331,9,18,18,2,20,9.639730514e-05,0
calibrated_magnitude,Calibrated magnitude (variable),73,2,0.05130487428,0.05130487428,0.08585107144,0.08585107144,10,20,38,3,41,0.0005032276702,0
calibrated_magnitude,Calibrated magnitude (variable),73,3,0.3208538583,0.05130487428,0.5369011793,0.08585107144,11,22,60,4,64,0.001582877679,0
calibrated_magnitude,Calibrated magnitude (variable),73,4,0.0484843658,0.0484843658,0.08113137027,0.08113137027,10,20,80,5,85,0.0004637635502,0
calibrated_magnitude,Calibrated magnitude (variable),73,5,0.3338302444,0.0484843658,0.5586152303,0.08113137027,11,22,102,6,108,0.001601491251,0
calibrated_magnitude,Calibrated magnitude (variable),73,6,0.04648245682,0.04648245682,0.07778147353,0.07778147353,10,20,122,7,129,0.0004258975636,0
calibrated_magnitude,Calibrated magnitude (variable),73,7,0.3464419272,0.04648245682,0.5797190044,0.07778147353,11,22,144,8,152,0.001618985682,0
calibrated_magnitude,Calibrated magnitude (variable),73,8,0.04528176684,0.04528176684,0.07577229755,0.07577229755,10,20,164,9,173,0.0003900246243,0
calibrated_magnitude,Calibrated magnitude (variable),73,9,0.3577729777,0.04528176684,0.5986798311,0.07577229755,11,22,186,10,196,0.00164100228,0
calibrated_magnitude,Calibrated magnitude (variable),73,10,0.04478295367,0.04478295367,0.07493760794,0.07493760794,10,20,206,11,217,0.0003584540236,0
calibrated_magnitude,Calibrated magnitude (variable),73,11,0.2651472515,0.04478295367,0.4436844637,0.07493760794,11,22,228,12,240,0.001265474114,0
calibrated_magnitude,Calibrated magnitude (variable),73,12,0.07062081683,0.04478295367,0.1181734265,0.07493760794,11,22,250,13,263,0.0006619723028,0
calibrated_magnitude,Calibrated magnitude (variable),73,13,0.2650850117,0.04478295367,0.4435803147,0.07493760794,11,22,272,14,286,0.001473766525,0
calibrated_magnitude,Calibrated magnitude (variable),73,14,0.07058837601,0.04478295367,0.1181191416,0.07493760794,11,22,294,15,309,0.0006620243804,0
calibrated_magnitude,Calibrated magnitude (variable),73,15,0.2650221565,0.04478295367,0.4434751358,0.07493760794,11,22,316,16,332,0.001473623258,0
calibrated_magnitude,Calibrated magnitude (variable),73,16,0.07055561607,0.04478295367,0.1180643227,0.07493760794,11,22,338,17,355,0.000662076766,0
calibrated_magnitude,Calibrated magnitude (variable),73,17,0.264958679,0.04478295367,0.4433689157,0.07493760794,11,22,360,18,378,0.001473477899,0
calibrated_magnitude,Calibrated magnitude (variable),73,18,0.0705225335,0.04478295367,0.118008964,0.07493760794,11,22,382,19,401,0.0006621294624,0
calibrated_magnitude,Calibrated magnitude (variable),73,19,0.2648945725,0.04478295367,0.4432616429,0.07493760794,11,22,404,20,424,0.001473330425,0
calibrated_magnitude,Calibrated magnitude (variable),73,20,0.07048912478,0.04478295367,0.1179530595,0.07493760794,11,22,426,21,447,0.0006621824729,0
calibrated_sign_abstain,Sign: abstain (complete FD),73,0,0.5976031915,0.5976031915,1,1,0,0,0,1,1,,0
calibrated_sign_abstain,Sign: abstain (complete FD),73,1,0.2067801066,0.2067801066,0.3460157335,0.3460157335,11,22,22,2,24,0.0001133181611,0
calibrated_sign_abstain,Sign: abstain (complete FD),73,2,0.1096414291,0.1096414291,0.1834686137,0.1834686137,11,22,44,3,47,0.0008837726299,0
calibrated_sign_abstain,Sign: abstain (complete FD),73,3,0.2067546031,0.1096414291,0.3459730572,0.1834686137,11,22,66,4,70,0.001294566874,0
calibrated_sign_abstain,Sign: abstain (complete FD),73,4,0.1096209991,0.1096209991,0.1834344272,0.1834344272,11,22,88,5,93,0.0008837762916,0
calibrated_sign_abstain,Sign: abstain (complete FD),73,5,0.2067288912,0.1096209991,0.3459300322,0.1834344272,11,22,110,6,116,0.001294531962,0
calibrated_sign_abstain,Sign: abstain (complete FD),73,6,0.1096004065,0.1096004065,0.1833999685,0.1833999685,11,22,132,7,139,0.0008837798501,0
calibrated_sign_abstain,Sign: abstain (complete FD),73,7,0.206702969,0.1096004065,0.3458866551,0.1833999685,11,22,154,8,162,0.001294496513,0
calibrated_sign_abstain,Sign: abstain (complete FD),73,8,0.1095796495,0.1095796495,0.1833652348,0.1833652348,11,22,176,9,185,0.0008837833045,0
calibrated_sign_abstain,Sign: abstain (complete FD),73,9,0.2066768342,0.1095796495,0.3458429225,0.1833652348,11,22,198,10,208,0.001294460521,0
calibrated_sign_abstain,Sign: abstain (complete FD),73,10,0.1095587267,0.1095587267,0.1833302236,0.1833302236,11,22,220,11,231,0.0008837866539,0
calibrated_sign_abstain,Sign: abstain (complete FD),73,11,0.206650485,0.1095587267,0.345798831,0.1833302236,11,22,242,12,254,0.00129442398,0
calibrated_sign_abstain,Sign: abstain (complete FD),73,12,0.1095376365,0.1095376365,0.1832949323,0.1832949323,11,22,264,13,277,0.000883789897,0
calibrated_sign_abstain,Sign: abstain (complete FD),73,13,0.2066239191,0.1095376365,0.345754377,0.1832949323,11,22,286,14,300,0.001294386884,0
calibrated_sign_abstain,Sign: abstain (complete FD),73,14,0.1095163773,0.1095163773,0.1832593581,0.1832593581,11,22,308,15,323,0.000883793033,0
calibrated_sign_abstain,Sign: abstain (complete FD),73,15,0.2065971346,0.1095163773,0.345709557,0.1832593581,11,22,330,16,346,0.001294349229,0
calibrated_sign_abstain,Sign: abstain (complete FD),73,16,0.1094949474,0.1094949474,0.1832234984,0.1832234984,11,22,352,17,369,0.0008837960607,0
calibrated_sign_abstain,Sign: abstain (complete FD),73,17,0.2065701291,0.1094949474,0.3456643674,0.1832234984,11,22,374,18,392,0.001294311008,0
calibrated_sign_abstain,Sign: abstain (complete FD),73,18,0.1094733452,0.1094733452,0.1831873504,0.1831873504,11,22,396,19,415,0.0008837989792,0
calibrated_sign_abstain,Sign: abstain (complete FD),73,19,0.2065429007,0.1094733452,0.3456188046,0.1831873504,11,22,418,20,438,0.001294272215,0
calibrated_sign_abstain,Sign: abstain (complete FD),73,20,0.1094515692,0.1094515692,0.1831509114,0.1831509114,11,22,440,21,461,0.0008838017873,0
all_autodiff,All autodiff,30,0,0.8578592008,0.8578592008,1,1,0,0,0,1,1,,0
all_autodiff,All autodiff,30,1,0.7516468823,0.7516468823,0.8761891014,0.8761891014,0,0,0,2,2,,0
all_autodiff,All autodiff,30,2,0.5135127599,0.5135127599,0.5985979511,0.5985979511,0,0,0,3,3,,0
all_autodiff,All autodiff,30,3,0.1217090706,0.1217090706,0.1418753456,0.1418753456,0,0,0,4,4,,0
all_autodiff,All autodiff,30,4,0.105829356,0.105829356,0.1233644821,0.1233644821,0,0,0,5,5,,0
all_autodiff,All autodiff,30,5,0.09179676337,0.09179676337,0.1070067947,0.1070067947,0,0,0,6,6,,0
all_autodiff,All autodiff,30,6,0.1061862466,0.09179676337,0.1237805067,0.1070067947,0,0,0,7,7,,0
all_autodiff,All autodiff,30,7,0.1002365105,0.09179676337,0.1168449442,0.1070067947,0,0,0,8,8,,0
all_autodiff,All autodiff,30,8,0.1081111469,0.09179676337,0.1260243485,0.1070067947,0,0,0,9,9,,0
all_autodiff,All autodiff,30,9,0.1035558772,0.09179676337,0.120714305,0.1070067947,0,0,0,10,10,,0
all_autodiff,All autodiff,30,10,0.1082441534,0.09179676337,0.1261793932,0.1070067947,0,0,0,11,11,,0
all_autodiff,All autodiff,30,11,0.1027975137,0.09179676337,0.1198302863,0.1070067947,0,0,0,12,12,,0
all_autodiff,All autodiff,30,12,0.1060165719,0.09179676337,0.1235827183,0.1070067947,0,0,0,13,13,,0
all_autodiff,All autodiff,30,13,0.09845150579,0.09179676337,0.1147641777,0.1070067947,0,0,0,14,14,,0
all_autodiff,All autodiff,30,14,0.1021055504,0.09179676337,0.11902367,0.1070067947,0,0,0,15,15,,0
all_autodiff,All autodiff,30,15,0.09075956942,0.09075956942,0.1057977455,0.1057977455,0,0,0,16,16,,0
all_autodiff,All autodiff,30,16,0.09848217323,0.09075956942,0.1147999265,0.1057977455,0,0,0,17,17,,0
all_autodiff,All autodiff,30,17,0.07904981671,0.07904981671,0.09214777511,0.09214777511,0,0,0,18,18,,0
all_autodiff,All autodiff,30,18,0.1001305274,0.07904981671,0.1167214005,0.09214777511,0,0,0,19,19,,0
all_autodiff,All autodiff,30,19,0.06076975194,0.06076975194,0.07083884148,0.07083884148,0,0,0,20,20,,0
all_autodiff,All autodiff,30,20,0.1213709248,0.06076975194,0.1414811716,0.07083884148,0,0,0,21,21,,0
complete_fd,Complete central FD,30,0,0.8578592008,0.8578592008,1,1,0,0,0,1,1,,0
complete_fd,Complete central FD,30,1,0.7493070691,0.7493070691,0.8734615988,0.8734615988,11,22,22,2,24,0.0001808001507,0
complete_fd,Complete central FD,30,2,0.4990286209,0.4990286209,0.5817138995,0.5817138995,11,22,44,3,47,0.000214142779,0
complete_fd,Complete central FD,30,3,0.08963531766,0.08963531766,0.1044872137,0.1044872137,11,22,66,4,70,3.701083231e-05,0
complete_fd,Complete central FD,30,4,0.2376953304,0.08963531766,0.2770796538,0.1044872137,11,22,88,5,93,0.001421372156,0
complete_fd,Complete central FD,30,5,0.08963114363,0.08963114363,0.1044823481,0.1044823481,11,22,110,6,116,0.0007732649548,0
complete_fd,Complete central FD,30,6,0.2376891463,0.08963114363,0.2770724451,0.1044823481,11,22,132,7,139,0.001421365534,0
complete_fd,Complete central FD,30,7,0.08962696448,0.08962696448,0.1044774765,0.1044774765,11,22,154,8,162,0.000773273203,0
complete_fd,Complete central FD,30,8,0.2376829543,0.08962696448,0.2770652271,0.1044774765,11,22,176,9,185,0.00142135887,0
complete_fd,Complete central FD,30,9,0.08962278018,0.08962278018,0.1044725989,0.1044725989,11,22,198,10,208,0.0007732814343,0
complete_fd,Complete central FD,30,10,0.2376767544,0.08962278018,0.2770579999,0.1044725989,11,22,220,11,231,0.001421352165,0
complete_fd,Complete central FD,30,11,0.08961859071,0.08961859071,0.1044677152,0.1044677152,11,22,242,12,254,0.0007732896489,0
complete_fd,Complete central FD,30,12,0.2376705464,0.08961859071,0.2770507633,0.1044677152,11,22,264,13,277,0.001421345419,0
complete_fd,Complete central FD,30,13,0.08961439605,0.08961439605,0.1044628256,0.1044628256,11,22,286,14,300,0.0007732978466,0
complete_fd,Complete central FD,30,14,0.2376643304,0.08961439605,0.2770435173,0.1044628256,11,22,308,15,323,0.001421338631,0
complete_fd,Complete central FD,30,15,0.08961019618,0.08961019618,0.1044579298,0.1044579298,11,22,330,16,346,0.0007733060275,0
complete_fd,Complete central FD,30,16,0.2376581063,0.08961019618,0.277036262,0.1044579298,11,22,352,17,369,0.001421331802,0
complete_fd,Complete central FD,30,17,0.08960599107,0.08960599107,0.1044530279,0.1044530279,11,22,374,18,392,0.0007733141917,0
complete_fd,Complete central FD,30,18,0.2376518741,0.08960599107,0.2770289971,0.1044530279,11,22,396,19,415,0.001421324932,0
complete_fd,Complete central FD,30,19,0.08960178069,0.08960178069,0.1044481199,0.1044481199,11,22,418,20,438,0.0007733223391,0
complete_fd,Complete central FD,30,20,0.2376456337,0.08960178069,0.2770217228,0.1044481199,11,22,440,21,461,0.00142131802,0
matched_random,Random order (B = 6),30,0,0.8578592008,0.8578592008,1,1,0,0,0,1,1,,0
matched_random,Random order (B = 6),30,1,0.7503573301,0.7503573301,0.8746858801,0.8746858801,6,12,12,2,14,3.578503928e-05,0
matched_random,Random order (B = 6),30,2,0.5120985778,0.5120985778,0.5969494497,0.5969494497,6,12,24,3,27,0.000234703216,0
matched_random,Random order (B = 6),30,3,0.1868490819,0.1868490819,0.2178085654,0.2178085654,6,12,36,4,40,2.384450852e-06,0
matched_random,Random order (B = 6),30,4,0.1140176082,0.1140176082,0.1329094659,0.1329094659,6,12,48,5,53,0.001006830037,0
matched_random,Random order (B = 6),30,5,0.1616236385,0.1140176082,0.1884034564,0.1329094659,6,12,60,6,66,0.001236138553,0
matched_random,Random order (B = 6),30,6,0.1306016423,0.1140176082,0.1522413493,0.1329094659,6,12,72,7,79,0.001136151134,0
matched_random,Random order (B = 6),30,7,0.1422716835,0.1140176082,0.1658450283,0.1329094659,6,12,84,8,92,0.001162735663,0
matched_random,Random order (B = 6),30,8,0.04873389787,0.04873389787,0.05680873717,0.05680873717,6,12,96,9,105,0.001137079156,0
matched_random,Random order (B = 6),30,9,0.04906939833,0.04873389787,0.05719982752,0.05680873717,6,12,108,10,118,0.001658802282,0
matched_random,Random order (B = 6),30,10,0.2122787748,0.04873389787,0.2474517667,0.05680873717,6,12,120,11,131,0.001613575656,0
matched_random,Random order (B = 6),30,11,0.09336474757,0.04873389787,0.108834582,0.05680873717,6,12,132,12,144,0.0008643759501,0
matched_random,Random order (B = 6),30,12,0.08204777241,0.04873389787,0.09564246946,0.05680873717,6,12,144,13,157,0.001304266362,0
matched_random,Random order (B = 6),30,13,0.2232914777,0.04873389787,0.2602891914,0.05680873717,6,12,156,14,170,0.001465429783,0
matched_random,Random order (B = 6),30,14,0.04894558315,0.04873389787,0.05705549711,0.05680873717,6,12,168,15,183,0.0007594506452,0
matched_random,Random order (B = 6),30,15,0.231715452,0.04873389787,0.2701089547,0.05680873717,6,12,180,16,196,0.001541717027,0
matched_random,Random order (B = 6),30,16,0.08614959023,0.04873389787,0.1004239275,0.05680873717,6,12,192,17,209,0.0008225774952,0
matched_random,Random order (B = 6),30,17,0.2081978878,0.04873389787,0.2426947075,0.05680873717,6,12,204,18,222,0.001397124954,0
matched_random,Random order (B = 6),30,18,0.06739943576,0.04873389787,0.0785670139,0.05680873717,6,12,216,19,235,0.0008342335217,0
matched_random,Random order (B = 6),30,19,0.2505943987,0.04873389787,0.2921160005,0.05680873717,6,12,228,20,248,0.001519893215,0
matched_random,Random order (B = 6),30,20,0.07565298197,0.04873389787,0.08818811047,0.05680873717,6,12,240,21,261,0.000716027927,0
matched_sign_order,Sign order (B = 6),30,0,0.8578592008,0.8578592008,1,1,0,0,0,1,1,,0
matched_sign_order,Sign order (B = 6),30,1,0.7511174667,0.7511174667,0.8755719657,0.8755719657,6,12,12,2,14,0.0001874584396,0
matched_sign_order,Sign order (B = 6),30,2,0.5133343659,0.5133343659,0.5983899985,0.5983899985,6,12,24,3,27,0.0002072471243,0
matched_sign_order,Sign order (B = 6),30,3,0.1129839863,0.1129839863,0.1317045807,0.1317045807,6,12,36,4,40,1.355101227e-05,0
matched_sign_order,Sign order (B = 6),30,4,0.1995192784,0.1129839863,0.232578118,0.1317045807,6,12,48,5,53,0.001394727979,0
matched_sign_order,Sign order (B = 6),30,5,0.1101049385,0.1101049385,0.1283484963,0.1283484963,6,12,60,6,66,0.0009636556816,0
matched_sign_order,Sign order (B = 6),30,6,0.2033091691,0.1101049385,0.236995965,0.1283484963,6,12,72,7,79,0.001408444718,0
matched_sign_order,Sign order (B = 6),30,7,0.09982195863,0.09982195863,0.1163617043,0.1163617043,6,12,84,8,92,0.0008994308876,0
matched_sign_order,Sign order (B = 6),30,8,0.2176383298,0.09982195863,0.2536993595,0.1163617043,6,12,96,9,105,0.001459540396,0
matched_sign_order,Sign order (B = 6),30,9,0.09947991027,0.09947991027,0.1159629811,0.1159629811,6,12,108,10,118,0.0008711834865,0
matched_sign_order,Sign order (B = 6),30,10,0.2179968745,0.09947991027,0.2541173124,0.1159629811,6,12,120,11,131,0.001460264086,0
matched_sign_order,Sign order (B = 6),30,11,0.08983003128,0.08983003128,0.1047141899,0.1047141899,6,12,132,12,144,0.0008397912278,0
matched_sign_order,Sign order (B = 6),30,12,0.2327650367,0.08983003128,0.2713324476,0.1047141899,6,12,144,13,157,0.001508521938,0
matched_sign_order,Sign order (B = 6),30,13,0.08089117397,0.08089117397,0.09429423137,0.09429423137,6,12,156,14,170,0.0007822391969,0
matched_sign_order,Sign order (B = 6),30,14,0.2479544544,0.08089117397,0.2890386373,0.09429423137,6,12,168,15,183,0.001553518106,0
matched_sign_order,Sign order (B = 6),30,15,0.07304142566,0.07304142566,0.08514383898,0.08514383898,6,12,180,16,196,0.0007275772816,0
matched_sign_order,Sign order (B = 6),30,16,0.2624924485,0.07304142566,0.3059854674,0.08514383898,6,12,192,17,209,0.001592562901,0
matched_sign_order,Sign order (B = 6),30,17,0.07150103614,0.07150103614,0.08334821854,0.08334821854,6,12,204,18,222,0.0007085182164,0
matched_sign_order,Sign order (B = 6),30,18,0.2658457352,0.07150103614,0.3098943684,0.08334821854,6,12,216,19,235,0.001600278663,0
matched_sign_order,Sign order (B = 6),30,19,0.06435050812,0.06435050812,0.07501290195,0.07501290195,6,12,228,20,248,0.0006597060273,0
matched_sign_order,Sign order (B = 6),30,20,0.2820217729,0.06435050812,0.3287506535,0.07501290195,6,12,240,21,261,0.001636475457,0
matched_snr_order,SNR order (B = 6),30,0,0.8578592008,0.8578592008,1,1,0,0,0,1,1,,0
matched_snr_order,SNR order (B = 6),30,1,0.7500567067,0.7500567067,0.8743354457,0.8743354457,6,12,12,2,14,3.602917334e-05,0
matched_snr_order,SNR order (B = 6),30,2,0.5049163225,0.5049163225,0.5885771488,0.5885771488,6,12,24,3,27,3.693573338e-05,0
matched_snr_order,SNR order (B = 6),30,3,0.1905017675,0.1905017675,0.2220664735,0.2220664735,6,12,36,4,40,2.710466797e-05,0
matched_snr_order,SNR order (B = 6),30,4,0.120377463,0.120377463,0.1403231007,0.1403231007,6,12,48,5,53,0.001034510336,0
matched_snr_order,SNR order (B = 6),30,5,0.1866296598,0.120377463,0.2175527868,0.1403231007,6,12,60,6,66,0.001324939812,0
matched_snr_order,SNR order (B = 6),30,6,0.1236861763,0.120377463,0.1441800429,0.1403231007,6,12,72,7,79,0.00105163667,0
matched_snr_order,SNR order (B = 6),30,7,0.1828315374,0.120377463,0.2131253441,0.1403231007,6,12,84,8,92,0.00130888029,0
matched_snr_order,SNR order (B = 6),30,8,0.1269951776,0.120377463,0.1480373206,0.1403231007,6,12,96,9,105,0.001068493862,0
matched_snr_order,SNR order (B = 6),30,9,0.1791009206,0.120377463,0.2087765923,0.1403231007,6,12,108,10,118,0.001292846837,0
matched_snr_order,SNR order (B = 6),30,10,0.1303071215,0.120377463,0.1518980287,0.1403231007,6,12,120,11,131,0.00108510255,0
matched_snr_order,SNR order (B = 6),30,11,0.1717817029,0.120377463,0.2002446354,0.1403231007,6,12,132,12,144,0.001276935079,0
matched_snr_order,SNR order (B = 6),30,12,0.136786846,0.120377463,0.1594513947,0.1403231007,6,12,144,13,157,0.001117709693,0
matched_snr_order,SNR order (B = 6),30,13,0.1682628794,0.120377463,0.1961427694,0.1403231007,6,12,156,14,170,0.001245529826,0
matched_snr_order,SNR order (B = 6),30,14,0.1401049877,0.120377463,0.1633193274,0.1403231007,6,12,168,15,183,0.001133584444,0
matched_snr_order,SNR order (B = 6),30,15,0.1647906424,0.120377463,0.1920952089,0.1403231007,6,12,180,16,196,0.001229687157,0
matched_snr_order,SNR order (B = 6),30,16,0.1434363119,0.120377463,0.1672026269,0.1403231007,6,12,192,17,209,0.001149278391,0
matched_snr_order,SNR order (B = 6),30,17,0.1578131029,0.120377463,0.1839615437,0.1403231007,6,12,204,18,222,0.0012139942,0
matched_snr_order,SNR order (B = 6),30,18,0.1501341135,0.120377463,0.1750102037,0.1403231007,6,12,216,19,235,0.001180991577,0
matched_snr_order,SNR order (B = 6),30,19,0.1545019506,0.120377463,0.1801017585,0.1403231007,6,12,228,20,248,0.00118219138,0
matched_snr_order,SNR order (B = 6),30,20,0.1535014438,0.120377463,0.1789354753,0.1403231007,6,12,240,21,261,0.00119611884,0
matched_magnitude_order,Magnitude order (B = 6),30,0,0.8578592008,0.8578592008,1,1,0,0,0,1,1,,0
matched_magnitude_order,Magnitude order (B = 6),30,1,0.7507651985,0.7507651985,0.8751613293,0.8751613293,6,12,12,2,14,3.104264411e-05,0
matched_magnitude_order,Magnitude order (B = 6),30,2,0.5093340946,0.5093340946,0.5937269124,0.5937269124,6,12,24,3,27,3.46289646e-05,0
matched_magnitude_order,Magnitude order (B = 6),30,3,0.178362443,0.178362443,0.2079157545,0.2079157545,6,12,36,4,40,2.483496563e-06,0
matched_magnitude_order,Magnitude order (B = 6),30,4,0.04510616025,0.04510616025,0.05257991079,0.05257991079,6,12,48,5,53,0.0009816847246,0
matched_magnitude_order,Magnitude order (B = 6),30,5,0.1738733612,0.04510616025,0.2026828657,0.05257991079,6,12,60,6,66,0.00171120376,0
matched_magnitude_order,Magnitude order (B = 6),30,6,0.04696341963,0.04510616025,0.05474490405,0.05257991079,6,12,72,7,79,0.001005828213,0
matched_magnitude_order,Magnitude order (B = 6),30,7,0.2545155055,0.04510616025,0.2966868051,0.05257991079,6,12,84,8,92,0.001698536021,0
matched_magnitude_order,Magnitude order (B = 6),30,8,0.05335003701,0.04510616025,0.06218973576,0.05257991079,6,12,96,9,105,0.0001054026991,0
matched_magnitude_order,Magnitude order (B = 6),30,9,0.311777073,0.04510616025,0.3634361824,0.05257991079,6,12,108,10,118,0.001655527664,0
matched_magnitude_order,Magnitude order (B = 6),30,10,0.05051300638,0.04510616025,0.05888263055,0.05257991079,6,12,120,11,131,0.0005168162078,0
matched_magnitude_order,Magnitude order (B = 6),30,11,0.3194066923,0.04510616025,0.3723299721,0.05257991079,6,12,132,12,144,0.001667533015,0
matched_magnitude_order,Magnitude order (B = 6),30,12,0.1144646101,0.04510616025,0.1334305327,0.05257991079,6,12,144,13,157,0.0004394872455,0
matched_magnitude_order,Magnitude order (B = 6),30,13,0.1964718132,0.04510616025,0.2290257107,0.05257991079,6,12,156,14,170,0.001340779031,0
matched_magnitude_order,Magnitude order (B = 6),30,14,0.04800355518,0.04510616025,0.0559573822,0.05257991079,6,12,168,15,183,0.0001383608542,0
matched_magnitude_order,Magnitude order (B = 6),30,15,0.05103125899,0.04510616025,0.05948675371,0.05257991079,6,12,180,16,196,0.001597995569,0
matched_magnitude_order,Magnitude order (B = 6),30,16,0.3187382224,0.04510616025,0.3715507417,0.05257991079,6,12,192,17,209,0.001610191722,0
matched_magnitude_order,Magnitude order (B = 6),30,17,0.1143636269,0.04510616025,0.1333128173,0.05257991079,6,12,204,18,222,0.000437439465,0
matched_magnitude_order,Magnitude order (B = 6),30,18,0.1969657079,0.04510616025,0.22960144,0.05257991079,6,12,216,19,235,0.001329097182,0
matched_magnitude_order,Magnitude order (B = 6),30,19,0.05111585502,0.04510616025,0.05958536665,0.05257991079,6,12,228,20,248,0.0009244317855,0
matched_magnitude_order,Magnitude order (B = 6),30,20,0.188216574,0.04510616025,0.2194026407,0.05257991079,6,12,240,21,261,0.001643703409,0
calibrated_snr,Calibrated SNR (variable),30,0,0.8578592008,0.8578592008,1,1,0,0,0,1,1,,0
calibrated_snr,Calibrated SNR (variable),30,1,0.7513357126,0.7513357126,0.8758263732,0.8758263732,2,4,4,2,6,1.563778312e-05,0
calibrated_snr,Calibrated SNR (variable),30,2,0.5112999312,0.5112999312,0.5960184733,0.5960184733,3,6,10,3,13,3.385832692e-05,0
calibrated_snr,Calibrated SNR (variable),30,3,0.1929655944,0.1929655944,0.2249385379,0.2249385379,5,10,20,4,24,1.699823542e-05,0
calibrated_snr,Calibrated SNR (variable),30,4,0.1198462707,0.1198462707,0.1397038938,0.1397038938,9,18,38,5,43,0.0009809936646,0
calibrated_snr,Calibrated SNR (variable),30,5,0.1964986584,0.1198462707,0.229057004,0.1397038938,10,20,58,6,64,0.001269230631,0
calibrated_snr,Calibrated SNR (variable),30,6,0.1170154453,0.1170154453,0.136404022,0.136404022,9,18,76,7,83,0.0009661526407,0
calibrated_snr,Calibrated SNR (variable),30,7,0.2000314941,0.1170154453,0.233175204,0.136404022,10,20,96,8,104,0.001282276649,0
calibrated_snr,Calibrated SNR (variable),30,8,0.114226945,0.114226945,0.1331534882,0.1331534882,9,18,114,9,123,0.000951362908,0
calibrated_snr,Calibrated SNR (variable),30,9,0.2040788796,0.114226945,0.2378932107,0.1331534882,11,22,136,10,146,0.001293851809,0
calibrated_snr,Calibrated SNR (variable),30,10,0.1110905621,0.1110905621,0.1294974303,0.1294974303,9,18,154,11,165,0.0009344617244,0
calibrated_snr,Calibrated SNR (variable),30,11,0.20813314,0.1110905621,0.2426192314,0.1294974303,11,22,176,12,188,0.001308264077,0
calibrated_snr,Calibrated SNR (variable),30,12,0.108007742,0.108007742,0.1259038103,0.1259038103,9,18,194,13,207,0.0009176182265,0
calibrated_snr,Calibrated SNR (variable),30,13,0.2121930626,0.108007742,0.2473518527,0.1259038103,11,22,216,14,230,0.001322431285,0
calibrated_snr,Calibrated SNR (variable),30,14,0.1049795225,0.1049795225,0.1223738376,0.1223738376,9,18,234,15,249,0.0009008395581,0
calibrated_snr,Calibrated SNR (variable),30,15,0.2162574667,0.1049795225,0.2520896978,0.1223738376,11,22,256,16,272,0.001336342673,0
calibrated_snr,Calibrated SNR (variable),30,16,0.1020069308,0.1020069308,0.1189087099,0.1189087099,9,18,274,17,291,0.000884132568,0
calibrated_snr,Calibrated SNR (variable),30,17,0.2203252033,0.1020069308,0.2568314277,0.1189087099,11,22,296,18,314,0.001349987469,0
calibrated_snr,Calibrated SNR (variable),30,18,0.09909098394,0.09909098394,0.1155096126,0.1155096126,9,18,314,19,333,0.000867503811,0
calibrated_snr,Calibrated SNR (variable),30,19,0.224395154,0.09909098394,0.2615757386,0.1155096126,11,22,336,20,356,0.001363354893,0
calibrated_snr,Calibrated SNR (variable),30,20,0.09623268626,0.09623268626,0.1121777165,0.1121777165,9,18,354,21,375,0.0008509595574,0
calibrated_magnitude,Calibrated magnitude (variable),30,0,0.8578592008,0.8578592008,1,1,0,0,0,1,1,,0
calibrated_magnitude,Calibrated magnitude (variable),30,1,0.7507651985,0.7507651985,0.8751613293,0.8751613293,6,12,12,2,14,3.104264411e-05,0
calibrated_magnitude,Calibrated magnitude (variable),30,2,0.5093340946,0.5093340946,0.5937269124,0.5937269124,6,12,24,3,27,3.46289646e-05,0
calibrated_magnitude,Calibrated magnitude (variable),30,3,0.178362443,0.178362443,0.2079157545,0.2079157545,6,12,36,4,40,2.483496563e-06,0
calibrated_magnitude,Calibrated magnitude (variable),30,4,0.1347265494,0.1347265494,0.1570497225,0.1570497225,10,20,56,5,61,0.001039024747,0
calibrated_magnitude,Calibrated magnitude (variable),30,5,0.1747537733,0.1347265494,0.2037091554,0.1570497225,10,20,76,6,82,0.001222686022,0
calibrated_magnitude,Calibrated magnitude (variable),30,6,0.1380094542,0.1347265494,0.1608765798,0.1570497225,10,20,96,7,103,0.001054422529,0
calibrated_magnitude,Calibrated magnitude (variable),30,7,0.1711853436,0.1347265494,0.1995494638,0.1570497225,10,20,116,8,124,0.001207343457,0
calibrated_magnitude,Calibrated magnitude (variable),30,8,0.1413193548,0.1347265494,0.164734906,0.1570497225,10,20,136,9,145,0.001069725547,0
calibrated_magnitude,Calibrated magnitude (variable),30,9,0.1676563323,0.1347265494,0.195435722,0.1570497225,10,20,156,10,166,0.001191958176,0
calibrated_magnitude,Calibrated magnitude (variable),30,10,0.1446563907,0.1347265494,0.1686248636,0.1570497225,10,20,176,11,187,0.001084933745,0
calibrated_magnitude,Calibrated magnitude (variable),30,11,0.1641660604,0.1347265494,0.1913671383,0.1570497225,10,20,196,12,208,0.001176531798,0
calibrated_magnitude,Calibrated magnitude (variable),30,12,0.1480207113,0.1347265494,0.1725466267,0.1570497225,10,20,216,13,229,0.001100046541,0
calibrated_magnitude,Calibrated magnitude (variable),30,13,0.1607139799,0.1347265494,0.1873430742,0.1570497225,10,20,236,14,250,0.001161065928,0
calibrated_magnitude,Calibrated magnitude (variable),30,14,0.1514124776,0.1347265494,0.1765003831,0.1570497225,10,20,256,15,271,0.001115062863,0
calibrated_magnitude,Calibrated magnitude (variable),30,15,0.1572996674,0.1347265494,0.1833630358,0.1570497225,10,20,276,16,292,0.001145562152,0
calibrated_magnitude,Calibrated magnitude (variable),30,16,0.1548318619,0.1347265494,0.1804863336,0.1570497225,10,20,296,17,313,0.001129981153,0
calibrated_magnitude,Calibrated magnitude (variable),30,17,0.1539228156,0.1347265494,0.1794266652,0.1570497225,10,20,316,18,334,0.00113002204,0
calibrated_magnitude,Calibrated magnitude (variable),30,18,0.1582790487,0.1347265494,0.1845046933,0.1570497225,10,20,336,19,355,0.001144799392,0
calibrated_magnitude,Calibrated magnitude (variable),30,19,0.1505832306,0.1347265494,0.1755337361,0.1570497225,10,20,356,20,376,0.001114447142,0
calibrated_magnitude,Calibrated magnitude (variable),30,20,0.1617542332,0.1347265494,0.1885556896,0.1570497225,10,20,376,21,397,0.001159515093,0
calibrated_sign_abstain,Sign: abstain (complete FD),30,0,0.8578592008,0.8578592008,1,1,0,0,0,1,1,,0
calibrated_sign_abstain,Sign: abstain (complete FD),30,1,0.7493070691,0.7493070691,0.8734615988,0.8734615988,11,22,22,2,24,0.0001808001507,0
calibrated_sign_abstain,Sign: abstain (complete FD),30,2,0.4990286209,0.4990286209,0.5817138995,0.5817138995,11,22,44,3,47,0.000214142779,0
calibrated_sign_abstain,Sign: abstain (complete FD),30,3,0.08963531766,0.08963531766,0.1044872137,0.1044872137,11,22,66,4,70,3.701083231e-05,0
calibrated_sign_abstain,Sign: abstain (complete FD),30,4,0.2376953304,0.08963531766,0.2770796538,0.1044872137,11,22,88,5,93,0.001421372156,0
calibrated_sign_abstain,Sign: abstain (complete FD),30,5,0.08963114363,0.08963114363,0.1044823481,0.1044823481,11,22,110,6,116,0.0007732649548,0
calibrated_sign_abstain,Sign: abstain (complete FD),30,6,0.2376891463,0.08963114363,0.2770724451,0.1044823481,11,22,132,7,139,0.001421365534,0
calibrated_sign_abstain,Sign: abstain (complete FD),30,7,0.08962696448,0.08962696448,0.1044774765,0.1044774765,11,22,154,8,162,0.000773273203,0
calibrated_sign_abstain,Sign: abstain (complete FD),30,8,0.2376829543,0.08962696448,0.2770652271,0.1044774765,11,22,176,9,185,0.00142135887,0
calibrated_sign_abstain,Sign: abstain (complete FD),30,9,0.08962278018,0.08962278018,0.1044725989,0.1044725989,11,22,198,10,208,0.0007732814343,0
calibrated_sign_abstain,Sign: abstain (complete FD),30,10,0.2376767544,0.08962278018,0.2770579999,0.1044725989,11,22,220,11,231,0.001421352165,0
calibrated_sign_abstain,Sign: abstain (complete FD),30,11,0.08961859071,0.08961859071,0.1044677152,0.1044677152,11,22,242,12,254,0.0007732896489,0
calibrated_sign_abstain,Sign: abstain (complete FD),30,12,0.2376705464,0.08961859071,0.2770507633,0.1044677152,11,22,264,13,277,0.001421345419,0
calibrated_sign_abstain,Sign: abstain (complete FD),30,13,0.08961439605,0.08961439605,0.1044628256,0.1044628256,11,22,286,14,300,0.0007732978466,0
calibrated_sign_abstain,Sign: abstain (complete FD),30,14,0.2376643304,0.08961439605,0.2770435173,0.1044628256,11,22,308,15,323,0.001421338631,0
calibrated_sign_abstain,Sign: abstain (complete FD),30,15,0.08961019618,0.08961019618,0.1044579298,0.1044579298,11,22,330,16,346,0.0007733060275,0
calibrated_sign_abstain,Sign: abstain (complete FD),30,16,0.2376581063,0.08961019618,0.277036262,0.1044579298,11,22,352,17,369,0.001421331802,0
calibrated_sign_abstain,Sign: abstain (complete FD),30,17,0.08960599107,0.08960599107,0.1044530279,0.1044530279,11,22,374,18,392,0.0007733141917,0
calibrated_sign_abstain,Sign: abstain (complete FD),30,18,0.2376518741,0.08960599107,0.2770289971,0.1044530279,11,22,396,19,415,0.001421324932,0
calibrated_sign_abstain,Sign: abstain (complete FD),30,19,0.08960178069,0.08960178069,0.1044481199,0.1044481199,11,22,418,20,438,0.0007733223391,0
calibrated_sign_abstain,Sign: abstain (complete FD),30,20,0.2376456337,0.08960178069,0.2770217228,0.1044481199,11,22,440,21,461,0.00142131802,0
