dataset,M,subset_index,members,sign_auc,snr_auc,magnitude_auc,tau09_coverage,tau09_false_trust_risk,zero_budget_cosine,accepted_components,total_components,K
TMM easy (near-saturated),3,0,0;1;2,0.741490610329,0.951291079812,0.945799798793,0.968181818182,0.0164319248826,0.99507700329,852,880,11
TMM easy (near-saturated),3,1,0;1;3,0.679221200211,0.906641273958,0.928684306495,0.968181818182,0.0211267605634,0.994719530058,852,880,11
TMM easy (near-saturated),3,2,0;1;4,0.756476358149,0.919056002683,0.947183098592,0.961363636364,0.01536643026,0.995176032813,846,880,11
TMM easy (near-saturated),3,3,0;1;5,0.695885102018,0.923781298682,0.922679433109,0.956818181818,0.021377672209,0.993871006833,842,880,11
TMM easy (near-saturated),3,4,0;1;6,0.66291178735,0.929859394627,0.934154544349,0.969318181818,0.0222743259086,0.995171687939,853,880,11
TMM easy (near-saturated),3,5,0;1;7,0.832147360836,0.952350927761,0.949153305711,0.954545454545,0.00952380952381,0.995061490717,840,880,11
TMM easy (near-saturated),3,6,0;1;8,0.666478034876,0.936829309188,0.930751173709,0.964772727273,0.0212014134276,0.995271575661,849,880,11
TMM easy (near-saturated),3,7,0;1;9,0.700887267003,0.942256091016,0.93570891918,0.961363636364,0.0224586288416,0.994121881781,846,880,11
TMM easy (near-saturated),3,8,0;2;3,0.645913529722,0.946189067628,0.938571254913,0.971590909091,0.0233918128655,0.995000054957,855,880,11
TMM easy (near-saturated),3,9,0;2;4,0.674764447918,0.911727671399,0.949850201902,0.965909090909,0.02,0.995502704357,850,880,11
TMM easy (near-saturated),3,10,0;2;5,0.702176470588,0.94168627451,0.93137254902,0.956818181818,0.020190023753,0.994097422383,842,880,11
TMM easy (near-saturated),3,11,0;2;6,0.663458811135,0.937396166781,0.946553750152,0.970454545455,0.0222482435597,0.995466659448,854,880,11
TMM easy (near-saturated),3,12,0;2;7,0.795262114934,0.941497027563,0.950909745992,0.957954545455,0.011862396204,0.995321088832,843,880,11
TMM easy (near-saturated),3,13,0;2;8,0.649626928236,0.936368209256,0.944081153588,0.967045454545,0.0223266745006,0.995565581525,851,880,11
TMM easy (near-saturated),3,14,0;2;9,0.696182728411,0.942567097761,0.946773744959,0.963636363636,0.0235849056604,0.994451925808,848,880,11
TMM easy (near-saturated),3,15,0;3;4,0.715319730993,0.89855237661,0.94141114784,0.964772727273,0.020023557126,0.995208867192,849,880,11
TMM easy (near-saturated),3,16,0;3;5,0.637848377518,0.876999034024,0.922900790669,0.961363636364,0.0271867612293,0.993877505233,846,880,11
TMM easy (near-saturated),3,17,0;3;6,0.616561025943,0.905770931604,0.933335790094,0.973863636364,0.0280046674446,0.995140140151,857,880,11
TMM easy (near-saturated),3,18,0;3;7,0.76266770874,0.945942425427,0.937128218488,0.956818181818,0.0142517814727,0.994991127351,842,880,11
TMM easy (near-saturated),3,19,0;3;8,0.633591701812,0.911508795927,0.929974543106,0.967045454545,0.0258519388954,0.995331281015,851,880,11
TMM easy (near-saturated),3,20,0;3;9,0.606382978723,0.906410791267,0.931024892226,0.968181818182,0.0305164319249,0.994128686602,852,880,11
TMM easy (near-saturated),3,21,0;4;5,0.76531372549,0.934392156863,0.929607843137,0.95,0.0155502392344,0.994773840412,836,880,11
TMM easy (near-saturated),3,22,0;4;6,0.712184448316,0.910288099194,0.944730337534,0.963636363636,0.0188679245283,0.995659957694,848,880,11
TMM easy (near-saturated),3,23,0;4;7,0.819265338023,0.91954322435,0.957535495636,0.952272727273,0.0107398568019,0.995505248928,838,880,11
TMM easy (near-saturated),3,24,0;4;8,0.693930061996,0.929899914907,0.944163053608,0.961363636364,0.0200945626478,0.995760882692,846,880,11
TMM easy (near-saturated),3,25,0;4;9,0.737362675567,0.932206925323,0.947017104714,0.956818181818,0.020190023753,0.994789899758,842,880,11
TMM easy (near-saturated),3,26,0;5;6,0.664198303435,0.924419413155,0.929738562092,0.961363636364,0.0260047281324,0.994314255111,846,880,11
TMM easy (near-saturated),3,27,0;5;7,0.766494802146,0.950829979879,0.925720992622,0.946590909091,0.0144057623049,0.993341745041,833,880,11
TMM easy (near-saturated),3,28,0;5;8,0.665196078431,0.927607843137,0.919215686275,0.954545454545,0.022619047619,0.994573474947,840,880,11
TMM easy (near-saturated),3,29,0;5;9,0.627455621302,0.918748943364,0.921318681319,0.957954545455,0.0296559905101,0.992532857127,843,880,11
TMM easy (near-saturated),3,30,0;6;7,0.7996179063,0.936997959272,0.945812166211,0.954545454545,0.0119047619048,0.995525926892,840,880,11
TMM easy (near-saturated),3,31,0;6;8,0.661722435142,0.921285377358,0.940632370283,0.967045454545,0.0246768507638,0.995718062648,851,880,11
TMM easy (near-saturated),3,32,0;6;9,0.676240780098,0.93896112014,0.946774596825,0.967045454545,0.0282021151586,0.994602327198,851,880,11
TMM easy (near-saturated),3,33,0;7;8,0.744713646824,0.94394511745,0.94520428987,0.956818181818,0.0154394299287,0.99551656064,842,880,11
TMM easy (near-saturated),3,34,0;7;9,0.75062745098,0.942352941176,0.937607843137,0.952272727273,0.0167064439141,0.99430508443,838,880,11
TMM easy (near-saturated),3,35,0;8;9,0.673558748943,0.926187658495,0.939577345731,0.961363636364,0.0260047281324,0.994791559779,846,880,11
TMM easy (near-saturated),3,36,1;2;3,0.678105529595,0.904595015576,0.949522975078,0.971590909091,0.0175438596491,0.995344856062,855,880,11
TMM easy (near-saturated),3,37,1;2;4,0.679777149509,0.917013138201,0.952214646045,0.970454545455,0.0152224824356,0.99574989026,854,880,11
TMM easy (near-saturated),3,38,1;2;5,0.725894736842,0.826432748538,0.943204678363,0.955681818182,0.0154577883472,0.994714659141,841,880,11
TMM easy (near-saturated),3,39,1;2;6,0.679225077882,0.86550817757,0.950593847352,0.973863636364,0.0175029171529,0.99570599777,857,880,11
TMM easy (near-saturated),3,40,1;2;7,0.852140283958,0.97594829413,0.968743377834,0.960227272727,0.00710059171598,0.99568468376,845,880,11
TMM easy (near-saturated),3,41,1;2;8,0.711064327485,0.891649122807,0.957941520468,0.970454545455,0.016393442623,0.995854374857,854,880,11
TMM easy (near-saturated),3,42,1;2;9,0.721537558685,0.914989939638,0.953428906774,0.9625,0.0177095631641,0.994795314724,847,880,11
TMM easy (near-saturated),3,43,1;3;4,0.731492336416,0.931874430116,0.95649342191,0.967045454545,0.0164512338425,0.995453572934,851,880,11
TMM easy (near-saturated),3,44,1;3;5,0.699656270959,0.856933266264,0.928361837693,0.957954545455,0.0189798339265,0.994522242498,843,880,11
TMM easy (near-saturated),3,45,1;3;6,0.639768138596,0.913507880683,0.941687291043,0.975,0.0221445221445,0.99537241541,858,880,11
TMM easy (near-saturated),3,46,1;3;7,0.827415204678,0.955789473684,0.962713450292,0.956818181818,0.00950118764846,0.995369066612,842,880,11
TMM easy (near-saturated),3,47,1;3;8,0.642136551973,0.936858223743,0.938749774815,0.968181818182,0.0211267605634,0.995626732266,852,880,11
TMM easy (near-saturated),3,48,1;3;9,0.708892246462,0.926923643868,0.947376179245,0.964772727273,0.0212014134276,0.994474608818,849,880,11
TMM easy (near-saturated),3,49,1;4;5,0.796730013372,0.91401596499,0.956764860813,0.951136363636,0.0131421744325,0.995180136937,837,880,11
TMM easy (near-saturated),3,50,1;4;6,0.721851918573,0.932084309133,0.954512700414,0.969318181818,0.0164126611958,0.995809985642,853,880,11
TMM easy (near-saturated),3,51,1;4;7,0.878316675968,0.981837552636,0.970828471412,0.956818181818,0.00593824228029,0.995757841327,842,880,11
TMM easy (near-saturated),3,52,1;4;8,0.739754098361,0.961178166096,0.955728697532,0.967045454545,0.0152761457109,0.995947010848,851,880,11
TMM easy (near-saturated),3,53,1;4;9,0.726868134254,0.939776822544,0.95115279406,0.957954545455,0.0166073546856,0.99500003727,843,880,11
TMM easy (near-saturated),3,54,1;5;6,0.705039215686,0.838078431373,0.94231372549,0.961363636364,0.0200945626478,0.994785055092,846,880,11
TMM easy (near-saturated),3,55,1;5;7,0.830075662043,0.954242478833,0.948747973338,0.945454545455,0.00961538461538,0.994095934679,832,880,11
TMM easy (near-saturated),3,56,1;5;8,0.688658764274,0.876036646259,0.937953193522,0.954545454545,0.0190476190476,0.995107298779,840,880,11
TMM easy (near-saturated),3,57,1;5;9,0.744311073542,0.883956043956,0.942789518174,0.953409090909,0.0202622169249,0.993260846396,839,880,11
TMM easy (near-saturated),3,58,1;6;7,0.820920950156,0.93492017134,0.96578076324,0.957954545455,0.00948991696323,0.995784177291,843,880,11
TMM easy (near-saturated),3,59,1;6;8,0.657439972211,0.89574920759,0.944379314837,0.971590909091,0.0210526315789,0.995905597746,855,880,11
TMM easy (near-saturated),3,60,1;6;9,0.6943359375,0.940558667453,0.951835200472,0.967045454545,0.0223266745006,0.994816580065,851,880,11
TMM easy (near-saturated),3,61,1;7;8,0.808210526316,0.947649122807,0.966128654971,0.960227272727,0.010650887574,0.995831000403,845,880,11
TMM easy (near-saturated),3,62,1;7;9,0.825410798122,0.972292085848,0.959674714956,0.951136363636,0.010752688172,0.994705536095,837,880,11
TMM easy (near-saturated),3,63,1;8;9,0.708173643868,0.939858490566,0.953825176887,0.961363636364,0.0212765957447,0.995072112548,846,880,11
TMM easy (near-saturated),3,64,2;3;4,0.620338897063,0.934706509056,0.950687433413,0.973863636364,0.0198366394399,0.995679958392,857,880,11
TMM easy (near-saturated),3,65,2;3;5,0.65762925599,0.896415060349,0.934336155648,0.960227272727,0.0201183431953,0.994584122749,845,880,11
TMM easy (near-saturated),3,66,2;3;6,0.636527498323,0.928361837693,0.9549379611,0.978409090909,0.0232288037166,0.995577091683,861,880,11
TMM easy (near-saturated),3,67,2;3;7,0.780008761682,0.935893691589,0.960572429907,0.9625,0.0118063754427,0.995520918049,847,880,11
TMM easy (near-saturated),3,68,2;3;8,0.639116842517,0.90608310538,0.958099952238,0.972727272727,0.0221962616822,0.995793420642,856,880,11
TMM easy (near-saturated),3,69,2;3;9,0.639941176471,0.938862745098,0.948,0.969318181818,0.0246189917937,0.994668009753,853,880,11
TMM easy (near-saturated),3,70,2;4;5,0.735453071519,0.888668708341,0.955143217438,0.954545454545,0.0154761904762,0.99533014511,840,880,11
TMM easy (near-saturated),3,71,2;4;6,0.657856308411,0.873977803738,0.956921728972,0.973863636364,0.0186697782964,0.996079881835,857,880,11
TMM easy (near-saturated),3,72,2;4;7,0.749958423416,0.881479017684,0.968069183436,0.963636363636,0.0117924528302,0.995960987908,848,880,11
TMM easy (near-saturated),3,73,2;4;8,0.619933032317,0.885952006494,0.958652529045,0.972727272727,0.0198598130841,0.996181763188,856,880,11
TMM easy (near-saturated),3,74,2;4;9,0.685404091214,0.934230382294,0.959213615023,0.963636363636,0.0200471698113,0.995265006259,848,880,11
TMM easy (near-saturated),3,75,2;5;6,0.683936955064,0.857478202549,0.946470489604,0.961363636364,0.0200945626478,0.994848719541,846,880,11
TMM easy (near-saturated),3,76,2;5;7,0.865736050893,0.962478220349,0.95854775315,0.947727272727,0.0083932853717,0.994185174011,834,880,11
TMM easy (near-saturated),3,77,2;5;8,0.717157109323,0.870347082495,0.951081488934,0.955681818182,0.0178359096314,0.995249573704,841,880,11
TMM easy (near-saturated),3,78,2;5;9,0.728542807055,0.916317841938,0.941862545168,0.954545454545,0.0202380952381,0.993381064822,840,880,11
TMM easy (near-saturated),3,79,2;6;7,0.80113415109,0.963395638629,0.969674844237,0.961363636364,0.0106382978723,0.995957379875,846,880,11
TMM easy (near-saturated),3,80,2;6;8,0.658373496592,0.894012418045,0.961356432634,0.973863636364,0.0210035005834,0.996108389024,857,880,11
TMM easy (near-saturated),3,81,2;6;9,0.67954009434,0.93757370283,0.958394752358,0.969318181818,0.0234466588511,0.995052746964,853,880,11
TMM easy (near-saturated),3,82,2;7;8,0.769801169591,0.920888888889,0.971789473684,0.964772727273,0.0129564193168,0.996012600215,849,880,11
TMM easy (near-saturated),3,83,2;7;9,0.808790241449,0.954602615694,0.964201877934,0.955681818182,0.0118906064209,0.994898826975,841,880,11
TMM easy (near-saturated),3,84,2;8;9,0.660521090806,0.902062482272,0.955306130718,0.964772727273,0.0223792697291,0.995289131502,849,880,11
TMM easy (near-saturated),3,85,3;4;5,0.744310194156,0.912040731031,0.948478285649,0.955681818182,0.0178359096314,0.995152606152,841,880,11
TMM easy (near-saturated),3,86,3;4;6,0.664694679687,0.908343125734,0.954941448195,0.973863636364,0.022170361727,0.995803613612,857,880,11
TMM easy (near-saturated),3,87,3;4;7,0.768124397545,0.95063670032,0.959667190909,0.959090909091,0.0118483412322,0.995688228151,844,880,11
TMM easy (near-saturated),3,88,3;4;8,0.655724892536,0.894576874647,0.953236941514,0.969318181818,0.021101992966,0.996010548669,853,880,11
TMM easy (near-saturated),3,89,3;4;9,0.665982750104,0.910938865458,0.949960104867,0.964772727273,0.0235571260306,0.995003126128,849,880,11
TMM easy (near-saturated),3,90,3;5;6,0.617158706638,0.85918917892,0.935711843155,0.967045454545,0.027027027027,0.994712614749,851,880,11
TMM easy (near-saturated),3,91,3;5;7,0.786301140174,0.922535211268,0.941566063045,0.948863636364,0.0131736526946,0.994078797115,835,880,11
TMM easy (near-saturated),3,92,3;5;8,0.643737424547,0.865610328638,0.927062374245,0.957954545455,0.0225385527877,0.995135065953,843,880,11
TMM easy (near-saturated),3,93,3;5;9,0.63318731748,0.887845918509,0.931198720623,0.961363636364,0.0283687943262,0.993311493182,846,880,11
TMM easy (near-saturated),3,94,3;6;7,0.756980724194,0.946991533057,0.957304990092,0.961363636364,0.0141843971631,0.995674465558,846,880,11
TMM easy (near-saturated),3,95,3;6;8,0.645289971736,0.914171228221,0.956352187757,0.975,0.0268065268065,0.995904084387,858,880,11
TMM easy (near-saturated),3,96,3;6;9,0.597617258774,0.943257844084,0.944331150943,0.975,0.030303030303,0.994767905274,858,880,11
TMM easy (near-saturated),3,97,3;7;8,0.747188571925,0.935000651296,0.958577569363,0.961363636364,0.01536643026,0.995802816795,846,880,11
TMM easy (near-saturated),3,98,3;7;9,0.744519632076,0.95745370558,0.952023988006,0.956818181818,0.0166270783848,0.994600795368,842,880,11
TMM easy (near-saturated),3,99,3;8;9,0.640621086902,0.915816965404,0.946119995707,0.967045454545,0.027027027027,0.995086268256,851,880,11
TMM easy (near-saturated),3,100,4;5;6,0.746520696934,0.881184930772,0.961682945154,0.956818181818,0.0190023752969,0.995495951351,842,880,11
TMM easy (near-saturated),3,101,4;5;7,0.84110915493,0.950243125419,0.962231723675,0.944318181818,0.00962695547533,0.995049833433,831,880,11
TMM easy (near-saturated),3,102,4;5;8,0.742331536934,0.899509704607,0.9534827181,0.952272727273,0.0167064439141,0.995713807568,838,880,11
TMM easy (near-saturated),3,103,4;5;9,0.749443749131,0.933319427062,0.947712418301,0.95,0.0191387559809,0.994433049311,836,880,11
TMM easy (near-saturated),3,104,4;6;7,0.780091121,0.933407501589,0.963816486544,0.957954545455,0.0106761565836,0.996119352528,843,880,11
TMM easy (near-saturated),3,105,4;6;8,0.674938126872,0.909296166037,0.95710129825,0.970454545455,0.019906323185,0.99631799989,854,880,11
TMM easy (near-saturated),3,106,4;6;9,0.666742657396,0.937421634561,0.956115353927,0.964772727273,0.0235571260306,0.995386657819,849,880,11
TMM easy (near-saturated),3,107,4;7;8,0.74816374269,0.918549707602,0.972725146199,0.9625,0.0141676505313,0.996139249409,847,880,11
TMM easy (near-saturated),3,108,4;7;9,0.813849831841,0.94331212772,0.968920944933,0.952272727273,0.0119331742243,0.99521011351,838,880,11
TMM easy (near-saturated),3,109,4;8;9,0.675716195956,0.920256088172,0.957372665019,0.961363636364,0.0212765957447,0.995585003137,846,880,11
TMM easy (near-saturated),3,110,5;6;7,0.81862745098,0.950588235294,0.953647058824,0.948863636364,0.0119760479042,0.994304147855,835,880,11
TMM easy (near-saturated),3,111,5;6;8,0.70022539444,0.876820149547,0.94912525491,0.960227272727,0.0224852071006,0.995363712998,845,880,11
TMM easy (near-saturated),3,112,5;6;9,0.644683009298,0.911276415892,0.937717666948,0.9625,0.0283353010626,0.993429267316,847,880,11
TMM easy (near-saturated),3,113,5;7;8,0.77732079906,0.920215567892,0.952550751651,0.948863636364,0.014371257485,0.994720221777,835,880,11
TMM easy (near-saturated),3,114,5;7;9,0.779831220519,0.965654481132,0.941037735849,0.946590909091,0.015606242497,0.992130183848,833,880,11
TMM easy (near-saturated),3,115,5;8;9,0.713423499577,0.928250211327,0.942113271344,0.954545454545,0.022619047619,0.994086699784,840,880,11
TMM easy (near-saturated),3,116,6;7;8,0.74669005848,0.926549707602,0.964350877193,0.961363636364,0.0141843971631,0.996149123593,846,880,11
TMM easy (near-saturated),3,117,6;7;9,0.793989133326,0.956495307572,0.962042630799,0.955681818182,0.0142687277051,0.995022306007,841,880,11
TMM easy (near-saturated),3,118,6;8;9,0.667153386177,0.939751077736,0.955117507996,0.968181818182,0.0258215962441,0.995382371487,852,880,11
TMM easy (near-saturated),3,119,7;8;9,0.744519632076,0.951173062118,0.959155557356,0.956818181818,0.0166270783848,0.995188741885,842,880,11
TMM easy (near-saturated),5,0,0;1;2;3;4,0.744538011696,0.943906432749,0.945777777778,0.956818181818,0.0142517814727,0.995563592195,842,880,11
TMM easy (near-saturated),5,1,0;1;2;3;5,0.768980392157,0.948352941176,0.943176470588,0.946590909091,0.015606242497,0.995023924431,833,880,11
TMM easy (near-saturated),5,2,0;1;2;3;6,0.747437092265,0.954252603428,0.950119534827,0.959090909091,0.0165876777251,0.995516614213,844,880,11
TMM easy (near-saturated),5,3,0;1;2;3;7,0.882339181287,0.972210526316,0.948912280702,0.945454545455,0.00600961538462,0.995562690245,832,880,11
TMM easy (near-saturated),5,4,0;1;2;3;8,0.753311535882,0.952129443327,0.947308853119,0.953409090909,0.015494636472,0.995638414986,839,880,11
TMM easy (near-saturated),5,5,0;1;2;3;9,0.75237254902,0.949960784314,0.945137254902,0.951136363636,0.0167264038232,0.994973973346,837,880,11
TMM easy (near-saturated),5,6,0;1;2;4;5,0.804156862745,0.951333333333,0.956823529412,0.945454545455,0.0132211538462,0.995390940042,832,880,11
TMM easy (near-saturated),5,7,0;1;2;4;6,0.765685380574,0.950327819027,0.953497459945,0.956818181818,0.0142517814727,0.995804923293,842,880,11
TMM easy (near-saturated),5,8,0;1;2;4;7,0.898705218069,0.973812305296,0.95925817757,0.944318181818,0.00481347773767,0.995840989911,831,880,11
TMM easy (near-saturated),5,9,0;1;2;4;8,0.773058908305,0.958656098,0.951675373807,0.952272727273,0.0131264916468,0.995886554289,838,880,11
TMM easy (near-saturated),5,10,0;1;2;4;9,0.770414151576,0.951123407109,0.950704225352,0.948863636364,0.014371257485,0.995303178449,835,880,11
TMM easy (near-saturated),5,11,0;1;2;5;6,0.769352941176,0.943568627451,0.948235294118,0.947727272727,0.015587529976,0.995270817342,834,880,11
TMM easy (near-saturated),5,12,0;1;2;5;7,0.884029904522,0.971806881643,0.94424428031,0.935227272727,0.00607533414338,0.995148110072,823,880,11
TMM easy (near-saturated),5,13,0;1;2;5;8,0.78462745098,0.95568627451,0.95031372549,0.943181818182,0.0144578313253,0.99539747193,830,880,11
TMM easy (near-saturated),5,14,0;1;2;5;9,0.773680610965,0.944944716745,0.94057524982,0.940909090909,0.0157004830918,0.9945792973,828,880,11
TMM easy (near-saturated),5,15,0;1;2;6;7,0.882807017544,0.972257309942,0.953356725146,0.945454545455,0.00600961538462,0.995833889539,832,880,11
TMM easy (near-saturated),5,16,0;1;2;6;8,0.755009221999,0.957914151576,0.949530516432,0.954545454545,0.0154761904762,0.9958568139,840,880,11
TMM easy (near-saturated),5,17,0;1;2;6;9,0.752784313725,0.951960784314,0.947725490196,0.952272727273,0.0167064439141,0.99522021572,838,880,11
TMM easy (near-saturated),5,18,0;1;2;7;8,0.875730140187,0.970404984424,0.950739875389,0.944318181818,0.00601684717208,0.995884248746,831,880,11
TMM easy (near-saturated),5,19,0;1;2;7;9,0.901745098039,0.976901960784,0.95737254902,0.938636363636,0.00605326876513,0.995230954229,826,880,11
TMM easy (near-saturated),5,20,0;1;2;8;9,0.767921568627,0.951450980392,0.949568627451,0.947727272727,0.015587529976,0.995343091105,834,880,11
TMM easy (near-saturated),5,21,0;1;3;4;5,0.814213590802,0.955925707547,0.947560436321,0.944318181818,0.0132370637786,0.995207760382,831,880,11
TMM easy (near-saturated),5,22,0;1;3;4;6,0.754066063045,0.948943661972,0.94533869886,0.956818181818,0.0154394299287,0.995587544951,842,880,11
TMM easy (near-saturated),5,23,0;1;3;4;7,0.907754765316,0.977204637228,0.957709174591,0.943181818182,0.00481927710843,0.995627216566,830,880,11
TMM easy (near-saturated),5,24,0;1;3;4;8,0.760388172463,0.952151448048,0.941209673918,0.952272727273,0.0143198090692,0.99570837997,838,880,11
TMM easy (near-saturated),5,25,0;1;3;4;9,0.783829599057,0.955446639151,0.950397995283,0.948863636364,0.0155688622754,0.995090707007,835,880,11
TMM easy (near-saturated),5,26,0;1;3;5;6,0.735996462264,0.935030955189,0.938384433962,0.948863636364,0.0191616766467,0.995069432691,835,880,11
TMM easy (near-saturated),5,27,0;1;3;5;7,0.855298457411,0.954854124748,0.93661971831,0.935227272727,0.00850546780073,0.994935699766,823,880,11
TMM easy (near-saturated),5,28,0;1;3;5;8,0.722942582763,0.940880910896,0.930629279955,0.944318181818,0.0180505415162,0.995225276237,831,880,11
TMM easy (near-saturated),5,29,0;1;3;5;9,0.762984981227,0.946008900014,0.938151856487,0.940909090909,0.018115942029,0.994376914724,828,880,11
TMM easy (near-saturated),5,30,0;1;3;6;7,0.859238765929,0.959968142186,0.949991616365,0.945454545455,0.00841346153846,0.995603810401,832,880,11
TMM easy (near-saturated),5,31,0;1;3;6;8,0.704176470588,0.953803921569,0.941568627451,0.956818181818,0.020190023753,0.995658690544,842,880,11
TMM easy (near-saturated),5,32,0;1;3;6;9,0.711311220031,0.947604392264,0.938903453779,0.953409090909,0.0202622169249,0.994988639121,839,880,11
TMM easy (near-saturated),5,33,0;1;3;7;8,0.852025530806,0.968868047414,0.946116104381,0.943181818182,0.00843373493976,0.995687199454,830,880,11
TMM easy (near-saturated),5,34,0;1;3;7;9,0.865803921569,0.970117647059,0.948549019608,0.938636363636,0.00847457627119,0.994996404345,826,880,11
TMM easy (near-saturated),5,35,0;1;3;8;9,0.694542253521,0.943494299128,0.928990610329,0.948863636364,0.0191616766467,0.99514607939,835,880,11
TMM easy (near-saturated),5,36,0;1;4;5;6,0.807686462252,0.946578517421,0.949808123409,0.944318181818,0.0132370637786,0.995452635857,831,880,11
TMM easy (near-saturated),5,37,0;1;4;5;7,0.905627198124,0.973817897616,0.949112066345,0.932954545455,0.00487210718636,0.995359641867,821,880,11
TMM easy (near-saturated),5,38,0;1;4;5;8,0.815745098039,0.961725490196,0.948274509804,0.940909090909,0.012077294686,0.995555574673,828,880,11
TMM easy (near-saturated),5,39,0;1;4;5;9,0.823651091642,0.954804616882,0.949833124739,0.9375,0.0133333333333,0.994848634946,825,880,11
TMM easy (near-saturated),5,40,0;1;4;6;7,0.9045217078,0.974013691227,0.959646910467,0.943181818182,0.00481927710843,0.995890423794,830,880,11
TMM easy (near-saturated),5,41,0;1;4;6;8,0.770833333333,0.959255533199,0.9476861167,0.953409090909,0.0143027413588,0.995919948077,839,880,11
TMM easy (near-saturated),5,42,0;1;4;6;9,0.768431372549,0.952392156863,0.949137254902,0.948863636364,0.0155688622754,0.995330716772,835,880,11
TMM easy (near-saturated),5,43,0;1;4;7;8,0.89918128655,0.972397660819,0.956070175439,0.940909090909,0.0048309178744,0.99593642814,828,880,11
TMM easy (near-saturated),5,44,0;1;4;7;9,0.907905767941,0.973801140174,0.954979879276,0.936363636364,0.00485436893204,0.995344158401,824,880,11
TMM easy (near-saturated),5,45,0;1;4;8;9,0.783156862745,0.961137254902,0.948823529412,0.946590909091,0.0144057623049,0.995447535238,833,880,11
TMM easy (near-saturated),5,46,0;1;5;6;7,0.856283534541,0.954854124748,0.942865526492,0.936363636364,0.00849514563107,0.995214108077,824,880,11
TMM easy (near-saturated),5,47,0;1;5;6;8,0.742315437517,0.948098332003,0.941259166382,0.946590909091,0.0180072028812,0.995450395889,833,880,11
TMM easy (near-saturated),5,48,0;1;5;6;9,0.749913085802,0.943610068141,0.941558893061,0.943181818182,0.0192771084337,0.994618727967,830,880,11
TMM easy (near-saturated),5,49,0;1;5;7;8,0.831726803005,0.963223481395,0.940992575225,0.935227272727,0.0097205346294,0.995299929195,823,880,11
TMM easy (near-saturated),5,50,0;1;5;7;9,0.828036125223,0.959706482567,0.929225826061,0.931818181818,0.00975609756098,0.994399946704,820,880,11
TMM easy (near-saturated),5,51,0;1;5;8;9,0.755715359021,0.951343422418,0.940753461415,0.940909090909,0.018115942029,0.99479062313,828,880,11
TMM easy (near-saturated),5,52,0;1;6;7;8,0.852503147931,0.9668273197,0.951673830924,0.944318181818,0.00842358604091,0.99592948391,831,880,11
TMM easy (near-saturated),5,53,0;1;6;7;9,0.867,0.967647058824,0.952,0.939772727273,0.00846432889964,0.995270805005,827,880,11
TMM easy (near-saturated),5,54,0;1;6;8;9,0.735885908019,0.954525353774,0.945201945755,0.951136363636,0.0191158900836,0.995364183426,837,880,11
TMM easy (near-saturated),5,55,0;1;7;8;9,0.837168846412,0.964662977867,0.947811871227,0.939772727273,0.00967351874244,0.995355446194,827,880,11
TMM easy (near-saturated),5,56,0;2;3;4;5,0.750544936284,0.944668008048,0.942069081154,0.946590909091,0.015606242497,0.99532699685,833,880,11
TMM easy (near-saturated),5,57,0;2;3;4;6,0.719546445339,0.947644198524,0.949782025486,0.959090909091,0.0177725118483,0.995750705501,844,880,11
TMM easy (near-saturated),5,58,0;2;3;4;7,0.823157894737,0.96449122807,0.95069005848,0.947727272727,0.00959232613909,0.99576445293,834,880,11
TMM easy (near-saturated),5,59,0;2;3;4;8,0.728534381458,0.957048502776,0.956157056607,0.955681818182,0.0178359096314,0.995859395319,841,880,11
TMM easy (near-saturated),5,60,0;2;3;4;9,0.697937625755,0.943410462777,0.942152917505,0.952272727273,0.0190930787589,0.995251781132,838,880,11
TMM easy (near-saturated),5,61,0;2;3;5;6,0.711691173677,0.944640753828,0.944450777005,0.951136363636,0.0203106332139,0.995176087329,837,880,11
TMM easy (near-saturated),5,62,0;2;3;5;7,0.849528895836,0.963483999826,0.940167600191,0.936363636364,0.00849514563107,0.995041995692,824,880,11
TMM easy (near-saturated),5,63,0;2;3;5;8,0.723023623323,0.947485716601,0.937436687062,0.945454545455,0.0180288461538,0.995340110094,832,880,11
TMM easy (near-saturated),5,64,0;2;3;5;9,0.707359702116,0.942399027319,0.935901819978,0.944318181818,0.0204572803851,0.994498628952,831,880,11
TMM easy (near-saturated),5,65,0;2;3;6;7,0.835895097912,0.967825973688,0.95210802831,0.947727272727,0.00959232613909,0.995736788928,834,880,11
TMM easy (near-saturated),5,66,0;2;3;6;8,0.714255860785,0.953873627417,0.952581785022,0.957954545455,0.0201660735469,0.995803548755,843,880,11
TMM easy (near-saturated),5,67,0;2;3;6;9,0.668921568627,0.945019607843,0.94262745098,0.956818181818,0.0225653206651,0.995145711438,842,880,11
TMM easy (near-saturated),5,68,0;2;3;7;8,0.809381192578,0.963970455774,0.948657899478,0.946590909091,0.0108043217287,0.995818215999,833,880,11
TMM easy (near-saturated),5,69,0;2;3;7;9,0.820150067069,0.963698859826,0.943703890007,0.942045454545,0.0108564535585,0.995135921621,829,880,11
TMM easy (near-saturated),5,70,0;2;3;8;9,0.672818995907,0.940435187811,0.939989464727,0.952272727273,0.0214797136038,0.995295287626,838,880,11
TMM easy (near-saturated),5,71,0;2;4;5;6,0.760545402974,0.935167551359,0.949511730621,0.946590909091,0.015606242497,0.995577739674,833,880,11
TMM easy (near-saturated),5,72,0;2;4;5;7,0.875523977197,0.969609322602,0.953554661301,0.935227272727,0.00729040097205,0.995472455131,823,880,11
TMM easy (near-saturated),5,73,0;2;4;5;8,0.776024150087,0.954941448195,0.951254102678,0.943181818182,0.0144578313253,0.995685778167,830,880,11
TMM easy (near-saturated),5,74,0;2;4;5;9,0.765431372549,0.945647058824,0.942,0.939772727273,0.0157194679565,0.994982364703,827,880,11
TMM easy (near-saturated),5,75,0;2;4;6;7,0.842456140351,0.962292397661,0.957192982456,0.946590909091,0.00840336134454,0.996036407513,833,880,11
TMM easy (near-saturated),5,76,0;2;4;6;8,0.725869480266,0.951586991446,0.953323780991,0.955681818182,0.0166468489893,0.996082179469,841,880,11
TMM easy (near-saturated),5,77,0;2;4;6;9,0.726326026176,0.945702824264,0.949025487256,0.951136363636,0.0179211469534,0.995504905772,837,880,11
TMM easy (near-saturated),5,78,0;2;4;7;8,0.803929824561,0.954760233918,0.958643274854,0.946590909091,0.0108043217287,0.996078495968,833,880,11
TMM easy (near-saturated),5,79,0;2;4;7;9,0.826765447667,0.957710322464,0.951044856783,0.940909090909,0.00966183574879,0.995492643452,828,880,11
TMM easy (near-saturated),5,80,0;2;4;8;9,0.71483065057,0.948650234742,0.949782025486,0.95,0.0179425837321,0.995612891117,836,880,11
TMM easy (near-saturated),5,81,0;2;5;6;7,0.850918327472,0.964569493292,0.943467500326,0.9375,0.00848484848485,0.995310927772,825,880,11
TMM easy (near-saturated),5,82,0;2;5;6;8,0.743227326266,0.952961738668,0.949124206847,0.947727272727,0.0179856115108,0.995565107923,834,880,11
TMM easy (near-saturated),5,83,0;2;5;6;9,0.708860519017,0.940841217371,0.938105551123,0.945454545455,0.0204326923077,0.994737451782,832,880,11
TMM easy (near-saturated),5,84,0;2;5;7;8,0.854942152918,0.96541750503,0.949027498323,0.935227272727,0.00850546780073,0.995426308709,823,880,11
TMM easy (near-saturated),5,85,0;2;5;7;9,0.85627456542,0.964706835771,0.938611775193,0.931818181818,0.00853658536585,0.994527902536,820,880,11
TMM easy (near-saturated),5,86,0;2;5;8;9,0.730117647059,0.945882352941,0.937254901961,0.942045454545,0.0180940892642,0.994929537073,829,880,11
TMM easy (near-saturated),5,87,0;2;6;7;8,0.828071518645,0.962664384796,0.95388218339,0.946590909091,0.00960384153661,0.996064423798,833,880,11
TMM easy (near-saturated),5,88,0;2;6;7;9,0.838594064386,0.963782696177,0.948608316566,0.942045454545,0.00965018094089,0.99541403269,829,880,11
TMM easy (near-saturated),5,89,0;2;6;8;9,0.711767164406,0.950833998252,0.949846118774,0.953409090909,0.0202622169249,0.995522464443,839,880,11
TMM easy (near-saturated),5,90,0;2;7;8;9,0.820548289738,0.958710596915,0.950159289068,0.942045454545,0.0108564535585,0.995503359624,829,880,11
TMM easy (near-saturated),5,91,0;3;4;5;6,0.78839755286,0.947014418089,0.948195055633,0.945454545455,0.015625,0.995402690135,832,880,11
TMM easy (near-saturated),5,92,0;3;4;5;7,0.871688464118,0.964914486922,0.943033199195,0.934090909091,0.00729927007299,0.995289674258,822,880,11
TMM easy (near-saturated),5,93,0;3;4;5;8,0.780235294118,0.949882352941,0.938549019608,0.942045454545,0.0144752714113,0.99554251841,829,880,11
TMM easy (near-saturated),5,94,0;3;4;5;9,0.791110415798,0.951884299819,0.943401474065,0.938636363636,0.0157384987893,0.994810330472,826,880,11
TMM easy (near-saturated),5,95,0;3;4;6;7,0.852025530806,0.960574877339,0.95241196648,0.945454545455,0.00841346153846,0.995835040788,832,880,11
TMM easy (near-saturated),5,96,0;3;4;6;8,0.726123424774,0.935451193322,0.945095020058,0.955681818182,0.0178359096314,0.995913975505,841,880,11
TMM easy (near-saturated),5,97,0;3;4;6;9,0.743873206683,0.950699438303,0.948982147329,0.951136363636,0.0191158900836,0.995304242529,837,880,11
TMM easy (near-saturated),5,98,0;3;4;7;8,0.840082159624,0.962022132797,0.95435110664,0.944318181818,0.00962695547533,0.995910953393,831,880,11
TMM easy (near-saturated),5,99,0;3;4;7;9,0.829490686466,0.959228865442,0.943380660848,0.939772727273,0.00967351874244,0.995290070589,827,880,11
TMM easy (near-saturated),5,100,0;3;4;8;9,0.734983048349,0.954341096698,0.946639150943,0.95,0.0191387559809,0.995447692687,836,880,11
TMM easy (near-saturated),5,101,0;3;5;6;7,0.818494299128,0.946931589537,0.935068745808,0.9375,0.0109090909091,0.995121925891,825,880,11
TMM easy (near-saturated),5,102,0;3;5;6;8,0.712317985045,0.940503023148,0.940574576938,0.948863636364,0.0215568862275,0.99540654152,835,880,11
TMM easy (near-saturated),5,103,0;3;5;6;9,0.688760255875,0.936761229314,0.936795994994,0.946590909091,0.0240096038415,0.994558791497,833,880,11
TMM easy (near-saturated),5,104,0;3;5;7;8,0.809039989579,0.950371238765,0.931527072207,0.935227272727,0.0109356014581,0.995255766868,823,880,11
TMM easy (near-saturated),5,105,0;3;5;7;9,0.809843137255,0.955764705882,0.933882352941,0.932954545455,0.0121802679659,0.994338205217,821,880,11
TMM easy (near-saturated),5,106,0;3;5;8;9,0.722675396229,0.943722943723,0.934098958892,0.942045454545,0.0205066344994,0.994769281132,829,880,11
TMM easy (near-saturated),5,107,0;3;6;7;8,0.810851331091,0.955711333522,0.949268608939,0.946590909091,0.0120048019208,0.995882425174,833,880,11
TMM easy (near-saturated),5,108,0;3;6;7;9,0.814980392157,0.958470588235,0.945490196078,0.942045454545,0.0120627261761,0.995199080154,829,880,11
TMM easy (near-saturated),5,109,0;3;6;8;9,0.682837823334,0.946692426031,0.942256091016,0.954545454545,0.0238095238095,0.995340120434,840,880,11
TMM easy (near-saturated),5,110,0;3;7;8;9,0.804741821498,0.962156616893,0.948250313462,0.942045454545,0.0132689987937,0.995315754301,829,880,11
TMM easy (near-saturated),5,111,0;4;5;6;7,0.867895445269,0.959663062828,0.944726672745,0.934090909091,0.00729927007299,0.995561522933,822,880,11
TMM easy (near-saturated),5,112,0;4;5;6;8,0.789068733614,0.949466165128,0.947148447889,0.943181818182,0.0144578313253,0.995766134765,830,880,11
TMM easy (near-saturated),5,113,0;4;5;6;9,0.798258664413,0.951749788673,0.949551986475,0.938636363636,0.0157384987893,0.995056575383,826,880,11
TMM easy (near-saturated),5,114,0;4;5;7;8,0.875562218891,0.964423193809,0.951983467726,0.932954545455,0.00730816077954,0.995639677515,821,880,11
TMM easy (near-saturated),5,115,0;4;5;7;9,0.867664319249,0.962399396378,0.937625754527,0.928409090909,0.00734394124847,0.994897317675,817,880,11
TMM easy (near-saturated),5,116,0;4;5;8;9,0.805972743707,0.95953274927,0.94673897928,0.9375,0.0145454545455,0.995207573491,825,880,11
TMM easy (near-saturated),5,117,0;4;6;7;8,0.851200555773,0.951760670401,0.958968347011,0.944318181818,0.00842358604091,0.996150039497,831,880,11
TMM easy (near-saturated),5,118,0;4;6;7;9,0.848703920802,0.954539533672,0.947939733403,0.938636363636,0.00847457627119,0.995562579967,826,880,11
TMM easy (near-saturated),5,119,0;4;6;8;9,0.750884433962,0.953161851415,0.952498525943,0.95,0.0179425837321,0.995668778473,836,880,11
TMM easy (near-saturated),5,120,0;4;7;8;9,0.835450201207,0.954686452046,0.952464788732,0.939772727273,0.00967351874244,0.995639395002,827,880,11
TMM easy (near-saturated),5,121,0;5;6;7;8,0.818033199195,0.952716297787,0.939595908786,0.9375,0.0109090909091,0.995503273793,825,880,11
TMM easy (near-saturated),5,122,0;5;6;7;9,0.827980392157,0.956862745098,0.93662745098,0.932954545455,0.0109622411693,0.994597149499,821,880,11
TMM easy (near-saturated),5,123,0;5;6;8;9,0.748601237493,0.95263954713,0.945958399157,0.944318181818,0.0204572803851,0.994988293906,831,880,11
TMM easy (near-saturated),5,124,0;5;7;8;9,0.803577940759,0.956035495766,0.935127031079,0.934090909091,0.0121654501217,0.994764643022,822,880,11
TMM easy (near-saturated),5,125,0;6;7;8;9,0.8077312695,0.952834393614,0.946877912395,0.943181818182,0.0120481927711,0.995563728538,830,880,11
TMM easy (near-saturated),5,126,1;2;3;4;5,0.772811205188,0.934426229508,0.954872995857,0.947727272727,0.0131894484412,0.995558392549,834,880,11
TMM easy (near-saturated),5,127,1;2;3;4;6,0.728187134503,0.948116959064,0.95518128655,0.9625,0.0153482880756,0.995884715044,847,880,11
TMM easy (near-saturated),5,128,1;2;3;4;7,0.87501902491,0.975039318147,0.965653695906,0.948863636364,0.0059880239521,0.995938475328,835,880,11
TMM easy (near-saturated),5,129,1;2;3;4;8,0.746222222222,0.957567251462,0.959391812865,0.957954545455,0.0142348754448,0.996009550746,843,880,11
TMM easy (near-saturated),5,130,1;2;3;4;9,0.744995875125,0.948634449221,0.95584212583,0.953409090909,0.015494636472,0.995414677927,839,880,11
TMM easy (near-saturated),5,131,1;2;3;5;6,0.75333249497,0.91134305835,0.951668343394,0.95,0.0155502392344,0.995418659452,836,880,11
TMM easy (near-saturated),5,132,1;2;3;5;7,0.874659267913,0.967241043614,0.948160046729,0.9375,0.00606060606061,0.995347442721,825,880,11
TMM easy (near-saturated),5,133,1;2;3;5;8,0.769429074447,0.931379946345,0.952464788732,0.945454545455,0.0144230769231,0.995604501963,832,880,11
TMM easy (near-saturated),5,134,1;2;3;5;9,0.749664654594,0.924253856472,0.941104963112,0.943181818182,0.0156626506024,0.994798833146,830,880,11
TMM easy (near-saturated),5,135,1;2;3;6;7,0.871104305531,0.976760943974,0.966177265358,0.95,0.00717703349282,0.995909820178,836,880,11
TMM easy (near-saturated),5,136,1;2;3;6;8,0.728452954713,0.941253093656,0.956406582432,0.960227272727,0.0165680473373,0.995952409048,845,880,11
TMM easy (near-saturated),5,137,1;2;3;6;9,0.71845657277,0.942739771965,0.950578470825,0.956818181818,0.0178147268409,0.995307403571,842,880,11
TMM easy (near-saturated),5,138,1;2;3;7;8,0.858620521807,0.972887461059,0.961838006231,0.947727272727,0.00719424460432,0.996011741117,834,880,11
TMM easy (near-saturated),5,139,1;2;3;7;9,0.865970095478,0.972752657179,0.956449288417,0.943181818182,0.00722891566265,0.995353105061,830,880,11
TMM easy (near-saturated),5,140,1;2;3;8;9,0.734636988598,0.944961435278,0.952716297787,0.952272727273,0.0167064439141,0.995479619728,838,880,11
TMM easy (near-saturated),5,141,1;2;4;5;6,0.773419203747,0.907133849757,0.958701134931,0.947727272727,0.0131894484412,0.995763794356,834,880,11
TMM easy (near-saturated),5,142,1;2;4;5;7,0.902807017544,0.975532163743,0.966269005848,0.936363636364,0.00485436893204,0.995705738391,824,880,11
TMM easy (near-saturated),5,143,1;2;4;5;8,0.782409356725,0.937403508772,0.957380116959,0.944318181818,0.0120336943442,0.995886425953,831,880,11
TMM easy (near-saturated),5,144,1;2;4;5;9,0.802647058824,0.935803921569,0.958941176471,0.940909090909,0.0132850241546,0.995208514449,828,880,11
TMM easy (near-saturated),5,145,1;2;4;6;7,0.88132788162,0.978290498442,0.96875,0.95,0.00598086124402,0.996171970576,836,880,11
TMM easy (near-saturated),5,146,1;2;4;6;8,0.736370716511,0.949863707165,0.956921728972,0.961363636364,0.0141843971631,0.996197076492,846,880,11
TMM easy (near-saturated),5,147,1;2;4;6;9,0.755533199195,0.947937625755,0.959381287726,0.953409090909,0.015494636472,0.995627146344,839,880,11
TMM easy (near-saturated),5,148,1;2;4;7;8,0.875551722389,0.974785652681,0.966465425397,0.948863636364,0.0059880239521,0.996228707391,835,880,11
TMM easy (near-saturated),5,149,1;2;4;7;9,0.876314252336,0.971865264798,0.962908878505,0.942045454545,0.00603136308806,0.995659962271,829,880,11
TMM easy (near-saturated),5,150,1;2;4;8;9,0.762884807433,0.954539533672,0.960531457601,0.951136363636,0.0143369175627,0.995751673889,837,880,11
TMM easy (near-saturated),5,151,1;2;5;6;7,0.875365070093,0.96558605919,0.953368380062,0.938636363636,0.00605326876513,0.995561651425,826,880,11
TMM easy (near-saturated),5,152,1;2;5;6;8,0.751891551072,0.890605296343,0.95068456134,0.947727272727,0.0143884892086,0.99577901755,834,880,11
TMM easy (near-saturated),5,153,1;2;5;6;9,0.783368956368,0.918447818396,0.955262382075,0.944318181818,0.0156438026474,0.994980987351,831,880,11
TMM easy (near-saturated),5,154,1;2;5;7;8,0.880350877193,0.968561403509,0.960140350877,0.936363636364,0.00606796116505,0.995699676342,824,880,11
TMM easy (near-saturated),5,155,1;2;5;7;9,0.886587642742,0.97151665147,0.9492857453,0.932954545455,0.00609013398295,0.994853229628,821,880,11
TMM easy (near-saturated),5,156,1;2;5;8;9,0.775051663358,0.911503707606,0.951092021557,0.942045454545,0.0144752714113,0.995197586643,829,880,11
TMM easy (near-saturated),5,157,1;2;6;7;8,0.871487119438,0.975454872996,0.969014591965,0.95,0.00717703349282,0.996216809491,836,880,11
TMM easy (near-saturated),5,158,1;2;6;7;9,0.882997690344,0.979172575874,0.967664816241,0.944318181818,0.0072202166065,0.995584515869,831,880,11
TMM easy (near-saturated),5,159,1;2;6;8;9,0.725543832226,0.930702097173,0.951760670401,0.954545454545,0.0166666666667,0.99566333167,840,880,11
TMM easy (near-saturated),5,160,1;2;7;8;9,0.866735723293,0.971941992434,0.96176364619,0.943181818182,0.00722891566265,0.995696102239,830,880,11
TMM easy (near-saturated),5,161,1;3;4;5;6,0.801862745098,0.938078431373,0.955333333333,0.946590909091,0.0132052821128,0.99559639792,833,880,11
TMM easy (near-saturated),5,162,1;3;4;5;7,0.907081759368,0.977117797751,0.959967000999,0.935227272727,0.0048602673147,0.995533171891,823,880,11
TMM easy (near-saturated),5,163,1;3;4;5;8,0.810243526885,0.954293123708,0.95445520483,0.943181818182,0.0120481927711,0.995753437726,830,880,11
TMM easy (near-saturated),5,164,1;3;4;5;9,0.81257370283,0.944022700472,0.952682783019,0.939772727273,0.0133010882709,0.995044593586,827,880,11
TMM easy (near-saturated),5,165,1;3;4;6;7,0.882409356725,0.976467836257,0.965754385965,0.947727272727,0.00599520383693,0.995970590009,834,880,11
TMM easy (near-saturated),5,166,1;3;4;6;8,0.74545178238,0.959880161521,0.953367200729,0.959090909091,0.0154028436019,0.996026704965,844,880,11
TMM easy (near-saturated),5,167,1;3;4;6;9,0.724241240068,0.948504190005,0.947418696539,0.953409090909,0.0166865315852,0.995424280599,839,880,11
TMM easy (near-saturated),5,168,1;3;4;7;8,0.882456140351,0.977216374269,0.965801169591,0.945454545455,0.00600961538462,0.99606307264,832,880,11
TMM easy (near-saturated),5,169,1;3;4;7;9,0.887759975685,0.976075724024,0.961964308975,0.940909090909,0.006038647343,0.99545917982,828,880,11
TMM easy (near-saturated),5,170,1;3;4;8;9,0.750838363514,0.958123742455,0.952506706908,0.951136363636,0.015531660693,0.995586744607,837,880,11
TMM easy (near-saturated),5,171,1;3;5;6;7,0.845365699874,0.94744190236,0.945775535939,0.938636363636,0.00847457627119,0.995381722912,826,880,11
TMM easy (near-saturated),5,172,1;3;5;6;8,0.734764705882,0.923960784314,0.94631372549,0.948863636364,0.0179640718563,0.995630157343,835,880,11
TMM easy (near-saturated),5,173,1;3;5;6;9,0.749760465802,0.926407724057,0.943580483491,0.945454545455,0.0180288461538,0.994808481766,832,880,11
TMM easy (near-saturated),5,174,1;3;5;7;8,0.843856962709,0.958881282652,0.946901459197,0.936363636364,0.00849514563107,0.995540206684,824,880,11
TMM easy (near-saturated),5,175,1;3;5;7;9,0.853663648558,0.965040241449,0.942110999329,0.932954545455,0.00852618757613,0.994667526539,821,880,11
TMM easy (near-saturated),5,176,1;3;5;8;9,0.771850738793,0.943436728561,0.947873063576,0.942045454545,0.0168878166466,0.995045860233,829,880,11
TMM easy (near-saturated),5,177,1;3;6;7;8,0.836307585428,0.968043072381,0.960748556294,0.948863636364,0.00958083832335,0.996036436957,835,880,11
TMM easy (near-saturated),5,178,1;3;6;7;9,0.840480382294,0.968603286385,0.95640509725,0.944318181818,0.00962695547533,0.99537049774,831,880,11
TMM easy (near-saturated),5,179,1;3;6;8;9,0.72272995283,0.956441627358,0.953125,0.955681818182,0.0202140309156,0.995480193793,841,880,11
TMM easy (near-saturated),5,180,1;3;7;8;9,0.844706025366,0.972729851291,0.959439199319,0.943181818182,0.00963855421687,0.995511366299,830,880,11
TMM easy (near-saturated),5,181,1;4;5;6;7,0.903801116916,0.973653395785,0.963204827959,0.935227272727,0.0048602673147,0.995755383692,823,880,11
TMM easy (near-saturated),5,182,1;4;5;6;8,0.803676224011,0.941104963112,0.956321260899,0.944318181818,0.0120336943442,0.995931406596,831,880,11
TMM easy (near-saturated),5,183,1;4;5;6;9,0.812113060142,0.935510023585,0.95695754717,0.939772727273,0.0133010882709,0.995239206924,827,880,11
TMM easy (near-saturated),5,184,1;4;5;7;8,0.902157268961,0.974419023599,0.964826157449,0.934090909091,0.00486618004866,0.995850041825,822,880,11
TMM easy (near-saturated),5,185,1;4;5;7;9,0.915176470588,0.979176470588,0.961215686275,0.929545454545,0.00488997555012,0.995141488875,818,880,11
TMM easy (near-saturated),5,186,1;4;5;8;9,0.814117647059,0.947725490196,0.954588235294,0.938636363636,0.0121065375303,0.995408426641,826,880,11
TMM easy (near-saturated),5,187,1;4;6;7;8,0.882923976608,0.976795321637,0.966830409357,0.947727272727,0.00599520383693,0.996264043984,834,880,11
TMM easy (near-saturated),5,188,1;4;6;7;9,0.884007386057,0.97446406053,0.963069717168,0.940909090909,0.006038647343,0.995688098273,828,880,11
TMM easy (near-saturated),5,189,1;4;6;8;9,0.761436849143,0.960452206329,0.957777867823,0.952272727273,0.0155131264916,0.995767227061,838,880,11
TMM easy (near-saturated),5,190,1;4;7;8;9,0.887759975685,0.976075724024,0.967348356563,0.940909090909,0.006038647343,0.995782466995,828,880,11
TMM easy (near-saturated),5,191,1;5;6;7;8,0.844757701315,0.953386777157,0.953521887948,0.938636363636,0.00847457627119,0.995732097305,826,880,11
TMM easy (near-saturated),5,192,1;5;6;7;9,0.860225292759,0.965719842781,0.948782365574,0.934090909091,0.00851581508516,0.994864388004,822,880,11
TMM easy (near-saturated),5,193,1;5;6;8;9,0.779950632735,0.934084272007,0.95442219441,0.944318181818,0.0168471720818,0.995207103676,831,880,11
TMM easy (near-saturated),5,194,1;5;7;8;9,0.848529411765,0.969254901961,0.955098039216,0.935227272727,0.0097205346294,0.995061049638,823,880,11
TMM easy (near-saturated),5,195,1;6;7;8;9,0.839704896043,0.968100268276,0.961058014755,0.945454545455,0.00961538461538,0.995712529829,832,880,11
TMM easy (near-saturated),5,196,2;3;4;5;6,0.733066114214,0.922581516844,0.948612862547,0.95,0.0155502392344,0.995688704614,836,880,11
TMM easy (near-saturated),5,197,2;3;4;5;7,0.866060169339,0.959016393443,0.959241578094,0.938636363636,0.00726392251816,0.995611395876,826,880,11
TMM easy (near-saturated),5,198,2;3;4;5;8,0.759932265208,0.936346663193,0.954061916547,0.946590909091,0.0144057623049,0.995841382338,833,880,11
TMM easy (near-saturated),5,199,2;3;4;5;9,0.765823529412,0.942509803922,0.951137254902,0.943181818182,0.0156626506024,0.995136483235,830,880,11
TMM easy (near-saturated),5,200,2;3;4;6;7,0.825473684211,0.967485380117,0.965520467836,0.952272727273,0.00954653937947,0.996090085922,838,880,11
TMM easy (near-saturated),5,201,2;3;4;6;8,0.685847953216,0.946339181287,0.955087719298,0.9625,0.0177095631641,0.996155921576,847,880,11
TMM easy (near-saturated),5,202,2;3;4;6;9,0.721098039216,0.954078431373,0.958117647059,0.956818181818,0.0190023752969,0.995564984456,842,880,11
TMM easy (near-saturated),5,203,2;3;4;7;8,0.787276140226,0.94936837299,0.963319973619,0.952272727273,0.0107398568019,0.996172469083,838,880,11
TMM easy (near-saturated),5,204,2;3;4;7;9,0.810011709602,0.962979643308,0.959151504233,0.946590909091,0.0108043217287,0.995574215041,833,880,11
TMM easy (near-saturated),5,205,2;3;4;8;9,0.699530516432,0.952506706908,0.956572769953,0.955681818182,0.0190249702735,0.995712554087,841,880,11
TMM easy (near-saturated),5,206,2;3;5;6;7,0.845545847595,0.959466762745,0.95063952441,0.940909090909,0.00845410628019,0.995446442195,828,880,11
TMM easy (near-saturated),5,207,2;3;5;6;8,0.725292759026,0.926536731634,0.949957453706,0.951136363636,0.0179211469534,0.995704217844,837,880,11
TMM easy (near-saturated),5,208,2;3;5;6;9,0.699509803922,0.930784313725,0.943960784314,0.948863636364,0.0203592814371,0.994887683627,835,880,11
TMM easy (near-saturated),5,209,2;3;5;7;8,0.844329850477,0.942803098541,0.952576112412,0.938636363636,0.00847457627119,0.995615133926,826,880,11
TMM easy (near-saturated),5,210,2;3;5;7;9,0.853202548625,0.964159959759,0.946680080483,0.935227272727,0.00850546780073,0.994742636838,823,880,11
TMM easy (near-saturated),5,211,2;3;5;8;9,0.721767494631,0.935005470238,0.943190566879,0.945454545455,0.0180288461538,0.995128466213,832,880,11
TMM easy (near-saturated),5,212,2;3;6;7;8,0.811565483697,0.963565123401,0.965141415961,0.952272727273,0.0107398568019,0.996139705198,838,880,11
TMM easy (near-saturated),5,213,2;3;6;7;9,0.815770049064,0.96617602362,0.955407928444,0.947727272727,0.0107913669065,0.995481556287,834,880,11
TMM easy (near-saturated),5,214,2;3;6;8;9,0.697613891105,0.948060336639,0.957407196322,0.959090909091,0.021327014218,0.995600132436,844,880,11
TMM easy (near-saturated),5,215,2;3;7;8;9,0.797577178585,0.961747210282,0.957535495636,0.947727272727,0.0119904076739,0.995616474216,834,880,11
TMM easy (near-saturated),5,216,2;4;5;6;7,0.872411098085,0.963961616951,0.967348356563,0.938636363636,0.00726392251816,0.99584174588,826,880,11
TMM easy (near-saturated),5,217,2;4;5;6;8,0.760844079719,0.928878468152,0.960618297078,0.947727272727,0.0143884892086,0.99603121724,834,880,11
TMM easy (near-saturated),5,218,2;4;5;6;9,0.766254901961,0.932431372549,0.955450980392,0.943181818182,0.0156626506024,0.995343611563,830,880,11
TMM easy (near-saturated),5,219,2;4;5;7;8,0.870587469063,0.953367200729,0.968911467153,0.9375,0.00727272727273,0.995943092385,825,880,11
TMM easy (near-saturated),5,220,2;4;5;7;9,0.879128003566,0.970055512784,0.960411686049,0.932954545455,0.00730816077954,0.995231657299,821,880,11
TMM easy (near-saturated),5,221,2;4;5;8;9,0.797483048349,0.95102446934,0.963074882075,0.942045454545,0.0144752714113,0.995514292154,829,880,11
TMM easy (near-saturated),5,222,2;4;6;7;8,0.817172897196,0.957213785047,0.967338395639,0.952272727273,0.00954653937947,0.99638602584,838,880,11
TMM easy (near-saturated),5,223,2;4;6;7;9,0.829174923437,0.964871194379,0.964465862007,0.945454545455,0.00961538461538,0.995817706687,832,880,11
TMM easy (near-saturated),5,224,2;4;6;8;9,0.728129178654,0.953239596418,0.962154058106,0.955681818182,0.0178359096314,0.995909812809,841,880,11
TMM easy (near-saturated),5,225,2;4;7;8;9,0.810462078905,0.957350027022,0.967213114754,0.946590909091,0.0108043217287,0.995904906142,833,880,11
TMM easy (near-saturated),5,226,2;5;6;7;8,0.851395944596,0.956232903478,0.960835395771,0.940909090909,0.00845410628019,0.995809086955,828,880,11
TMM easy (near-saturated),5,227,2;5;6;7;9,0.860265813039,0.967867417643,0.952550751651,0.936363636364,0.00849514563107,0.994938812808,824,880,11
TMM easy (near-saturated),5,228,2;5;6;8;9,0.758631175987,0.93320453651,0.958176809416,0.947727272727,0.0179856115108,0.995297374767,834,880,11
TMM easy (near-saturated),5,229,2;5;7;8;9,0.864078431373,0.968078431373,0.957882352941,0.936363636364,0.00849514563107,0.995158146476,824,880,11
TMM easy (near-saturated),5,230,2;6;7;8;9,0.823021462106,0.966381623072,0.964034205231,0.948863636364,0.0107784431138,0.995828025187,835,880,11
TMM easy (near-saturated),5,231,3;4;5;6;7,0.85726861167,0.961183769282,0.958794433266,0.938636363636,0.00847457627119,0.995679709719,826,880,11
TMM easy (near-saturated),5,232,3;4;5;6;8,0.77455450435,0.927200881492,0.955241460542,0.947727272727,0.015587529976,0.995903863715,834,880,11
TMM easy (near-saturated),5,233,3;4;5;6;9,0.748139003538,0.940190153302,0.949845224057,0.944318181818,0.0180505415162,0.995190458185,831,880,11
TMM easy (near-saturated),5,234,3;4;5;7;8,0.855633802817,0.952548625084,0.957746478873,0.9375,0.00848484848485,0.995807461537,825,880,11
TMM easy (near-saturated),5,235,3;4;5;7;9,0.86331372549,0.97,0.953882352941,0.932954545455,0.00852618757613,0.995068755829,821,880,11
TMM easy (near-saturated),5,236,3;4;5;8;9,0.77130590068,0.950302063148,0.947224438618,0.942045454545,0.015681544029,0.99538844385,829,880,11
TMM easy (near-saturated),5,237,3;4;6;7;8,0.802526315789,0.951859649123,0.962385964912,0.951136363636,0.010752688172,0.996231124377,837,880,11
TMM easy (near-saturated),5,238,3;4;6;7;9,0.821931589537,0.964327632461,0.959339369551,0.945454545455,0.0108173076923,0.995629712674,832,880,11
TMM easy (near-saturated),5,239,3;4;6;8;9,0.702156862745,0.951490196078,0.95368627451,0.956818181818,0.020190023753,0.995755144633,842,880,11
TMM easy (near-saturated),5,240,3;4;7;8;9,0.80436787391,0.962944332663,0.96160295104,0.946590909091,0.0120048019208,0.995748534931,833,880,11
TMM easy (near-saturated),5,241,3;5;6;7;8,0.79462463636,0.940471538361,0.945942425427,0.942045454545,0.0120627261761,0.995667518386,829,880,11
TMM easy (near-saturated),5,242,3;5;6;7;9,0.807123465294,0.957007982495,0.943109526318,0.9375,0.0121212121212,0.994784343177,825,880,11
TMM easy (near-saturated),5,243,3;5;6;8;9,0.719875538868,0.939229592546,0.948407731887,0.948863636364,0.0215568862275,0.995164149902,835,880,11
TMM easy (near-saturated),5,244,3;5;7;8;9,0.81262745098,0.960745098039,0.947333333333,0.9375,0.0121212121212,0.995009821305,825,880,11
TMM easy (near-saturated),5,245,3;6;7;8;9,0.792564307155,0.964892283141,0.961016755956,0.95,0.0143540669856,0.995659723775,836,880,11
TMM easy (near-saturated),5,246,4;5;6;7;8,0.861987924956,0.956926941934,0.967705336521,0.938636363636,0.00847457627119,0.996008721463,826,880,11
TMM easy (near-saturated),5,247,4;5;6;7;9,0.86431372549,0.969176470588,0.957607843137,0.932954545455,0.00852618757613,0.995287102056,821,880,11
TMM easy (near-saturated),5,248,4;5;6;8;9,0.779739091981,0.94741303066,0.955778301887,0.943181818182,0.0156626506024,0.995567797352,830,880,11
TMM easy (near-saturated),5,249,4;5;7;8;9,0.868137087275,0.970021657358,0.962878528819,0.934090909091,0.00851581508516,0.995439163482,822,880,11
TMM easy (near-saturated),5,250,4;6;7;8;9,0.829146237692,0.959317638478,0.969528749139,0.946590909091,0.0108043217287,0.995957476938,833,880,11
TMM easy (near-saturated),5,251,5;6;7;8;9,0.826890477594,0.964806898585,0.956810141509,0.939772727273,0.0120918984281,0.995187653331,827,880,11
TMM easy (near-saturated),7,0,0;1;2;3;4;5;6,0.802450980392,0.95337254902,0.954705882353,0.940909090909,0.0132850241546,0.99561911577,828,880,11
TMM easy (near-saturated),7,1,0;1;2;3;4;5;7,0.902269861286,0.971131327689,0.950414339759,0.929545454545,0.00488997555012,0.995613434014,818,880,11
TMM easy (near-saturated),7,2,0;1;2;3;4;5;8,0.817843137255,0.964117647059,0.956156862745,0.9375,0.0121212121212,0.995715564943,825,880,11
TMM easy (near-saturated),7,3,0;1;2;3;4;5;9,0.80692655496,0.954861506896,0.95147991945,0.934090909091,0.0133819951338,0.995225902769,822,880,11
TMM easy (near-saturated),7,4,0;1;2;3;4;6;7,0.89950877193,0.971695906433,0.95616374269,0.939772727273,0.00483675937122,0.995934537559,827,880,11
TMM easy (near-saturated),7,5,0;1;2;3;4;6;8,0.788376089873,0.962357478203,0.95523138833,0.948863636364,0.0131736526946,0.99595133416,835,880,11
TMM easy (near-saturated),7,6,0;1;2;3;4;6;9,0.768674547284,0.952339034205,0.949027498323,0.944318181818,0.014440433213,0.99552008829,831,880,11
TMM easy (near-saturated),7,7,0;1;2;3;4;7;8,0.903148081427,0.974373986669,0.958656098,0.9375,0.00484848484848,0.995998812699,825,880,11
TMM easy (near-saturated),7,8,0;1;2;3;4;7;9,0.904910772437,0.972081108072,0.954973731058,0.932954545455,0.00487210718636,0.995563736642,821,880,11
TMM easy (near-saturated),7,9,0;1;2;3;4;8;9,0.784708249497,0.957830315225,0.950285043595,0.942045454545,0.0132689987937,0.995619708713,829,880,11
TMM easy (near-saturated),7,10,0;1;2;3;5;6;7,0.886869871043,0.967565455256,0.94772263471,0.929545454545,0.00611246943765,0.995536615419,818,880,11
TMM easy (near-saturated),7,11,0;1;2;3;5;6;8,0.782941176471,0.953333333333,0.948588235294,0.938636363636,0.0145278450363,0.995644315484,826,880,11
TMM easy (near-saturated),7,12,0;1;2;3;5;6;9,0.773091682815,0.946844484973,0.946008586952,0.935227272727,0.0157958687728,0.995107378147,823,880,11
TMM easy (near-saturated),7,13,0;1;2;3;5;7;8,0.886327124311,0.968564109244,0.948373930789,0.927272727273,0.00612745098039,0.995627943847,816,880,11
TMM easy (near-saturated),7,14,0;1;2;3;5;7;9,0.888560529846,0.966926559356,0.942823608317,0.923863636364,0.00615006150062,0.995071584778,813,880,11
TMM easy (near-saturated),7,15,0;1;2;3;5;8;9,0.772113943028,0.948255601929,0.940354147251,0.932954545455,0.0146163215591,0.995237225132,821,880,11
TMM easy (near-saturated),7,16,0;1;2;3;6;7;8,0.888693500065,0.972298206765,0.956232903478,0.9375,0.00606060606061,0.995975428837,825,880,11
TMM easy (near-saturated),7,17,0;1;2;3;6;7;9,0.890907947686,0.969776995305,0.951039570758,0.932954545455,0.00609013398295,0.995509511152,821,880,11
TMM easy (near-saturated),7,18,0;1;2;3;6;8;9,0.757830544187,0.953158555857,0.946553750152,0.943181818182,0.0156626506024,0.995556229576,830,880,11
TMM easy (near-saturated),7,19,0;1;2;3;7;8;9,0.889503688799,0.97061535882,0.952674379611,0.931818181818,0.00609756097561,0.995597184288,820,880,11
TMM easy (near-saturated),7,20,0;1;2;4;5;6;7,0.906886370544,0.972602144935,0.95740523642,0.929545454545,0.00488997555012,0.995792858315,818,880,11
TMM easy (near-saturated),7,21,0;1;2;4;5;6;8,0.804200201207,0.955776324614,0.95347082495,0.938636363636,0.0121065375303,0.995869424755,826,880,11
TMM easy (near-saturated),7,22,0;1;2;4;5;6;9,0.807192522512,0.951289942627,0.954291576428,0.934090909091,0.0133819951338,0.995391746919,822,880,11
TMM easy (near-saturated),7,23,0;1;2;4;5;7;8,0.902134750495,0.971131327689,0.95541343902,0.928409090909,0.00489596083231,0.995856232644,817,880,11
TMM easy (near-saturated),7,24,0;1;2;4;5;7;9,0.904129217142,0.969866701402,0.94898180713,0.923863636364,0.00492004920049,0.995369262206,813,880,11
TMM easy (near-saturated),7,25,0;1;2;4;5;8;9,0.815450980392,0.958431372549,0.952784313725,0.932954545455,0.0121802679659,0.995492376192,821,880,11
TMM easy (near-saturated),7,26,0;1;2;4;6;7;8,0.904161412358,0.97455413439,0.961043055305,0.938636363636,0.00484261501211,0.996161797035,826,880,11
TMM easy (near-saturated),7,27,0;1;2;4;6;7;9,0.905974556033,0.972037688333,0.957448656159,0.932954545455,0.00487210718636,0.995742221148,821,880,11
TMM easy (near-saturated),7,28,0;1;2;4;6;8;9,0.785798122066,0.95816566063,0.952003688799,0.943181818182,0.0132530120482,0.99577205966,830,880,11
TMM easy (near-saturated),7,29,0;1;2;4;7;8;9,0.899590163934,0.970455773734,0.955908845253,0.932954545455,0.00487210718636,0.995807332341,821,880,11
TMM easy (near-saturated),7,30,0;1;2;5;6;7;8,0.881530354891,0.966987930103,0.949378490362,0.929545454545,0.00611246943765,0.995795411863,818,880,11
TMM easy (near-saturated),7,31,0;1;2;5;6;7;9,0.893573483529,0.969771870821,0.948215081648,0.925,0.00614250614251,0.995249861854,814,880,11
TMM easy (near-saturated),7,32,0;1;2;5;6;8;9,0.781137254902,0.949843137255,0.947137254902,0.935227272727,0.0145808019441,0.995390404878,823,880,11
TMM easy (near-saturated),7,33,0;1;2;5;7;8;9,0.887910798122,0.968184104628,0.948021462106,0.925,0.00614250614251,0.995351490218,814,880,11
TMM easy (near-saturated),7,34,0;1;2;6;7;8;9,0.890363011402,0.970573440644,0.955608651911,0.934090909091,0.00608272506083,0.99576331712,822,880,11
TMM easy (near-saturated),7,35,0;1;3;4;5;6;7,0.912050731391,0.97366181774,0.95344219782,0.928409090909,0.00489596083231,0.995645928607,817,880,11
TMM easy (near-saturated),7,36,0;1;3;4;5;6;8,0.814725490196,0.958862745098,0.948039215686,0.9375,0.0121212121212,0.995741866164,825,880,11
TMM easy (near-saturated),7,37,0;1;3;4;5;6;9,0.829602704987,0.96067624683,0.955164835165,0.932954545455,0.0133982947625,0.995248187198,821,880,11
TMM easy (near-saturated),7,38,0;1;3;4;5;7;8,0.907339872569,0.972585513078,0.950620389001,0.927272727273,0.00490196078431,0.995725615868,816,880,11
TMM easy (near-saturated),7,39,0;1;3;4;5;7;9,0.905160127431,0.969190140845,0.94357813548,0.922727272727,0.00492610837438,0.995221297006,812,880,11
TMM easy (near-saturated),7,40,0;1;3;4;5;8;9,0.825287441038,0.961453419811,0.948334316038,0.931818181818,0.0121951219512,0.995365439437,820,880,11
TMM easy (near-saturated),7,41,0;1;3;4;6;7;8,0.904737093483,0.973123181798,0.954973731058,0.9375,0.00484848484848,0.99602056194,825,880,11
TMM easy (near-saturated),7,42,0;1;3;4;6;7;9,0.902609526291,0.96899830663,0.950154140072,0.931818181818,0.00487804878049,0.995583139646,820,880,11
TMM easy (near-saturated),7,43,0;1;3;4;6;8;9,0.790246589916,0.962764542726,0.951517914814,0.943181818182,0.0144578313253,0.995630329155,830,880,11
TMM easy (near-saturated),7,44,0;1;3;4;7;8;9,0.905181086519,0.971956740443,0.952758215962,0.931818181818,0.00487804878049,0.995665858855,820,880,11
TMM easy (near-saturated),7,45,0;1;3;5;6;7;8,0.859698529114,0.963734349042,0.947121034078,0.929545454545,0.00855745721271,0.995654885082,818,880,11
TMM easy (near-saturated),7,46,0;1;3;5;6;7;9,0.863882352941,0.962901960784,0.943098039216,0.925,0.00859950859951,0.995093890714,814,880,11
TMM easy (near-saturated),7,47,0;1;3;5;6;8;9,0.778420942845,0.955291336393,0.94774718398,0.935227272727,0.0170109356015,0.995252931953,823,880,11
TMM easy (near-saturated),7,48,0;1;3;5;7;8;9,0.856781068925,0.963774869322,0.941164552859,0.925,0.00859950859951,0.995207396771,814,880,11
TMM easy (near-saturated),7,49,0;1;3;6;7;8;9,0.858786822805,0.966287126707,0.949147048098,0.934090909091,0.00851581508516,0.995611978197,822,880,11
TMM easy (near-saturated),7,50,0;1;4;5;6;7;8,0.907675217975,0.971621395037,0.955399061033,0.928409090909,0.00489596083231,0.9958907188,817,880,11
TMM easy (near-saturated),7,51,0;1;4;5;6;7;9,0.909761335548,0.971230600916,0.949876413145,0.922727272727,0.00492610837438,0.995399493734,812,880,11
TMM easy (near-saturated),7,52,0;1;4;5;6;8;9,0.837522597692,0.964573772772,0.956821026283,0.932954545455,0.0121802679659,0.995517476785,821,880,11
TMM easy (near-saturated),7,53,0;1;4;5;7;8;9,0.908403906155,0.971959965963,0.951294622959,0.923863636364,0.00492004920049,0.995484160111,813,880,11
TMM easy (near-saturated),7,54,0;1;4;6;7;8;9,0.901914810473,0.96995354088,0.953454040207,0.932954545455,0.00487210718636,0.995828370713,821,880,11
TMM easy (near-saturated),7,55,0;1;5;6;7;8;9,0.862745098039,0.965176470588,0.947764705882,0.927272727273,0.00857843137255,0.99537376748,816,880,11
TMM easy (near-saturated),7,56,0;2;3;4;5;6;7,0.869002648604,0.964916851201,0.950327819027,0.930681818182,0.00732600732601,0.995724032327,819,880,11
TMM easy (near-saturated),7,57,0;2;3;4;5;6;8,0.78331372549,0.956470588235,0.953098039216,0.939772727273,0.0145102781137,0.995826419962,827,880,11
TMM easy (near-saturated),7,58,0;2;3;4;5;6;9,0.780715654481,0.952645931604,0.951429834906,0.935227272727,0.0157958687728,0.995336480247,823,880,11
TMM easy (near-saturated),7,59,0;2;3;4;5;7;8,0.862141956404,0.96185372005,0.947757160872,0.929545454545,0.00733496332518,0.995804605049,818,880,11
TMM easy (near-saturated),7,60,0;2;3;4;5;7;9,0.865507359646,0.96274586427,0.94207806869,0.925,0.00737100737101,0.99530200658,814,880,11
TMM easy (near-saturated),7,61,0;2;3;4;5;8;9,0.763120389001,0.950326961771,0.940769617706,0.934090909091,0.014598540146,0.995452671281,822,880,11
TMM easy (near-saturated),7,62,0;2;3;4;6;7;8,0.838877192982,0.963461988304,0.953497076023,0.940909090909,0.00845410628019,0.996116025554,828,880,11
TMM easy (near-saturated),7,63,0;2;3;4;6;7;9,0.843564222663,0.962484237074,0.947126643848,0.935227272727,0.00850546780073,0.995682916308,823,880,11
TMM easy (near-saturated),7,64,0;2;3;4;6;8;9,0.720311753723,0.949242325561,0.944118796405,0.945454545455,0.0168269230769,0.995737318263,832,880,11
TMM easy (near-saturated),7,65,0;2;3;4;7;8;9,0.831118926664,0.964091876167,0.951890929617,0.936363636364,0.00970873786408,0.995761745995,824,880,11
TMM easy (near-saturated),7,66,0;2;3;5;6;7;8,0.85404091214,0.962944332663,0.948231052985,0.930681818182,0.00854700854701,0.995729526372,819,880,11
TMM easy (near-saturated),7,67,0;2;3;5;6;7;9,0.856841849346,0.964099031565,0.943717330524,0.926136363636,0.00858895705521,0.995171132585,815,880,11
TMM easy (near-saturated),7,68,0;2;3;5;6;8;9,0.739161822258,0.949352179034,0.944640753828,0.9375,0.0181818181818,0.995335896894,825,880,11
TMM easy (near-saturated),7,69,0;2;3;5;7;8;9,0.843949459424,0.958881507533,0.938604489601,0.926136363636,0.00858895705521,0.995289795607,815,880,11
TMM easy (near-saturated),7,70,0;2;3;6;7;8;9,0.83591130114,0.96365694165,0.949614352783,0.936363636364,0.00970873786408,0.995706230037,824,880,11
TMM easy (near-saturated),7,71,0;2;4;5;6;7;8,0.86304269501,0.96171860926,0.952756260133,0.930681818182,0.00732600732601,0.995972360408,819,880,11
TMM easy (near-saturated),7,72,0;2;4;5;6;7;9,0.872086686787,0.9651240778,0.948524480215,0.925,0.00737100737101,0.995482646735,814,880,11
TMM easy (near-saturated),7,73,0;2;4;5;6;8;9,0.788859759109,0.955925377104,0.952999734032,0.935227272727,0.0145808019441,0.995609120067,823,880,11
TMM easy (near-saturated),7,74,0;2;4;5;7;8;9,0.865094872129,0.962789284009,0.947679214971,0.926136363636,0.00736196319018,0.99557090714,815,880,11
TMM easy (near-saturated),7,75,0;2;4;6;7;8;9,0.842978742569,0.960952981445,0.952621149342,0.936363636364,0.00849514563107,0.99592953204,824,880,11
TMM easy (near-saturated),7,76,0;2;5;6;7;8;9,0.857145751449,0.964625795211,0.948255601929,0.928409090909,0.00856793145655,0.995455821944,817,880,11
TMM easy (near-saturated),7,77,0;3;4;5;6;7;8,0.870829141516,0.959465124078,0.947141180416,0.929545454545,0.00733496332518,0.995847918598,818,880,11
TMM easy (near-saturated),7,78,0;3;4;5;6;7;9,0.878882352941,0.966274509804,0.946980392157,0.923863636364,0.00738007380074,0.995343025799,813,880,11
TMM easy (near-saturated),7,79,0;3;4;5;6;8;9,0.792637087264,0.954820165094,0.9453125,0.934090909091,0.014598540146,0.995488164752,822,880,11
TMM easy (near-saturated),7,80,0;3;4;5;7;8;9,0.861664712778,0.959359124658,0.937562415874,0.925,0.00737100737101,0.995444999806,814,880,11
TMM easy (near-saturated),7,81,0;3;4;6;7;8;9,0.857956157057,0.963207585396,0.95344219782,0.935227272727,0.00850546780073,0.995795284011,823,880,11
TMM easy (near-saturated),7,82,0;3;5;6;7;8;9,0.834264219765,0.960940765227,0.944602758463,0.928409090909,0.0110159118727,0.995322985607,817,880,11
TMM easy (near-saturated),7,83,0;4;5;6;7;8;9,0.878549019608,0.965176470588,0.951019607843,0.926136363636,0.00736196319018,0.995611186232,815,880,11
TMM easy (near-saturated),7,84,1;2;3;4;5;6;7,0.907993573879,0.975033650297,0.965177369632,0.931818181818,0.00487804878049,0.99586596409,820,880,11
TMM easy (near-saturated),7,85,1;2;3;4;5;6;8,0.796773913421,0.948677868959,0.956840779819,0.940909090909,0.012077294686,0.995954806401,828,880,11
TMM easy (near-saturated),7,86,1;2;3;4;5;6;9,0.800980392157,0.945098039216,0.957490196078,0.936363636364,0.0133495145631,0.995473535204,824,880,11
TMM easy (near-saturated),7,87,1;2;3;4;5;7;8,0.903283192218,0.973022878761,0.963294901819,0.930681818182,0.004884004884,0.99595566549,819,880,11
TMM easy (near-saturated),7,88,1;2;3;4;5;7;9,0.900671050261,0.970545847595,0.9537470726,0.926136363636,0.00490797546012,0.995466594449,815,880,11
TMM easy (near-saturated),7,89,1;2;3;4;5;8;9,0.809210259735,0.953361157259,0.956238097168,0.935227272727,0.0121506682868,0.995599519409,823,880,11
TMM easy (near-saturated),7,90,1;2;3;4;6;7;8,0.881777777778,0.974643274854,0.966315789474,0.943181818182,0.00602409638554,0.996216415489,830,880,11
TMM easy (near-saturated),7,91,1;2;3;4;6;7;9,0.884322644569,0.973157989551,0.960412538281,0.9375,0.00606060606061,0.995790132858,825,880,11
TMM easy (near-saturated),7,92,1;2;3;4;6;8;9,0.760518431679,0.956015804785,0.955321088967,0.947727272727,0.0143884892086,0.99583119115,834,880,11
TMM easy (near-saturated),7,93,1;2;3;4;7;8;9,0.88292649973,0.973518284994,0.963024680238,0.9375,0.00606060606061,0.995878420331,825,880,11
TMM easy (near-saturated),7,94,1;2;3;5;6;7;8,0.87698245614,0.963134502924,0.953263157895,0.931818181818,0.00609756097561,0.99588637589,820,880,11
TMM easy (near-saturated),7,95,1;2;3;5;6;7;9,0.880066654657,0.965546748334,0.946946496127,0.927272727273,0.00612745098039,0.99534252244,816,880,11
TMM easy (near-saturated),7,96,1;2;3;5;6;8;9,0.789771647859,0.942778980964,0.954823511532,0.9375,0.0145454545455,0.995488419501,825,880,11
TMM easy (near-saturated),7,97,1;2;3;5;7;8;9,0.873497076023,0.963368421053,0.945730994152,0.927272727273,0.00612745098039,0.995473926128,816,880,11
TMM easy (near-saturated),7,98,1;2;3;6;7;8;9,0.869024358473,0.971386392254,0.959402544397,0.938636363636,0.00726392251816,0.995824231448,826,880,11
TMM easy (near-saturated),7,99,1;2;4;5;6;7;8,0.894470404984,0.966997663551,0.961156542056,0.931818181818,0.00487804878049,0.996099890009,820,880,11
TMM easy (near-saturated),7,100,1;2;4;5;6;7;9,0.905605488255,0.972428465981,0.959315704919,0.926136363636,0.00490797546012,0.995621502789,815,880,11
TMM easy (near-saturated),7,101,1;2;4;5;6;8;9,0.802439637827,0.941901408451,0.956866197183,0.936363636364,0.0121359223301,0.995731710055,824,880,11
TMM easy (near-saturated),7,102,1;2;4;5;7;8;9,0.895578947368,0.967578947368,0.95649122807,0.927272727273,0.00490196078431,0.995719537856,816,880,11
TMM easy (near-saturated),7,103,1;2;4;6;7;8;9,0.884119978382,0.973022878761,0.964736083589,0.938636363636,0.00605326876513,0.996024802003,826,880,11
TMM easy (near-saturated),7,104,1;2;5;6;7;8;9,0.884764013721,0.967218097347,0.954496113933,0.929545454545,0.00611246943765,0.995612384504,818,880,11
TMM easy (near-saturated),7,105,1;3;4;5;6;7;8,0.908555499665,0.973591549296,0.96189637827,0.930681818182,0.004884004884,0.99597923848,819,880,11
TMM easy (near-saturated),7,106,1;3;4;5;6;7;9,0.910227318773,0.973945459703,0.956926941934,0.925,0.004914004914,0.99548512175,814,880,11
TMM easy (near-saturated),7,107,1;3;4;5;6;8;9,0.819958965006,0.954595539344,0.954747520802,0.935227272727,0.0121506682868,0.995613842419,823,880,11
TMM easy (near-saturated),7,108,1;3;4;5;7;8;9,0.909599254427,0.974391182787,0.95854775315,0.926136363636,0.00490797546012,0.995597592511,815,880,11
TMM easy (near-saturated),7,109,1;3;4;6;7;8;9,0.885437019669,0.973253441014,0.960705136555,0.9375,0.00606060606061,0.995890759624,825,880,11
TMM easy (near-saturated),7,110,1;3;5;6;7;8;9,0.852552816901,0.961435278337,0.947728034876,0.929545454545,0.00855745721271,0.99548307199,818,880,11
TMM easy (near-saturated),7,111,1;4;5;6;7;8;9,0.910044977511,0.973499736618,0.961789375582,0.927272727273,0.00490196078431,0.995737990263,816,880,11
TMM easy (near-saturated),7,112,2;3;4;5;6;7;8,0.869328296644,0.960965654987,0.962528765577,0.934090909091,0.00729927007299,0.996044479949,822,880,11
TMM easy (near-saturated),7,113,2;3;4;5;6;7;9,0.87235915493,0.967471495641,0.955315224681,0.928409090909,0.00734394124847,0.99555221214,817,880,11
TMM easy (near-saturated),7,114,2;3;4;5;6;8;9,0.781607843137,0.951960784314,0.955529411765,0.938636363636,0.0145278450363,0.995686413613,826,880,11
TMM easy (near-saturated),7,115,2;3;4;5;7;8;9,0.859957665286,0.961043055305,0.952035669249,0.929545454545,0.00733496332518,0.995664171914,818,880,11
TMM easy (near-saturated),7,116,2;3;4;6;7;8;9,0.818081871345,0.962105263158,0.956257309942,0.942045454545,0.00965018094089,0.995975831741,829,880,11
TMM easy (near-saturated),7,117,2;3;5;6;7;8;9,0.845990187139,0.960791976032,0.949416004516,0.931818181818,0.00853658536585,0.995545215628,820,880,11
TMM easy (near-saturated),7,118,2;4;5;6;7;8;9,0.8720657277,0.966758886653,0.961561032864,0.930681818182,0.00732600732601,0.995809703432,819,880,11
TMM easy (near-saturated),7,119,3;4;5;6;7;8;9,0.863235294118,0.966745098039,0.958,0.930681818182,0.00854700854701,0.995694799584,819,880,11
TMM easy (near-saturated),9,0,0;1;2;3;4;5;6;7;8,0.908660295104,0.972711267606,0.958039906103,0.925,0.004914004914,0.995937008948,814,880,11
TMM easy (near-saturated),9,1,0;1;2;3;4;5;6;7;9,0.902544396683,0.967869393426,0.947896313664,0.919318181818,0.00494437577256,0.995562076867,809,880,11
TMM easy (near-saturated),9,2,0;1;2;3;4;5;6;8;9,0.814352941176,0.958509803922,0.952666666667,0.929545454545,0.0122249388753,0.99563240102,818,880,11
TMM easy (near-saturated),9,3,0;1;2;3;4;5;7;8;9,0.90167600191,0.968781207937,0.949763362425,0.920454545455,0.00493827160494,0.99563882473,810,880,11
TMM easy (near-saturated),9,4,0;1;2;3;4;6;7;8;9,0.902826624984,0.97056141722,0.955321088967,0.929545454545,0.00488997555012,0.995875312961,818,880,11
TMM easy (near-saturated),9,5,0;1;2;3;5;6;7;8;9,0.891446168807,0.967745856801,0.950808379594,0.920454545455,0.00617283950617,0.995568040945,810,880,11
TMM easy (near-saturated),9,6,0;1;2;4;5;6;7;8;9,0.897698612863,0.965816969915,0.949648711944,0.921590909091,0.00493218249075,0.995763718533,811,880,11
TMM easy (near-saturated),9,7,0;1;3;4;5;6;7;8;9,0.907552980267,0.969933951943,0.950119534827,0.920454545455,0.00493827160494,0.995655081183,810,880,11
TMM easy (near-saturated),9,8,0;2;3;4;5;6;7;8;9,0.864400156311,0.962398506361,0.946376622813,0.922727272727,0.00738916256158,0.995718791983,812,880,11
TMM easy (near-saturated),9,9,1;2;3;4;5;6;7;8;9,0.898351648352,0.968023779499,0.955098180508,0.923863636364,0.00492004920049,0.995821966614,813,880,11
TMM easy (near-saturated),10,0,0;1;2;3;4;5;6;7;8;9,0.905600268276,0.969944668008,0.95317739772,0.959090909091,0.0154028436019,0.995746166499,844,880,11
TMM stressed,3,0,0;1;2,0.610112941176,0.688390588235,0.705614117647,0.792727272727,0.178899082569,0.732145563922,872,1100,11
TMM stressed,3,1,0;1;3,0.651644104263,0.729965156794,0.741232078597,0.797272727273,0.157354618016,0.764286457638,877,1100,11
TMM stressed,3,2,0;1;4,0.65508895962,0.780175132376,0.747319477243,0.798181818182,0.150341685649,0.787726871403,878,1100,11
TMM stressed,3,3,0;1;5,0.640998803828,0.704472959258,0.731219189503,0.7,0.171428571429,0.736976735318,770,1100,11
TMM stressed,3,4,0;1;6,0.676162884275,0.799256599066,0.743144414936,0.790909090909,0.133333333333,0.783441001942,870,1100,11
TMM stressed,3,5,0;1;7,0.608618955287,0.709878073078,0.708585424169,0.809090909091,0.170786516854,0.759165708415,890,1100,11
TMM stressed,3,6,0;1;8,0.678536736446,0.766272952947,0.746338556258,0.776363636364,0.146370023419,0.752375428891,854,1100,11
TMM stressed,3,7,0;1;9,0.607249597143,0.752344836768,0.731171293597,0.817272727273,0.187986651835,0.750929086313,899,1100,11
TMM stressed,3,8,0;2;3,0.649283486347,0.71567502354,0.709167059008,0.749090909091,0.14927184466,0.756306949354,824,1100,11
TMM stressed,3,9,0;2;4,0.667717771067,0.756415191173,0.728380805748,0.761818181818,0.140811455847,0.780501099425,838,1100,11
TMM stressed,3,10,0;2;5,0.652215070049,0.690201222481,0.716269089991,0.694545454545,0.164921465969,0.726319235516,764,1100,11
TMM stressed,3,11,0;2;6,0.677693968254,0.772271746032,0.723662222222,0.756363636364,0.129807692308,0.776446757719,832,1100,11
TMM stressed,3,12,0;2;7,0.657974242952,0.731959624086,0.726009977956,0.779090909091,0.159859976663,0.750328730799,857,1100,11
TMM stressed,3,13,0;2;8,0.690235524334,0.756798483334,0.731096814157,0.755454545455,0.138387484958,0.742491784542,831,1100,11
TMM stressed,3,14,0;2;9,0.637264303883,0.742463889231,0.723635599761,0.783636363636,0.172853828306,0.743947228512,862,1100,11
TMM stressed,3,15,0;3;4,0.655860342835,0.773518829698,0.752118120209,0.807272727273,0.14527027027,0.803615608933,888,1100,11
TMM stressed,3,16,0;3;5,0.656666479485,0.707827942498,0.737692797245,0.682727272727,0.15845539281,0.765513936953,751,1100,11
TMM stressed,3,17,0;3;6,0.658999587324,0.761413739927,0.727378857974,0.785454545455,0.127314814815,0.803215596285,864,1100,11
TMM stressed,3,18,0;3;7,0.626703705386,0.711476452155,0.709089624617,0.793636363636,0.154639175258,0.77868797497,873,1100,11
TMM stressed,3,19,0;3;8,0.672732576855,0.735514244326,0.73799392403,0.747272727273,0.13503649635,0.779919779992,822,1100,11
TMM stressed,3,20,0;3;9,0.649967344389,0.757312017265,0.739185786764,0.787272727273,0.158198614319,0.774972394056,866,1100,11
TMM stressed,3,21,0;4;5,0.668061284061,0.731217754911,0.75260452511,0.7,0.149350649351,0.790592405117,770,1100,11
TMM stressed,3,22,0;4;6,0.690726743555,0.803126561109,0.75658652071,0.788181818182,0.115340253749,0.822808038354,867,1100,11
TMM stressed,3,23,0;4;7,0.648197172115,0.758080403866,0.726574524411,0.8,0.142045454545,0.801084067394,880,1100,11
TMM stressed,3,24,0;4;8,0.696027755077,0.77899217383,0.761163948481,0.761818181818,0.126491646778,0.798382155789,838,1100,11
TMM stressed,3,25,0;4;9,0.672727104883,0.809610848784,0.778990173136,0.81,0.158249158249,0.795931555448,891,1100,11
TMM stressed,3,26,0;5;6,0.657742222222,0.72834031746,0.729432380952,0.682727272727,0.139813581891,0.786073509316,751,1100,11
TMM stressed,3,27,0;5;7,0.665437852915,0.713993031422,0.739718622093,0.698181818182,0.157552083333,0.759651234689,768,1100,11
TMM stressed,3,28,0;5;8,0.685211741501,0.73507367444,0.736108597285,0.679090909091,0.137884872825,0.745708253828,747,1100,11
TMM stressed,3,29,0;5;9,0.660787994964,0.740826684096,0.745529036588,0.7,0.167532467532,0.749138073725,770,1100,11
TMM stressed,3,30,0;6;7,0.68437081029,0.777474023798,0.731764286911,0.774545454545,0.120892018779,0.800242563873,852,1100,11
TMM stressed,3,31,0;6;8,0.712255949388,0.803083626613,0.74737095693,0.75,0.109090909091,0.793514118936,825,1100,11
TMM stressed,3,32,0;6;9,0.678823718158,0.800329892359,0.743220411212,0.771818181818,0.13074204947,0.795002452264,849,1100,11
TMM stressed,3,33,0;7;8,0.67034598062,0.751213710542,0.736761293845,0.759090909091,0.14251497006,0.772440263225,835,1100,11
TMM stressed,3,34,0;7;9,0.64028091262,0.775117585425,0.739045746385,0.805454545455,0.170428893905,0.770522822028,886,1100,11
TMM stressed,3,35,0;8;9,0.686819271794,0.788248654381,0.745892754072,0.754545454545,0.138554216867,0.76441338831,830,1100,11
TMM stressed,3,36,1;2;3,0.638902298198,0.70953070574,0.716738603665,0.777272727273,0.163742690058,0.729749590744,855,1100,11
TMM stressed,3,37,1;2;4,0.657978397426,0.747333192891,0.738365635054,0.78,0.152680652681,0.758679172499,858,1100,11
TMM stressed,3,38,1;2;5,0.620932048375,0.697900171513,0.71128345272,0.731818181818,0.193788819876,0.687449496046,805,1100,11
TMM stressed,3,39,1;2;6,0.649338402364,0.748399839613,0.726158476519,0.79,0.149597238205,0.750360025386,869,1100,11
TMM stressed,3,40,1;2;7,0.631812420786,0.739982101567,0.725622470256,0.806363636364,0.180383314543,0.724227325411,887,1100,11
TMM stressed,3,41,1;2;8,0.615942344961,0.724709302326,0.687771317829,0.788181818182,0.167243367935,0.709200263145,867,1100,11
TMM stressed,3,42,1;2;9,0.604343068312,0.726961646096,0.717323837543,0.814545454545,0.196428571429,0.714401219677,896,1100,11
TMM stressed,3,43,1;3;4,0.644705147426,0.744392803598,0.761374312844,0.810909090909,0.15134529148,0.791084634714,892,1100,11
TMM stressed,3,44,1;3;5,0.649711831231,0.706987639553,0.741228070175,0.705454545455,0.170103092784,0.736663605566,776,1100,11
TMM stressed,3,45,1;3;6,0.636178926568,0.73820754717,0.737697603264,0.804545454545,0.141242937853,0.78668557331,885,1100,11
TMM stressed,3,46,1;3;7,0.623396886276,0.718832570923,0.732121206266,0.806363636364,0.167981961669,0.761029786919,887,1100,11
TMM stressed,3,47,1;3;8,0.665649554485,0.740777749615,0.741382167716,0.765454545455,0.144893111639,0.754157533132,842,1100,11
TMM stressed,3,48,1;3;9,0.641205877479,0.754129149865,0.747090721612,0.803636363636,0.170814479638,0.753997138788,884,1100,11
TMM stressed,3,49,1;4;5,0.663001786283,0.720813658834,0.761491984805,0.712727272727,0.158163265306,0.767519793022,784,1100,11
TMM stressed,3,50,1;4;6,0.663491136104,0.75719904139,0.764183044723,0.797272727273,0.126567844926,0.81079986013,877,1100,11
TMM stressed,3,51,1;4;7,0.639252317943,0.746048482508,0.748959215092,0.802727272727,0.155152887882,0.787949333925,883,1100,11
TMM stressed,3,52,1;4;8,0.673653025913,0.764636648962,0.749673064542,0.77,0.134592680047,0.777255905574,847,1100,11
TMM stressed,3,53,1;4;9,0.643510762603,0.758609848005,0.764607060568,0.816363636364,0.165924276169,0.779810844194,898,1100,11
TMM stressed,3,54,1;5;6,0.622021587302,0.693506031746,0.715225396825,0.710909090909,0.154731457801,0.758020154463,782,1100,11
TMM stressed,3,55,1;5;7,0.648040103723,0.711543584825,0.739041631145,0.72,0.175505050505,0.731312015136,792,1100,11
TMM stressed,3,56,1;5;8,0.62552,0.700305882353,0.706917647059,0.706363636364,0.168597168597,0.708987932351,777,1100,11
TMM stressed,3,57,1;5;9,0.634003139989,0.724057246411,0.736279848277,0.725454545455,0.189223057644,0.717006969012,798,1100,11
TMM stressed,3,58,1;6;7,0.649506586567,0.761586335768,0.738524341215,0.792727272727,0.141055045872,0.783580547312,872,1100,11
TMM stressed,3,59,1;6;8,0.663413118307,0.785377358491,0.724879950705,0.773636363636,0.128084606345,0.768559683209,851,1100,11
TMM stressed,3,60,1;6;9,0.646929037019,0.774423810109,0.747450498094,0.793636363636,0.151202749141,0.775159534237,873,1100,11
TMM stressed,3,61,1;7;8,0.646627906977,0.748231589147,0.727470930233,0.776363636364,0.154566744731,0.747848034191,854,1100,11
TMM stressed,3,62,1;7;9,0.615335260459,0.768548582284,0.735915316081,0.820909090909,0.186046511628,0.749945282494,903,1100,11
TMM stressed,3,63,1;8;9,0.6406223225,0.765907922545,0.722006435521,0.775454545455,0.158264947245,0.736607986141,853,1100,11
TMM stressed,3,64,2;3;4,0.636430813764,0.736377813112,0.723306017613,0.787272727273,0.150115473441,0.775520505402,866,1100,11
TMM stressed,3,65,2;3;5,0.653441151742,0.715306347258,0.714739828516,0.712727272727,0.168367346939,0.714847461735,784,1100,11
TMM stressed,3,66,2;3;6,0.634985792653,0.732971174812,0.708800025589,0.782727272727,0.141695702671,0.770784999287,861,1100,11
TMM stressed,3,67,2;3;7,0.646468050368,0.757037557371,0.717377581387,0.789090909091,0.161290322581,0.743653120695,868,1100,11
TMM stressed,3,68,2;3;8,0.658679753657,0.734361737826,0.706564220998,0.757272727273,0.144057623049,0.734188038446,833,1100,11
TMM stressed,3,69,2;3;9,0.636109656015,0.740805761235,0.707955205074,0.782727272727,0.163763066202,0.738673142275,861,1100,11
TMM stressed,3,70,2;4;5,0.655710839824,0.71400688652,0.730946988529,0.731818181818,0.16149068323,0.747921368698,805,1100,11
TMM stressed,3,71,2;4;6,0.653539779762,0.750005429943,0.731722812276,0.787272727273,0.130484988453,0.796252704777,866,1100,11
TMM stressed,3,72,2;4;7,0.642324437339,0.756610503013,0.725101463535,0.797272727273,0.155074116306,0.771823768616,877,1100,11
TMM stressed,3,73,2;4;8,0.657111739471,0.733769321627,0.711986951031,0.773636363636,0.137485311398,0.759706310315,851,1100,11
TMM stressed,3,74,2;4;9,0.62867248062,0.722126937984,0.721371124031,0.807272727273,0.162162162162,0.765670578868,888,1100,11
TMM stressed,3,75,2;5;6,0.655549684888,0.726599836256,0.723301155728,0.731818181818,0.152795031056,0.737642687903,805,1100,11
TMM stressed,3,76,2;5;7,0.630933320466,0.704734374109,0.71672274105,0.745454545455,0.190243902439,0.709445704055,820,1100,11
TMM stressed,3,77,2;5;8,0.604174117647,0.657632941176,0.676644705882,0.740909090909,0.179141104294,0.686117234356,815,1100,11
TMM stressed,3,78,2;5;9,0.620217630748,0.696598394555,0.718198610558,0.747272727273,0.201946472019,0.697579325621,822,1100,11
TMM stressed,3,79,2;6;7,0.654839365079,0.768314920635,0.718659047619,0.789090909091,0.141705069124,0.766951936332,868,1100,11
TMM stressed,3,80,2;6;8,0.670632747934,0.776203512397,0.713021694215,0.779090909091,0.130688448075,0.750580107519,857,1100,11
TMM stressed,3,81,2;6;9,0.634533914238,0.743827052176,0.713108959736,0.786363636364,0.151445086705,0.760610855053,865,1100,11
TMM stressed,3,82,2;7;8,0.655081775701,0.761959935652,0.706842730198,0.786363636364,0.152601156069,0.728274455976,865,1100,11
TMM stressed,3,83,2;7;9,0.62213176414,0.770509972892,0.731134741987,0.818181818182,0.192222222222,0.733847712737,900,1100,11
TMM stressed,3,84,2;8;9,0.628929411765,0.741021176471,0.707576470588,0.781818181818,0.168604651163,0.718835477711,860,1100,11
TMM stressed,3,85,3;4;5,0.636354166667,0.709985465116,0.745208333333,0.746363636364,0.163215590743,0.786072981519,821,1100,11
TMM stressed,3,86,3;4;6,0.630759495147,0.748098637551,0.737921099291,0.842727272727,0.126213592233,0.820614601515,927,1100,11
TMM stressed,3,87,3;4;7,0.617680785124,0.765227272727,0.738553719008,0.838181818182,0.156182212581,0.798893341469,922,1100,11
TMM stressed,3,88,3;4;8,0.668591573553,0.750656277562,0.752002755583,0.791818181818,0.132032146958,0.796260293472,871,1100,11
TMM stressed,3,89,3;4;9,0.613694256616,0.72904840831,0.759767468012,0.837272727273,0.171552660152,0.795285359067,921,1100,11
TMM stressed,3,90,3;5;6,0.622352376532,0.690649986287,0.711604185566,0.73,0.148194271482,0.78111320277,803,1100,11
TMM stressed,3,91,3;5;7,0.654681020438,0.720717009775,0.724461270735,0.729090909091,0.159600997506,0.753604583994,802,1100,11
TMM stressed,3,92,3;5;8,0.655910852713,0.698149224806,0.714006782946,0.701818181818,0.145077720207,0.739006941364,772,1100,11
TMM stressed,3,93,3;5;9,0.635439768486,0.693212347415,0.727448116695,0.72,0.17803030303,0.74559809871,792,1100,11
TMM stressed,3,94,3;6;7,0.64405564473,0.76709470305,0.733681112895,0.813636363636,0.137430167598,0.797917120434,895,1100,11
TMM stressed,3,95,3;6;8,0.675247222222,0.761133333333,0.728555555556,0.780909090909,0.11641443539,0.791324200182,859,1100,11
TMM stressed,3,96,3;6;9,0.639876033058,0.756022727273,0.742887396694,0.8,0.145454545455,0.794656071234,880,1100,11
TMM stressed,3,97,3;7;8,0.660243458555,0.746253616031,0.730185150833,0.773636363636,0.142185663925,0.769440659199,851,1100,11
TMM stressed,3,98,3;7;9,0.628114237047,0.77431959419,0.740135519617,0.817272727273,0.174638487208,0.76909474214,899,1100,11
TMM stressed,3,99,3;8;9,0.66238372093,0.74378875969,0.740242248062,0.758181818182,0.146282973621,0.763369869639,834,1100,11
TMM stressed,3,100,4;5;6,0.633740380949,0.689210016164,0.741170342446,0.739090909091,0.140221402214,0.807528224387,813,1100,11
TMM stressed,3,101,4;5;7,0.667314073558,0.725522682446,0.757790927022,0.741818181818,0.155637254902,0.783637022674,816,1100,11
TMM stressed,3,102,4;5;8,0.673900155021,0.724704658882,0.742223453316,0.722727272727,0.137106918239,0.764787161657,795,1100,11
TMM stressed,3,103,4;5;9,0.635247252747,0.680897435897,0.750141941392,0.749090909091,0.174757281553,0.773885650152,824,1100,11
TMM stressed,3,104,4;6;7,0.646170845729,0.75258251877,0.742830429239,0.811818181818,0.125419932811,0.821432217307,893,1100,11
TMM stressed,3,105,4;6;8,0.693194146978,0.785233654316,0.754439516333,0.787272727273,0.108545034642,0.810653461544,866,1100,11
TMM stressed,3,106,4;6;9,0.636378445299,0.726624095915,0.752394604809,0.814545454545,0.136160714286,0.816305773204,896,1100,11
TMM stressed,3,107,4;7;8,0.66839920029,0.769812497763,0.748689734163,0.783636363636,0.135730858469,0.79225665958,862,1100,11
TMM stressed,3,108,4;7;9,0.631199900992,0.76106224177,0.762085641934,0.835454545455,0.169749727965,0.793917025022,919,1100,11
TMM stressed,3,109,4;8;9,0.647928235152,0.729302470626,0.747273861259,0.784545454545,0.146002317497,0.784363730975,863,1100,11
TMM stressed,3,110,5;6;7,0.649249890246,0.715488139031,0.725161602858,0.721818181818,0.143576826196,0.778557882393,794,1100,11
TMM stressed,3,111,5;6;8,0.659387163819,0.72313010848,0.71586874608,0.716363636364,0.130710659898,0.754369306853,788,1100,11
TMM stressed,3,112,5;6;9,0.638103265884,0.70357793246,0.736014568711,0.716363636364,0.158629441624,0.768222405939,788,1100,11
TMM stressed,3,113,5;7;8,0.651792554006,0.70691933507,0.7054638425,0.716363636364,0.147208121827,0.732639553327,788,1100,11
TMM stressed,3,114,5;7;9,0.643658822461,0.726241398549,0.7437102906,0.740909090909,0.186503067485,0.74128601843,815,1100,11
TMM stressed,3,115,5;8;9,0.632941920416,0.699022852422,0.717171857042,0.709090909091,0.167948717949,0.718719702684,780,1100,11
TMM stressed,3,116,6;7;8,0.688587367875,0.800705019293,0.741011268664,0.769090909091,0.11938534279,0.787178313451,846,1100,11
TMM stressed,3,117,6;7;9,0.655060457911,0.78034464027,0.745241831643,0.794545454545,0.143020594966,0.793135443193,874,1100,11
TMM stressed,3,118,6;8;9,0.663619965824,0.758781460307,0.732421256936,0.757272727273,0.128451380552,0.778822802473,833,1100,11
TMM stressed,3,119,7;8;9,0.637914877378,0.763393698163,0.72602514745,0.775454545455,0.158264947245,0.757717342683,853,1100,11
TMM stressed,5,0,0;1;2;3;4,0.687983778198,0.76926826415,0.742079198269,0.711818181818,0.13282247765,0.774717946618,783,1100,11
TMM stressed,5,1,0;1;2;3;5,0.664590205711,0.716813198741,0.720848139916,0.634545454545,0.14899713467,0.744420668976,698,1100,11
TMM stressed,5,2,0;1;2;3;6,0.701017003019,0.775718059749,0.737913157477,0.699090909091,0.120936280884,0.77167646592,769,1100,11
TMM stressed,5,3,0;1;2;3;7,0.677298128368,0.747005959521,0.729003636641,0.716363636364,0.142131979695,0.755665581622,788,1100,11
TMM stressed,5,4,0;1;2;3;8,0.692767844483,0.749734759034,0.72330844713,0.690909090909,0.125,0.753046045086,760,1100,11
TMM stressed,5,5,0;1;2;3;9,0.678435844373,0.767155172009,0.729590472034,0.715454545455,0.139771283355,0.751814101968,787,1100,11
TMM stressed,5,6,0;1;2;4;5,0.67600102816,0.733587517374,0.730331676853,0.642727272727,0.1414427157,0.76094320477,707,1100,11
TMM stressed,5,7,0;1;2;4;6,0.706791727821,0.790886945532,0.736912915851,0.700909090909,0.112840466926,0.785965422236,771,1100,11
TMM stressed,5,8,0;1;2;4;7,0.675721528766,0.760960441205,0.726564677237,0.722727272727,0.135849056604,0.77092185217,795,1100,11
TMM stressed,5,9,0;1;2;4;8,0.709794010412,0.776628516836,0.739110725497,0.698181818182,0.119791666667,0.767135335665,768,1100,11
TMM stressed,5,10,0;1;2;4;9,0.682738906558,0.782106618204,0.738575268817,0.726363636364,0.137672090113,0.766680113372,799,1100,11
TMM stressed,5,11,0;1;2;5;6,0.670846410454,0.735146365054,0.714923708573,0.632727272727,0.133620689655,0.756172281629,696,1100,11
TMM stressed,5,12,0;1;2;5;7,0.662417913911,0.717860540666,0.718886181692,0.651818181818,0.153417015342,0.739642659168,717,1100,11
TMM stressed,5,13,0;1;2;5;8,0.686606206948,0.736382524708,0.720153863432,0.630909090909,0.132564841499,0.731899957631,694,1100,11
TMM stressed,5,14,0;1;2;5;9,0.658082675946,0.735324928492,0.720344695659,0.652727272727,0.155988857939,0.733389370424,718,1100,11
TMM stressed,5,15,0;1;2;6;7,0.69041005921,0.771582129661,0.718588782657,0.707272727273,0.120822622108,0.767753563462,778,1100,11
TMM stressed,5,16,0;1;2;6;8,0.716924191212,0.786958796073,0.724675076453,0.689090909091,0.105540897098,0.762638208638,758,1100,11
TMM stressed,5,17,0;1;2;6;9,0.692563381103,0.792826284509,0.728480554381,0.707272727273,0.123393316195,0.76341764619,778,1100,11
TMM stressed,5,18,0;1;2;7;8,0.706769411765,0.773082352941,0.734611764706,0.702727272727,0.125485122898,0.748143464696,773,1100,11
TMM stressed,5,19,0;1;2;7;9,0.659846156694,0.767615151066,0.726571756517,0.739090909091,0.156211562116,0.747686428292,813,1100,11
TMM stressed,5,20,0;1;2;8;9,0.702071815491,0.787499301949,0.732767446622,0.702727272727,0.126778783959,0.742843993578,773,1100,11
TMM stressed,5,21,0;1;3;4;5,0.663434397268,0.730344841199,0.736498489963,0.647272727273,0.141853932584,0.78277600591,712,1100,11
TMM stressed,5,22,0;1;3;4;6,0.698223666167,0.790484377967,0.745327102804,0.73,0.110834371108,0.803231312538,803,1100,11
TMM stressed,5,23,0;1;3;4;7,0.665200178206,0.759816528624,0.731668050465,0.739090909091,0.135301353014,0.78869071325,813,1100,11
TMM stressed,5,24,0;1;3;4;8,0.699581522614,0.770139224207,0.751121640109,0.712727272727,0.119897959184,0.788363643585,784,1100,11
TMM stressed,5,25,0;1;3;4;9,0.692705015125,0.800008494613,0.767186253828,0.745454545455,0.140243902439,0.785375329971,820,1100,11
TMM stressed,5,26,0;1;3;5;6,0.659359411919,0.72659181814,0.720857206101,0.634545454545,0.13323782235,0.779675757461,698,1100,11
TMM stressed,5,27,0;1;3;5;7,0.691598077667,0.747864074095,0.753733267046,0.645454545455,0.143661971831,0.763323275213,710,1100,11
TMM stressed,5,28,0;1;3;5;8,0.709007187781,0.758619721473,0.75373427673,0.619090909091,0.126284875184,0.758987016105,681,1100,11
TMM stressed,5,29,0;1;3;5;9,0.677226610691,0.748586790403,0.742620928391,0.645454545455,0.147887323944,0.758109463275,710,1100,11
TMM stressed,5,30,0;1;3;6;7,0.692391111111,0.780911746032,0.739174603175,0.725454545455,0.121553884712,0.786934870686,798,1100,11
TMM stressed,5,31,0;1;3;6;8,0.705871184152,0.775827514187,0.730232484547,0.697272727273,0.102998696219,0.78534933583,767,1100,11
TMM stressed,5,32,0;1;3;6;9,0.703044079567,0.80235306811,0.750701310421,0.722727272727,0.122012578616,0.783590341272,795,1100,11
TMM stressed,5,33,0;1;3;7;8,0.695026670774,0.757831331192,0.740831463201,0.701818181818,0.126943005181,0.770919999255,772,1100,11
TMM stressed,5,34,0;1;3;7;9,0.680387091944,0.781783468104,0.745910077868,0.737272727273,0.144266337855,0.768130773287,811,1100,11
TMM stressed,5,35,0;1;3;8;9,0.7065868974,0.782620045469,0.75018391863,0.705454545455,0.123711340206,0.766610713308,776,1100,11
TMM stressed,5,36,0;1;4;5;6,0.671747904055,0.742229919491,0.732083047286,0.640909090909,0.126241134752,0.794089194848,705,1100,11
TMM stressed,5,37,0;1;4;5;7,0.685114049618,0.746177719388,0.747972239676,0.655454545455,0.137309292649,0.778925330118,721,1100,11
TMM stressed,5,38,0;1;4;5;8,0.707981756535,0.758712362018,0.749850700264,0.63,0.119769119769,0.773047298147,693,1100,11
TMM stressed,5,39,0;1;4;5;9,0.680166973809,0.758460378623,0.750563094507,0.658181818182,0.14364640884,0.7731963137,724,1100,11
TMM stressed,5,40,0;1;4;6;7,0.706714876033,0.799881198347,0.745914256198,0.723636363636,0.110552763819,0.800504175646,796,1100,11
TMM stressed,5,41,0;1;4;6;8,0.727917609351,0.805691721133,0.750204248366,0.7,0.0961038961039,0.797369331599,770,1100,11
TMM stressed,5,42,0;1;4;6;9,0.703608260344,0.813686020686,0.753914338285,0.73,0.117061021171,0.796613258069,803,1100,11
TMM stressed,5,43,0;1;4;7;8,0.705913171812,0.782929528963,0.751420489485,0.71,0.121638924456,0.784150976948,781,1100,11
TMM stressed,5,44,0;1;4;7;9,0.676670247046,0.792266380236,0.748012889366,0.75,0.141818181818,0.78223679801,825,1100,11
TMM stressed,5,45,0;1;4;8;9,0.701142973773,0.790153514207,0.749658614339,0.717272727273,0.122940430925,0.779290450125,789,1100,11
TMM stressed,5,46,0;1;5;6;7,0.676264367816,0.742013993003,0.726806596702,0.641818181818,0.130311614731,0.775679254245,706,1100,11
TMM stressed,5,47,0;1;5;6;8,0.707298784364,0.769247576672,0.738350150961,0.621818181818,0.112573099415,0.768209454731,684,1100,11
TMM stressed,5,48,0;1;5;6;9,0.682432108932,0.768897464379,0.741832005516,0.643636363636,0.135593220339,0.769773542628,708,1100,11
TMM stressed,5,49,0;1;5;7;8,0.695772754808,0.746758102378,0.733695857943,0.631818181818,0.123741007194,0.753735051805,695,1100,11
TMM stressed,5,50,0;1;5;7;9,0.683569757403,0.764390106424,0.751144095661,0.663636363636,0.152054794521,0.753809367388,730,1100,11
TMM stressed,5,51,0;1;5;8;9,0.711435995933,0.779898316574,0.753252739803,0.632727272727,0.127873563218,0.746731570681,696,1100,11
TMM stressed,5,52,0;1;6;7;8,0.728465012876,0.804920127153,0.745478231128,0.690909090909,0.102631578947,0.780985348139,760,1100,11
TMM stressed,5,53,0;1;6;7;9,0.698728323132,0.807453507533,0.739617663214,0.722727272727,0.120754716981,0.780290168599,795,1100,11
TMM stressed,5,54,0;1;6;8;9,0.720203846786,0.809424177664,0.741510120106,0.696363636364,0.104438642298,0.775982103795,766,1100,11
TMM stressed,5,55,0;1;7;8;9,0.694607268464,0.786545224998,0.73802393078,0.711818181818,0.127713920817,0.76198630151,783,1100,11
TMM stressed,5,56,0;2;3;4;5,0.669442872955,0.729833968762,0.725312999631,0.64,0.139204545455,0.775477283204,704,1100,11
TMM stressed,5,57,0;2;3;4;6,0.696997845774,0.778638762299,0.732823094145,0.697272727273,0.110821382008,0.797544705744,767,1100,11
TMM stressed,5,58,0;2;3;4;7,0.675868642363,0.762061403509,0.724126830839,0.716363636364,0.131979695431,0.78231074503,788,1100,11
TMM stressed,5,59,0;2;3;4;8,0.700317460317,0.764815238095,0.732840634921,0.69,0.117259552042,0.781241877745,759,1100,11
TMM stressed,5,60,0;2;3;4;9,0.683180116594,0.776248318353,0.737009885161,0.719090909091,0.132743362832,0.779762679184,791,1100,11
TMM stressed,5,61,0;2;3;5;6,0.673574841929,0.734360728865,0.718838780649,0.628181818182,0.131693198263,0.772343052167,691,1100,11
TMM stressed,5,62,0;2;3;5;7,0.680981176471,0.731604705882,0.724804705882,0.64,0.142045454545,0.755263926714,704,1100,11
TMM stressed,5,63,0;2;3;5;8,0.708895865302,0.752279456966,0.73874114848,0.617272727273,0.126656848306,0.750142426477,679,1100,11
TMM stressed,5,64,0;2;3;5;9,0.690050469947,0.754741494837,0.740309179534,0.638181818182,0.143874643875,0.750971010835,702,1100,11
TMM stressed,5,65,0;2;3;6;7,0.695419520548,0.77273931833,0.72571652805,0.701818181818,0.119170984456,0.780549022512,772,1100,11
TMM stressed,5,66,0;2;3;6;8,0.723250015391,0.786164296415,0.734639537031,0.674545454545,0.102425876011,0.77818154952,742,1100,11
TMM stressed,5,67,0;2;3;6;9,0.695177411294,0.783323338331,0.73051974013,0.700909090909,0.119325551232,0.778021881613,771,1100,11
TMM stressed,5,68,0;2;3;7;8,0.711138723535,0.770926043653,0.737882640775,0.689090909091,0.121372031662,0.763096237064,758,1100,11
TMM stressed,5,69,0;2;3;7;9,0.689653321885,0.781036067777,0.736820491761,0.718181818182,0.139240506329,0.761845421039,790,1100,11
TMM stressed,5,70,0;2;3;8;9,0.703269182608,0.77330520719,0.730306883199,0.688181818182,0.120211360634,0.759545999124,757,1100,11
TMM stressed,5,71,0;2;4;5;6,0.675050145383,0.737264109382,0.719393176082,0.640909090909,0.124822695035,0.787310809743,705,1100,11
TMM stressed,5,72,0;2;4;5;7,0.685782829725,0.738899678224,0.733830277413,0.655454545455,0.137309292649,0.771375593111,721,1100,11
TMM stressed,5,73,0;2;4;5;8,0.715052074408,0.756283201005,0.743797719008,0.633636363636,0.119081779053,0.765008346332,697,1100,11
TMM stressed,5,74,0;2;4;5;9,0.693534798535,0.758988095238,0.750544871795,0.657272727273,0.141078838174,0.766564735185,723,1100,11
TMM stressed,5,75,0;2;4;6;7,0.699770613374,0.781951776437,0.72557399028,0.709090909091,0.110256410256,0.794471637967,780,1100,11
TMM stressed,5,76,0;2;4;6;8,0.725583321027,0.792968502774,0.732347418831,0.685454545455,0.0954907161804,0.790840820852,754,1100,11
TMM stressed,5,77,0;2;4;6;9,0.701879265304,0.793690893259,0.739317753792,0.712727272727,0.114795918367,0.791377236993,784,1100,11
TMM stressed,5,78,0;2;4;7;8,0.72468079385,0.793700870584,0.753192061503,0.703636363636,0.117571059432,0.776916166977,774,1100,11
TMM stressed,5,79,0;2;4;7;9,0.689939294986,0.787067316592,0.741090032322,0.730909090909,0.135572139303,0.776278229126,804,1100,11
TMM stressed,5,80,0;2;4;8;9,0.71313018937,0.789294727311,0.744307345547,0.704545454545,0.117419354839,0.77282396602,775,1100,11
TMM stressed,5,81,0;2;5;6;7,0.692519351128,0.751589034686,0.72846516797,0.64,0.127840909091,0.768067031526,704,1100,11
TMM stressed,5,82,0;2;5;6;8,0.719169802492,0.77153970637,0.736454210454,0.623636363636,0.110787172012,0.760079057678,686,1100,11
TMM stressed,5,83,0;2;5;6;9,0.691121120503,0.763753553783,0.735427711673,0.640909090909,0.131914893617,0.763112893969,705,1100,11
TMM stressed,5,84,0;2;5;7;8,0.718733974359,0.760897435897,0.742014652015,0.633636363636,0.123385939742,0.744831694382,697,1100,11
TMM stressed,5,85,0;2;5;7;9,0.684683177153,0.754484605087,0.740883534137,0.661818181818,0.152472527473,0.746362227164,728,1100,11
TMM stressed,5,86,0;2;5;8;9,0.697857383534,0.753737577948,0.726906407079,0.632727272727,0.126436781609,0.738718692318,696,1100,11
TMM stressed,5,87,0;2;6;7;8,0.734767533962,0.802220794166,0.738287029426,0.686363636364,0.101986754967,0.773684978963,755,1100,11
TMM stressed,5,88,0;2;6;7;9,0.709321366638,0.802849013859,0.739376578961,0.709090909091,0.119230769231,0.774331680171,780,1100,11
TMM stressed,5,89,0;2;6;8;9,0.718942238756,0.794128116555,0.726294626966,0.683636363636,0.102393617021,0.769474952635,752,1100,11
TMM stressed,5,90,0;2;7;8;9,0.723505450294,0.804456135063,0.752656647441,0.702727272727,0.124191461837,0.75476083491,773,1100,11
TMM stressed,5,91,0;3;4;5;6,0.675195345232,0.74737095693,0.742856544327,0.641818181818,0.126062322946,0.806613220054,706,1100,11
TMM stressed,5,92,0;3;4;5;7,0.680028346673,0.741942286566,0.741863818267,0.652727272727,0.135097493036,0.791261448937,718,1100,11
TMM stressed,5,93,0;3;4;5;8,0.70500977083,0.753370442747,0.7531138351,0.626363636364,0.120464441219,0.7888048181,689,1100,11
TMM stressed,5,94,0;3;4;5;9,0.677786426568,0.751213862956,0.752898794918,0.656363636364,0.14404432133,0.787585114277,722,1100,11
TMM stressed,5,95,0;3;4;6;7,0.706519840577,0.795417374597,0.746563560242,0.724545454545,0.109159347553,0.809892962723,797,1100,11
TMM stressed,5,96,0;3;4;6;8,0.733201066633,0.803310385858,0.7600554564,0.695454545455,0.0954248366013,0.810095857876,765,1100,11
TMM stressed,5,97,0;3;4;6;9,0.696668377052,0.79635532474,0.75046517293,0.731818181818,0.115527950311,0.807724111168,805,1100,11
TMM stressed,5,98,0;3;4;7;8,0.700688253968,0.770747936508,0.749572063492,0.703636363636,0.12015503876,0.796545713885,774,1100,11
TMM stressed,5,99,0;3;4;7;9,0.667154862782,0.774602842497,0.734984233258,0.744545454545,0.136752136752,0.79331419309,819,1100,11
TMM stressed,5,100,0;3;4;8;9,0.708539312618,0.786325918079,0.76244212963,0.71,0.120358514725,0.793503830896,781,1100,11
TMM stressed,5,101,0;3;5;6;7,0.674686887094,0.736346835925,0.723678182221,0.64,0.127840909091,0.789737257694,704,1100,11
TMM stressed,5,102,0;3;5;6;8,0.71134984127,0.766206984127,0.744944761905,0.612727272727,0.109792284866,0.785622016924,674,1100,11
TMM stressed,5,103,0;3;5;6;9,0.674418025396,0.748559074221,0.734700282456,0.639090909091,0.133712660028,0.785973240176,703,1100,11
TMM stressed,5,104,0;3;5;7;8,0.719781176471,0.762334117647,0.754432941176,0.622727272727,0.119708029197,0.770550028505,685,1100,11
TMM stressed,5,105,0;3;5;7;9,0.694413619571,0.762506907055,0.751889450587,0.65,0.141258741259,0.769543252517,715,1100,11
TMM stressed,5,106,0;3;5;8;9,0.709744216083,0.763196316262,0.748951781971,0.62,0.121700879765,0.765565997201,682,1100,11
TMM stressed,5,107,0;3;6;7;8,0.722378247935,0.791159583099,0.744528698329,0.685454545455,0.102122015915,0.794891619953,754,1100,11
TMM stressed,5,108,0;3;6;7;9,0.698671133108,0.795026557219,0.740629526799,0.72,0.118686868687,0.792892170659,792,1100,11
TMM stressed,5,109,0;3;6;8;9,0.728940326734,0.804839650732,0.756362666989,0.689090909091,0.101583113456,0.791802097979,758,1100,11
TMM stressed,5,110,0;3;7;8;9,0.706957870868,0.782756892231,0.75253848908,0.701818181818,0.125647668394,0.777261203508,772,1100,11
TMM stressed,5,111,0;4;5;6;7,0.690058118285,0.751543043051,0.741772581965,0.651818181818,0.121338912134,0.803759720115,717,1100,11
TMM stressed,5,112,0;4;5;6;8,0.711522750126,0.763757960449,0.743322649573,0.627272727273,0.104347826087,0.797951881244,690,1100,11
TMM stressed,5,113,0;4;5;6;9,0.686197002077,0.761541105615,0.751308913564,0.654545454545,0.129166666667,0.799277839536,720,1100,11
TMM stressed,5,114,0;4;5;7;8,0.717608045638,0.760244228791,0.753360802632,0.64,0.115056818182,0.784299401077,704,1100,11
TMM stressed,5,115,0;4;5;7;9,0.692475940507,0.76004262765,0.754611790547,0.665454545455,0.136612021858,0.784148664835,732,1100,11
TMM stressed,5,116,0;4;5;8;9,0.715357316457,0.76972048004,0.758908725383,0.638181818182,0.116809116809,0.778623346505,702,1100,11
TMM stressed,5,117,0;4;6;7;8,0.721544605899,0.793624956882,0.740039668851,0.695454545455,0.0954248366013,0.806672935345,765,1100,11
TMM stressed,5,118,0;4;6;7;9,0.702847744506,0.801847018671,0.744166293454,0.73,0.110834371108,0.805502651339,803,1100,11
TMM stressed,5,119,0;4;6;8;9,0.730107742756,0.810979156693,0.75847193695,0.700909090909,0.0972762645914,0.802844323147,771,1100,11
TMM stressed,5,120,0;4;7;8;9,0.698875907023,0.783347681712,0.748680359119,0.716363636364,0.123096446701,0.78961075898,788,1100,11
TMM stressed,5,121,0;5;6;7;8,0.721337159197,0.77315319893,0.744100548473,0.626363636364,0.10740203193,0.780931130598,689,1100,11
TMM stressed,5,122,0;5;6;7;9,0.690542635659,0.764089147287,0.740411821705,0.65,0.128671328671,0.782303922202,715,1100,11
TMM stressed,5,123,0;5;6;8;9,0.715596911618,0.779826083566,0.747894285324,0.626363636364,0.11175616836,0.775068679704,689,1100,11
TMM stressed,5,124,0;5;7;8;9,0.71543040293,0.773965201465,0.751543040293,0.637272727273,0.121255349501,0.760449361953,701,1100,11
TMM stressed,5,125,0;6;7;8;9,0.730102272105,0.811919955763,0.750058533718,0.690909090909,0.101315789474,0.787675689423,760,1100,11
TMM stressed,5,126,1;2;3;4;5,0.670167647227,0.733225757316,0.735191637631,0.657272727273,0.147994467497,0.758551797162,723,1100,11
TMM stressed,5,127,1;2;3;4;6,0.675349730854,0.755895009289,0.726789145244,0.718181818182,0.120253164557,0.784903510512,790,1100,11
TMM stressed,5,128,1;2;3;4;7,0.662926116737,0.757678490357,0.730843252206,0.732727272727,0.143920595533,0.769528349087,806,1100,11
TMM stressed,5,129,1;2;3;4;8,0.693717173817,0.765433565499,0.738662746088,0.707272727273,0.125964010283,0.765195827022,778,1100,11
TMM stressed,5,130,1;2;3;4;9,0.669315532952,0.758553430041,0.73671713961,0.736363636364,0.143209876543,0.765683022028,810,1100,11
TMM stressed,5,131,1;2;3;5;6,0.665479833647,0.732114132141,0.724247685185,0.65,0.142657342657,0.753432920313,715,1100,11
TMM stressed,5,132,1;2;3;5;7,0.671938627943,0.735009342619,0.728935492312,0.657272727273,0.154910096819,0.736459775266,723,1100,11
TMM stressed,5,133,1;2;3;5;8,0.669113307058,0.729965156794,0.714285714286,0.639090909091,0.142247510669,0.72786905454,703,1100,11
TMM stressed,5,134,1;2;3;5;9,0.669445260423,0.743219975144,0.729386509999,0.655454545455,0.156726768377,0.730593857166,721,1100,11
TMM stressed,5,135,1;2;3;6;7,0.665116505003,0.755454540806,0.714778775994,0.720909090909,0.132408575032,0.766177096896,793,1100,11
TMM stressed,5,136,1;2;3;6;8,0.697030745867,0.774358161486,0.724483691345,0.696363636364,0.116187989556,0.760418832739,766,1100,11
TMM stressed,5,137,1;2;3;6;9,0.676836797442,0.77137867421,0.730247202066,0.722727272727,0.133333333333,0.762262387979,795,1100,11
TMM stressed,5,138,1;2;3;7;8,0.686752297289,0.765556069275,0.726627367123,0.706363636364,0.132561132561,0.745598909628,777,1100,11
TMM stressed,5,139,1;2;3;7;9,0.67721790674,0.784006685573,0.7420894241,0.736363636364,0.154320987654,0.746051145388,810,1100,11
TMM stressed,5,140,1;2;3;8;9,0.683974029436,0.766588602654,0.72550027608,0.706363636364,0.133848133848,0.740627961801,777,1100,11
TMM stressed,5,141,1;2;4;5;6,0.685355765141,0.748742244452,0.746375855005,0.657272727273,0.135546334716,0.770478957481,723,1100,11
TMM stressed,5,142,1;2;4;5;7,0.666756332026,0.730211091133,0.72896521456,0.667272727273,0.149863760218,0.754651103894,734,1100,11
TMM stressed,5,143,1;2;4;5;8,0.676555232558,0.73289244186,0.720750968992,0.648181818182,0.133239831697,0.744902507275,713,1100,11
TMM stressed,5,144,1;2;4;5;9,0.67568638525,0.742776330412,0.743049609211,0.67,0.153324287653,0.748407539319,737,1100,11
TMM stressed,5,145,1;2;4;6;7,0.675396305311,0.76943040213,0.724734236202,0.721818181818,0.124685138539,0.781856630176,794,1100,11
TMM stressed,5,146,1;2;4;6;8,0.699721524862,0.781106938672,0.723539587772,0.7,0.107792207792,0.774898623656,770,1100,11
TMM stressed,5,147,1;2;4;6;9,0.687857540124,0.778935920864,0.743489790243,0.729090909091,0.127182044888,0.777494436736,802,1100,11
TMM stressed,5,148,1;2;4;7;8,0.69301409659,0.778807346605,0.735732808204,0.715454545455,0.12833545108,0.761232037203,787,1100,11
TMM stressed,5,149,1;2;4;7;9,0.678607727115,0.784963452837,0.748578721429,0.744545454545,0.148962148962,0.762356715515,819,1100,11
TMM stressed,5,150,1;2;4;8;9,0.673069520933,0.756893863129,0.718817236138,0.719090909091,0.130214917826,0.755853070882,791,1100,11
TMM stressed,5,151,1;2;5;6;7,0.665344860263,0.735327705937,0.717658264449,0.656363636364,0.142659279778,0.749510708311,722,1100,11
TMM stressed,5,152,1;2;5;6;8,0.664041123451,0.738366127475,0.702705013681,0.647272727273,0.13202247191,0.73815866555,712,1100,11
TMM stressed,5,153,1;2;5;6;9,0.658096285295,0.738228518117,0.720540355286,0.66,0.150137741047,0.743058995405,726,1100,11
TMM stressed,5,154,1;2;5;7;8,0.665063529412,0.733656470588,0.709821176471,0.656363636364,0.145429362881,0.723229201758,722,1100,11
TMM stressed,5,155,1;2;5;7;9,0.649070864301,0.736649716066,0.72159650377,0.679090909091,0.170013386881,0.726440299631,747,1100,11
TMM stressed,5,156,1;2;5;8;9,0.647115528601,0.73075771189,0.703260706798,0.658181818182,0.154696132597,0.715681699052,724,1100,11
TMM stressed,5,157,1;2;6;7;8,0.69650201089,0.791755605008,0.719812687023,0.704545454545,0.117419354839,0.756429749785,775,1100,11
TMM stressed,5,158,1;2;6;7;9,0.670460527599,0.783671937452,0.724229366921,0.728181818182,0.137328339576,0.758851957768,801,1100,11
TMM stressed,5,159,1;2;6;8;9,0.680460828102,0.780233985192,0.712080516659,0.704545454545,0.122580645161,0.75087437746,775,1100,11
TMM stressed,5,160,1;2;7;8;9,0.678526553862,0.789858714469,0.728579140373,0.722727272727,0.143396226415,0.736392065398,795,1100,11
TMM stressed,5,161,1;3;4;5;6,0.671341865614,0.739327405392,0.751875278032,0.659090909091,0.132413793103,0.793784684053,725,1100,11
TMM stressed,5,162,1;3;4;5;7,0.66378007474,0.731250516331,0.741198081437,0.67,0.146540027137,0.778221129478,737,1100,11
TMM stressed,5,163,1;3;4;5;8,0.695760986301,0.752360542135,0.752404278376,0.640909090909,0.129078014184,0.77206067111,705,1100,11
TMM stressed,5,164,1;3;4;5;9,0.665955294118,0.736310588235,0.750376470588,0.67,0.15196743555,0.773108915532,737,1100,11
TMM stressed,5,165,1;3;4;6;7,0.684506635133,0.783450269347,0.749525686506,0.737272727273,0.120838471023,0.800682370795,811,1100,11
TMM stressed,5,166,1;3;4;6;8,0.707520064205,0.78823434992,0.749470304976,0.712727272727,0.104591836735,0.797437086978,784,1100,11
TMM stressed,5,167,1;3;4;6;9,0.690676234161,0.789848161436,0.76369398146,0.743636363636,0.124694376528,0.797309218294,818,1100,11
TMM stressed,5,168,1;3;4;7;8,0.683964986533,0.766210688321,0.744446244507,0.715454545455,0.12706480305,0.783939942917,787,1100,11
TMM stressed,5,169,1;3;4;7;9,0.667714397886,0.782130956029,0.757167343343,0.757272727273,0.148859543818,0.782581206929,833,1100,11
TMM stressed,5,170,1;3;4;8;9,0.691506787508,0.771309047395,0.754860130257,0.721818181818,0.128463476071,0.779614206656,794,1100,11
TMM stressed,5,171,1;3;5;6;7,0.664888523456,0.736858201435,0.731679192215,0.657272727273,0.138312586445,0.774893217,723,1100,11
TMM stressed,5,172,1;3;5;6;8,0.68690031746,0.753061587302,0.733262222222,0.632727272727,0.123563218391,0.766965682405,696,1100,11
TMM stressed,5,173,1;3;5;6;9,0.671405729257,0.749412433297,0.74526093741,0.655454545455,0.142857142857,0.769605112382,721,1100,11
TMM stressed,5,174,1;3;5;7;8,0.694281955172,0.75077616235,0.739668521884,0.638181818182,0.131054131054,0.752104977422,702,1100,11
TMM stressed,5,175,1;3;5;7;9,0.67072185004,0.746879837793,0.740938628818,0.667272727273,0.155313351499,0.753079495225,734,1100,11
TMM stressed,5,176,1;3;5;8;9,0.688694830699,0.754891010964,0.741223171572,0.636363636364,0.135714285714,0.745604442675,700,1100,11
TMM stressed,5,177,1;3;6;7;8,0.702958421489,0.793178179647,0.741685069932,0.700909090909,0.112840466926,0.780713846061,771,1100,11
TMM stressed,5,178,1;3;6;7;9,0.667481619409,0.782950078468,0.733548299196,0.735454545455,0.133498145859,0.78067700284,809,1100,11
TMM stressed,5,179,1;3;6;8;9,0.696978962818,0.787579500978,0.739180732224,0.705454545455,0.114690721649,0.776258621102,776,1100,11
TMM stressed,5,180,1;3;7;8;9,0.690269130443,0.781758725081,0.745140039222,0.712727272727,0.133928571429,0.761821915515,784,1100,11
TMM stressed,5,181,1;4;5;6;7,0.667487533091,0.732648935952,0.739026041987,0.664545454545,0.134062927497,0.790909425208,731,1100,11
TMM stressed,5,182,1;4;5;6;8,0.690452786619,0.756324242235,0.738542511806,0.642727272727,0.117397454031,0.781410336516,707,1100,11
TMM stressed,5,183,1;4;5;6;9,0.678352083293,0.747382479674,0.758578837568,0.668181818182,0.138775510204,0.78506318103,735,1100,11
TMM stressed,5,184,1;4;5;7;8,0.69105934036,0.749663473921,0.741295273084,0.650909090909,0.127094972067,0.767948008624,716,1100,11
TMM stressed,5,185,1;4;5;7;9,0.680336538462,0.750952380952,0.758832417582,0.679090909091,0.149933065596,0.769832101006,747,1100,11
TMM stressed,5,186,1;4;5;8;9,0.683737916219,0.749015395632,0.742637546247,0.652727272727,0.130919220056,0.76091387707,718,1100,11
TMM stressed,5,187,1;4;6;7;8,0.707806797325,0.801982025696,0.746582350583,0.705454545455,0.106958762887,0.794243612973,776,1100,11
TMM stressed,5,188,1;4;6;7;9,0.694294581521,0.80121949397,0.760798848256,0.74,0.125307125307,0.795102490752,814,1100,11
TMM stressed,5,189,1;4;6;8;9,0.705676442276,0.798516413654,0.751594520717,0.714545454545,0.10941475827,0.789199389609,786,1100,11
TMM stressed,5,190,1;4;7;8;9,0.686814495162,0.782144922465,0.749998785104,0.725454545455,0.131578947368,0.776050258004,798,1100,11
TMM stressed,5,191,1;5;6;7;8,0.683524533728,0.758393916689,0.724271480934,0.641818181818,0.121813031161,0.762834742869,706,1100,11
TMM stressed,5,192,1;5;6;7;9,0.667991990435,0.751463378327,0.736692740971,0.664545454545,0.143638850889,0.766244719436,731,1100,11
TMM stressed,5,193,1;5;6;8;9,0.669613278934,0.753286605991,0.723601293222,0.646363636364,0.132208157525,0.755575958429,711,1100,11
TMM stressed,5,194,1;5;7;8;9,0.672574591944,0.751127770291,0.725844189877,0.654545454545,0.140277777778,0.741092814898,720,1100,11
TMM stressed,5,195,1;6;7;8;9,0.700004997501,0.808595702149,0.739865067466,0.704545454545,0.116129032258,0.772609966962,775,1100,11
TMM stressed,5,196,2;3;4;5;6,0.674896932447,0.750180399756,0.739452291203,0.665454545455,0.135245901639,0.782955698215,732,1100,11
TMM stressed,5,197,2;3;4;5;7,0.682246279898,0.761617839596,0.743532348814,0.675454545455,0.149394347241,0.766763206864,743,1100,11
TMM stressed,5,198,2;3;4;5;8,0.685707790017,0.743378754321,0.729356430077,0.651818181818,0.13249651325,0.759744489814,717,1100,11
TMM stressed,5,199,2;3;4;5;9,0.669596061695,0.742124326146,0.737149970051,0.669090909091,0.152173913043,0.762592619181,736,1100,11
TMM stressed,5,200,2;3;4;6;7,0.67054436512,0.77909336223,0.725586435492,0.731818181818,0.125465838509,0.791320448171,805,1100,11
TMM stressed,5,201,2;3;4;6;8,0.698093631425,0.778819204898,0.727470679545,0.705454545455,0.10824742268,0.787167257035,776,1100,11
TMM stressed,5,202,2;3;4;6;9,0.676316155236,0.772432680082,0.736712327357,0.732727272727,0.126550868486,0.788794919876,806,1100,11
TMM stressed,5,203,2;3;4;7;8,0.680760312671,0.77111135862,0.727724225917,0.719090909091,0.128950695322,0.773063713106,791,1100,11
TMM stressed,5,204,2;3;4;7;9,0.672542887607,0.790141086423,0.746863159498,0.746363636364,0.148599269184,0.77338088681,821,1100,11
TMM stressed,5,205,2;3;4;8;9,0.675472152172,0.759083320382,0.726735820394,0.714545454545,0.129770992366,0.769503084575,786,1100,11
TMM stressed,5,206,2;3;5;6;7,0.671502733858,0.751371863958,0.721526420718,0.663636363636,0.139726027397,0.763182383945,730,1100,11
TMM stressed,5,207,2;3;5;6;8,0.680513015873,0.745782857143,0.713244444444,0.646363636364,0.12517580872,0.754406137414,711,1100,11
TMM stressed,5,208,2;3;5;6;9,0.66710998062,0.743013565891,0.724462209302,0.656363636364,0.14404432133,0.758886877128,722,1100,11
TMM stressed,5,209,2;3;5;7;8,0.691020250214,0.751980896559,0.721980754982,0.650909090909,0.135474860335,0.738927264981,716,1100,11
TMM stressed,5,210,2;3;5;7;9,0.670580245399,0.754750580336,0.726917153877,0.667272727273,0.156675749319,0.741714165129,734,1100,11
TMM stressed,5,211,2;3;5;8;9,0.676636211338,0.742087011201,0.718689435427,0.640909090909,0.140425531915,0.733318490581,705,1100,11
TMM stressed,5,212,2;3;6;7;8,0.694932076978,0.786585397457,0.719652325346,0.706363636364,0.11583011583,0.76960586637,777,1100,11
TMM stressed,5,213,2;3;6;7;9,0.675247882541,0.791595507175,0.730093905777,0.729090909091,0.135910224439,0.771340204869,802,1100,11
TMM stressed,5,214,2;3;6;8;9,0.683724173554,0.76978822314,0.714566115702,0.699090909091,0.11833550065,0.765952204178,769,1100,11
TMM stressed,5,215,2;3;7;8;9,0.691187782859,0.789895185914,0.735265385868,0.711818181818,0.136653895275,0.750905709701,783,1100,11
TMM stressed,5,216,2;4;5;6;7,0.675063546894,0.747918118511,0.731914829614,0.673636363636,0.136302294197,0.779924560559,741,1100,11
TMM stressed,5,217,2;4;5;6;8,0.695534185421,0.756482387476,0.730496779191,0.657272727273,0.118948824343,0.769908836543,723,1100,11
TMM stressed,5,218,2;4;5;6;9,0.678207364341,0.744331395349,0.745406976744,0.674545454545,0.140161725067,0.775056149811,742,1100,11
TMM stressed,5,219,2;4;5;7;8,0.691850219207,0.750570225353,0.729192176748,0.664545454545,0.131326949384,0.755725290906,731,1100,11
TMM stressed,5,220,2;4;5;7;9,0.661677345292,0.7354391925,0.728262036203,0.681818181818,0.153333333333,0.759126163139,750,1100,11
TMM stressed,5,221,2;4;5;8;9,0.679885090111,0.73995248372,0.731414697865,0.663636363636,0.13698630137,0.749622032933,730,1100,11
TMM stressed,5,222,2;4;6;7;8,0.693579771723,0.790125760346,0.721749236322,0.715454545455,0.111817026684,0.783922757818,787,1100,11
TMM stressed,5,223,2;4;6;7;9,0.683551506826,0.793461312851,0.741470678184,0.735454545455,0.12978986403,0.786248567486,809,1100,11
TMM stressed,5,224,2;4;6;8;9,0.696487603306,0.78263946281,0.733904958678,0.712727272727,0.113520408163,0.77968871648,784,1100,11
TMM stressed,5,225,2;4;7;8;9,0.68254049247,0.781513176758,0.733826094985,0.725454545455,0.134085213033,0.7658710408,798,1100,11
TMM stressed,5,226,2;5;6;7;8,0.69110097965,0.76324061561,0.718119310335,0.656363636364,0.124653739612,0.750355007524,722,1100,11
TMM stressed,5,227,2;5;6;7;9,0.668865787019,0.751713600274,0.724538755926,0.666363636364,0.144611186903,0.755303271413,733,1100,11
TMM stressed,5,228,2;5;6;8;9,0.674623895644,0.747842625323,0.718878800769,0.651818181818,0.133891213389,0.744025413528,717,1100,11
TMM stressed,5,229,2;5;7;8;9,0.679765071326,0.758904334202,0.727864417279,0.661818181818,0.146978021978,0.728880290511,728,1100,11
TMM stressed,5,230,2;6;7;8;9,0.6914017991,0.796531734133,0.723313343328,0.707272727273,0.122107969152,0.762213824071,778,1100,11
TMM stressed,5,231,3;4;5;6;7,0.660948626987,0.740228616476,0.73483642097,0.684545454545,0.132802124834,0.800819063344,753,1100,11
TMM stressed,5,232,3;4;5;6;8,0.691329109569,0.754847007638,0.741609370617,0.66,0.114325068871,0.794903690926,726,1100,11
TMM stressed,5,233,3;4;5;6;9,0.668010994503,0.737941029485,0.754537731134,0.672727272727,0.140540540541,0.797168947894,740,1100,11
TMM stressed,5,234,3;4;5;7;8,0.703362403101,0.765290697674,0.754249031008,0.665454545455,0.127049180328,0.780997553765,732,1100,11
TMM stressed,5,235,3;4;5;7;9,0.669088076434,0.748262544639,0.752237223075,0.687272727273,0.153439153439,0.781702712114,756,1100,11
TMM stressed,5,236,3;4;5;8;9,0.681118270974,0.738759773051,0.743604866541,0.649090909091,0.133053221289,0.77612404277,714,1100,11
TMM stressed,5,237,3;4;6;7;8,0.70282281405,0.796982434501,0.745124451585,0.720909090909,0.107187894073,0.80447138725,793,1100,11
TMM stressed,5,238,3;4;6;7;9,0.68088479813,0.794063595509,0.753185180609,0.75,0.126060606061,0.803944198468,825,1100,11
TMM stressed,5,239,3;4;6;8;9,0.699818981533,0.779977875521,0.750072777892,0.714545454545,0.110687022901,0.801370238751,786,1100,11
TMM stressed,5,240,3;4;7;8;9,0.675417002993,0.770669661434,0.744438706702,0.725454545455,0.132832080201,0.787887800243,798,1100,11
TMM stressed,5,241,3;5;6;7;8,0.710476918799,0.780390910536,0.749364373113,0.654545454545,0.118055555556,0.777482886876,720,1100,11
TMM stressed,5,242,3;5;6;7;9,0.675341021193,0.756155875964,0.740989119395,0.667272727273,0.141689373297,0.779870238291,734,1100,11
TMM stressed,5,243,3;5;6;8;9,0.681550090116,0.745271460683,0.730356817399,0.638181818182,0.125356125356,0.772409523415,702,1100,11
TMM stressed,5,244,3;5;7;8;9,0.700817813241,0.766448829976,0.747676614336,0.646363636364,0.135021097046,0.757403388063,711,1100,11
TMM stressed,5,245,3;6;7;8;9,0.696623160746,0.795168175009,0.739426214369,0.705454545455,0.115979381443,0.785969946084,776,1100,11
TMM stressed,5,246,4;5;6;7;8,0.694986195991,0.763066838543,0.740505503337,0.667272727273,0.115803814714,0.791732042058,734,1100,11
TMM stressed,5,247,4;5;6;7;9,0.679235026442,0.748675439675,0.755370803099,0.679090909091,0.137884872825,0.794960157633,747,1100,11
TMM stressed,5,248,4;5;6;8;9,0.682771454604,0.744377351886,0.740794506303,0.656363636364,0.120498614958,0.785940313441,722,1100,11
TMM stressed,5,249,4;5;7;8;9,0.698762146117,0.761848805327,0.753816676813,0.661818181818,0.130494505495,0.772408941867,728,1100,11
TMM stressed,5,250,4;6;7;8;9,0.706816672587,0.804487822958,0.757601964388,0.716363636364,0.112944162437,0.798693913246,788,1100,11
TMM stressed,5,251,5;6;7;8;9,0.687962536694,0.764334615442,0.7336531179,0.650909090909,0.125698324022,0.76858853492,716,1100,11
TMM stressed,7,0,0;1;2;3;4;5;6,0.682176887557,0.744387647419,0.721037377934,0.604545454545,0.118796992481,0.781616134687,665,1100,11
TMM stressed,7,1,0;1;2;3;4;5;7,0.682042385277,0.742072806263,0.730035620739,0.62,0.134897360704,0.770076559578,682,1100,11
TMM stressed,7,2,0;1;2;3;4;5;8,0.704629127125,0.752638964265,0.734705252505,0.599090909091,0.118361153263,0.767036266923,659,1100,11
TMM stressed,7,3,0;1;2;3;4;5;9,0.683372912517,0.751398038915,0.732074459936,0.619090909091,0.13362701909,0.766819936704,681,1100,11
TMM stressed,7,4,0;1;2;3;4;6;7,0.711956825397,0.787006984127,0.737737142857,0.673636363636,0.109311740891,0.786470290216,741,1100,11
TMM stressed,7,5,0;1;2;3;4;6;8,0.726128065905,0.785735089143,0.733409265847,0.652727272727,0.0933147632312,0.784825115286,718,1100,11
TMM stressed,7,6,0;1;2;3;4;6;9,0.720270183307,0.800436609888,0.747741459623,0.677272727273,0.107382550336,0.78410751494,745,1100,11
TMM stressed,7,7,0;1;2;3;4;7;8,0.709377212132,0.772586641322,0.736405443268,0.669090909091,0.115489130435,0.774316200466,736,1100,11
TMM stressed,7,8,0;1;2;3;4;7;9,0.696765723833,0.785721446473,0.743410908223,0.695454545455,0.130718954248,0.77304529378,765,1100,11
TMM stressed,7,9,0;1;2;3;4;8;9,0.707573484196,0.776224326651,0.734477923995,0.672727272727,0.113513513514,0.771457164205,740,1100,11
TMM stressed,7,10,0;1;2;3;5;6;7,0.688611016232,0.748880011485,0.724970422403,0.606363636364,0.125937031484,0.767593808946,667,1100,11
TMM stressed,7,11,0;1;2;3;5;6;8,0.706318090435,0.759725056277,0.72448974476,0.587272727273,0.108359133127,0.763777267,646,1100,11
TMM stressed,7,12,0;1;2;3;5;6;9,0.696699994221,0.767097227841,0.734877381572,0.606363636364,0.124437781109,0.76427015536,667,1100,11
TMM stressed,7,13,0;1;2;3;5;7;8,0.704630624179,0.751368898437,0.728960496479,0.597272727273,0.120243531202,0.752522927691,657,1100,11
TMM stressed,7,14,0;1;2;3;5;7;9,0.697827188909,0.766352024623,0.743646651049,0.62,0.139296187683,0.75232036089,682,1100,11
TMM stressed,7,15,0;1;2;3;5;8;9,0.707638233873,0.764058019981,0.733419678178,0.597272727273,0.120243531202,0.74862653768,657,1100,11
TMM stressed,7,16,0;1;2;3;6;7;8,0.722507138373,0.782492254106,0.728078613232,0.652727272727,0.100278551532,0.771905593119,718,1100,11
TMM stressed,7,17,0;1;2;3;6;7;9,0.706907510353,0.791210134405,0.734807926427,0.678181818182,0.116621983914,0.771253160556,746,1100,11
TMM stressed,7,18,0;1;2;3;6;8;9,0.717703397571,0.784090507693,0.72368812793,0.655454545455,0.0984743411928,0.76899361218,721,1100,11
TMM stressed,7,19,0;1;2;3;7;8;9,0.711101273776,0.780721044915,0.73481083757,0.669090909091,0.118206521739,0.758075234228,736,1100,11
TMM stressed,7,20,0;1;2;4;5;6;7,0.681576000532,0.742891328469,0.716164462011,0.615454545455,0.121122599705,0.77860338418,677,1100,11
TMM stressed,7,21,0;1;2;4;5;6;8,0.717816976501,0.769716723,0.73383429905,0.595454545455,0.103816793893,0.774089789138,655,1100,11
TMM stressed,7,22,0;1;2;4;5;6;9,0.696532554967,0.767917821748,0.736641389325,0.617272727273,0.122238586156,0.77501776355,679,1100,11
TMM stressed,7,23,0;1;2;4;5;7;8,0.709944325647,0.756506578821,0.734232021422,0.609090909091,0.116417910448,0.76347442018,670,1100,11
TMM stressed,7,24,0;1;2;4;5;7;9,0.695811579069,0.764603782341,0.744016707275,0.631818181818,0.135251798561,0.763664534041,695,1100,11
TMM stressed,7,25,0;1;2;4;5;8;9,0.709838104143,0.764873677566,0.736780403529,0.609090909091,0.116417910448,0.759330525661,670,1100,11
TMM stressed,7,26,0;1;2;4;6;7;8,0.729591810647,0.794090125837,0.732894958864,0.659090909091,0.0951724137931,0.78172708054,725,1100,11
TMM stressed,7,27,0;1;2;4;6;7;9,0.715064349302,0.800921813624,0.740303191804,0.683636363636,0.110372340426,0.781461328794,752,1100,11
TMM stressed,7,28,0;1;2;4;6;8;9,0.719861376183,0.789109154713,0.725204703565,0.662727272727,0.0946502057613,0.77854261144,729,1100,11
TMM stressed,7,29,0;1;2;4;7;8;9,0.722169373769,0.797558874754,0.749725503559,0.68,0.116310160428,0.768229294172,748,1100,11
TMM stressed,7,30,0;1;2;5;6;7;8,0.71251307712,0.766131738418,0.72426027911,0.596363636364,0.108231707317,0.760166219071,656,1100,11
TMM stressed,7,31,0;1;2;5;6;7;9,0.690029667302,0.762878306267,0.725587085091,0.618181818182,0.126470588235,0.761043558686,680,1100,11
TMM stressed,7,32,0;1;2;5;6;8;9,0.709892651826,0.773849615364,0.727008100924,0.598181818182,0.109422492401,0.755927940503,658,1100,11
TMM stressed,7,33,0;1;2;5;7;8;9,0.714427655678,0.776369047619,0.740714285714,0.611818181818,0.121842496285,0.744902649422,673,1100,11
TMM stressed,7,34,0;1;2;6;7;8;9,0.725632763498,0.79972451113,0.730316074284,0.660909090909,0.100412654746,0.765694835202,727,1100,11
TMM stressed,7,35,0;1;3;4;5;6;7,0.685118801653,0.751451446281,0.732035123967,0.619090909091,0.120411160059,0.793504268209,681,1100,11
TMM stressed,7,36,0;1;3;4;5;6;8,0.721277460317,0.777097142857,0.752345396825,0.595454545455,0.102290076336,0.790978554261,655,1100,11
TMM stressed,7,37,0;1;3;4;5;6;9,0.686359255391,0.761377799981,0.739442198909,0.619090909091,0.12187958884,0.790470611335,681,1100,11
TMM stressed,7,38,0;1;3;4;5;7;8,0.714995213311,0.763445249515,0.751029016566,0.607272727273,0.115269461078,0.780459710975,668,1100,11
TMM stressed,7,39,0;1;3;4;5;7;9,0.680976142286,0.752394707732,0.737922606138,0.631818181818,0.13381294964,0.779284998098,695,1100,11
TMM stressed,7,40,0;1;3;4;5;8;9,0.712947356795,0.768947087889,0.751218481544,0.606363636364,0.115442278861,0.77685281325,667,1100,11
TMM stressed,7,41,0;1;3;4;6;7;8,0.734666090117,0.801059410375,0.75227917368,0.662727272727,0.0946502057613,0.796393658393,729,1100,11
TMM stressed,7,42,0;1;3;4;6;7;9,0.708891071465,0.799705352261,0.745271460683,0.694545454545,0.109947643979,0.794733092862,764,1100,11
TMM stressed,7,43,0;1;3;4;6;8;9,0.731352943575,0.802149584149,0.752023197978,0.671818181818,0.0947225981055,0.793735815842,739,1100,11
TMM stressed,7,44,0;1;3;4;7;8;9,0.711926533955,0.786362572871,0.752300688257,0.682727272727,0.117177097204,0.783538163584,751,1100,11
TMM stressed,7,45,0;1;3;5;6;7;8,0.717711144428,0.772503748126,0.740654672664,0.594545454545,0.105504587156,0.778016790866,654,1100,11
TMM stressed,7,46,0;1;3;5;6;7;9,0.692190914825,0.767282221277,0.737951704143,0.619090909091,0.126284875184,0.777551799323,681,1100,11
TMM stressed,7,47,0;1;3;5;6;8;9,0.714178559444,0.776766151477,0.741107558082,0.595454545455,0.106870229008,0.774321782155,655,1100,11
TMM stressed,7,48,0;1;3;5;7;8;9,0.716726096885,0.772850217131,0.748076707098,0.604545454545,0.117293233083,0.763344846265,665,1100,11
TMM stressed,7,49,0;1;3;6;7;8;9,0.738325388418,0.810572622411,0.754865034526,0.662727272727,0.0987654320988,0.781818179509,729,1100,11
TMM stressed,7,50,0;1;4;5;6;7;8,0.725432057782,0.779761186222,0.749024223403,0.605454545455,0.102102102102,0.787786315418,666,1100,11
TMM stressed,7,51,0;1;4;5;6;7;9,0.691686717579,0.766547606594,0.738336845356,0.629090909091,0.121387283237,0.787807030523,692,1100,11
TMM stressed,7,52,0;1;4;5;6;8;9,0.718943503754,0.781288140322,0.746865332596,0.606363636364,0.103448275862,0.78376914833,667,1100,11
TMM stressed,7,53,0;1;4;5;7;8;9,0.711800501762,0.767585605945,0.74458978091,0.617272727273,0.113402061856,0.773491150123,679,1100,11
TMM stressed,7,54,0;1;4;6;7;8;9,0.731832587432,0.807608189385,0.747200340212,0.670909090909,0.0948509485095,0.79089952695,738,1100,11
TMM stressed,7,55,0;1;5;6;7;8;9,0.711956708892,0.777513221006,0.734187676793,0.606363636364,0.106446776612,0.770888053506,667,1100,11
TMM stressed,7,56,0;2;3;4;5;6;7,0.687005492667,0.750858390087,0.723209735456,0.614545454545,0.119822485207,0.787843644487,676,1100,11
TMM stressed,7,57,0;2;3;4;5;6;8,0.711965392562,0.764049586777,0.730790289256,0.591818181818,0.10291858679,0.784931560342,651,1100,11
TMM stressed,7,58,0;2;3;4;5;6;9,0.683504761905,0.752817777778,0.724256507937,0.614545454545,0.121301775148,0.785295661703,676,1100,11
TMM stressed,7,59,0;2;3;4;5;7;8,0.722886663092,0.770731193504,0.749741458557,0.605454545455,0.117117117117,0.774035786837,666,1100,11
TMM stressed,7,60,0;2;3;4;5;7;9,0.702502620545,0.771170260557,0.748554020665,0.627272727273,0.133333333333,0.773723164059,690,1100,11
TMM stressed,7,61,0;2;3;4;5;8;9,0.725329411765,0.779491764706,0.75456,0.602727272727,0.116138763198,0.770896354717,663,1100,11
TMM stressed,7,62,0;2;3;4;6;7;8,0.733023952558,0.796812502896,0.742781544227,0.654545454545,0.0958333333333,0.790869409093,720,1100,11
TMM stressed,7,63,0;2;3;4;6;7;9,0.711279652421,0.796110429881,0.738554077034,0.680909090909,0.109479305741,0.790035754186,749,1100,11
TMM stressed,7,64,0;2;3;4;6;8;9,0.735880196837,0.801937992345,0.747448411332,0.657272727273,0.0940525587828,0.788635576681,723,1100,11
TMM stressed,7,65,0;2;3;4;7;8;9,0.716700926722,0.788851146133,0.745178079396,0.672727272727,0.114864864865,0.778075176488,740,1100,11
TMM stressed,7,66,0;2;3;5;6;7;8,0.721948309746,0.773631138898,0.735153036221,0.592727272727,0.10736196319,0.771529304762,652,1100,11
TMM stressed,7,67,0;2;3;5;6;7;9,0.691847634181,0.761461275895,0.725434518205,0.613636363636,0.124444444444,0.77195586077,675,1100,11
TMM stressed,7,68,0;2;3;5;6;8;9,0.721511922634,0.779738345454,0.73876952173,0.590909090909,0.107692307692,0.768315813201,650,1100,11
TMM stressed,7,69,0;2;3;5;7;8;9,0.717479968827,0.7721229543,0.739825750965,0.601818181818,0.119335347432,0.756955435071,662,1100,11
TMM stressed,7,70,0;2;3;6;7;8;9,0.728129561271,0.796770931408,0.735716527431,0.654545454545,0.1,0.776311461218,720,1100,11
TMM stressed,7,71,0;2;4;5;6;7;8,0.727016491754,0.778205897051,0.741254372814,0.606363636364,0.103448275862,0.781681855009,667,1100,11
TMM stressed,7,72,0;2;4;5;6;7;9,0.701339846202,0.770195778406,0.737768753923,0.626363636364,0.120464441219,0.782475485261,689,1100,11
TMM stressed,7,73,0;2;4;5;6;8;9,0.727702742467,0.784290646579,0.746787704018,0.605454545455,0.103603603604,0.778149405945,666,1100,11
TMM stressed,7,74,0;2;4;5;7;8;9,0.71261009667,0.76395273899,0.735643871584,0.616363636364,0.115044247788,0.767464761894,678,1100,11
TMM stressed,7,75,0;2;4;6;7;8;9,0.733618018671,0.804044946081,0.741499678094,0.664545454545,0.0957592339261,0.785693681581,731,1100,11
TMM stressed,7,76,0;2;5;6;7;8;9,0.717833209414,0.778087171189,0.731512933778,0.604545454545,0.108270676692,0.764799985751,665,1100,11
TMM stressed,7,77,0;3;4;5;6;7;8,0.72593821347,0.779593729615,0.752517530985,0.602727272727,0.102564102564,0.797623376508,663,1100,11
TMM stressed,7,78,0;3;4;5;6;7;9,0.693239676845,0.764698164716,0.741067058248,0.626363636364,0.120464441219,0.796911718279,689,1100,11
TMM stressed,7,79,0;3;4;5;6;8;9,0.72607946027,0.784682658671,0.758005997001,0.600909090909,0.102874432678,0.794680576896,661,1100,11
TMM stressed,7,80,0;3;4;5;7;8;9,0.725325239332,0.778642656782,0.76154178394,0.611818181818,0.11441307578,0.784142068362,673,1100,11
TMM stressed,7,81,0;3;4;6;7;8;9,0.743528745256,0.814839139873,0.765184824951,0.667272727273,0.0953678474114,0.800003505212,734,1100,11
TMM stressed,7,82,0;3;5;6;7;8;9,0.73877499234,0.799194691282,0.763492033093,0.6,0.106060606061,0.782413920999,660,1100,11
TMM stressed,7,83,0;4;5;6;7;8;9,0.735878668759,0.794339244418,0.762344094538,0.613636363636,0.102222222222,0.791673092669,675,1100,11
TMM stressed,7,84,1;2;3;4;5;6;7,0.675052698413,0.745071746032,0.725008253968,0.629090909091,0.130057803468,0.776863841509,692,1100,11
TMM stressed,7,85,1;2;3;4;5;6;8,0.699417502446,0.760936480757,0.730389758643,0.61,0.113263785395,0.772004040001,671,1100,11
TMM stressed,7,86,1;2;3;4;5;6;9,0.684853031607,0.754313122617,0.737729676547,0.628181818182,0.13024602026,0.773552159007,691,1100,11
TMM stressed,7,87,1;2;3;4;5;7;8,0.704441646239,0.764990615903,0.741362800674,0.62,0.126099706745,0.761242685878,682,1100,11
TMM stressed,7,88,1;2;3;4;5;7;9,0.679496470588,0.754635294118,0.737312941176,0.64,0.144886363636,0.761990748,704,1100,11
TMM stressed,7,89,1;2;3;4;5;8;9,0.702956989247,0.765026313797,0.742877290625,0.617272727273,0.126656848306,0.757334402196,679,1100,11
TMM stressed,7,90,1;2;3;4;6;7;8,0.712262396694,0.789762396694,0.734065082645,0.67,0.10447761194,0.780209042057,737,1100,11
TMM stressed,7,91,1;2;3;4;6;7;9,0.694872563718,0.789015492254,0.739205397301,0.695454545455,0.121568627451,0.780429240706,765,1100,11
TMM stressed,7,92,1;2;3;4;6;8;9,0.712672761742,0.786412467384,0.735914057404,0.672727272727,0.104054054054,0.777268725942,740,1100,11
TMM stressed,7,93,1;2;3;4;7;8;9,0.701465600775,0.783284883721,0.740494186047,0.685454545455,0.123342175066,0.766790749872,754,1100,11
TMM stressed,7,94,1;2;3;5;6;7;8,0.696596077494,0.764420466377,0.721987257085,0.609090909091,0.117910447761,0.757775745239,670,1100,11
TMM stressed,7,95,1;2;3;5;6;7;9,0.685244944078,0.764669833001,0.732754328175,0.628181818182,0.136034732272,0.759267787394,691,1100,11
TMM stressed,7,96,1;2;3;5;6;8;9,0.693966278249,0.765472967671,0.725493369429,0.608181818182,0.121076233184,0.753763080473,669,1100,11
TMM stressed,7,97,1;2;3;5;7;8;9,0.692710899629,0.763311887902,0.726784264591,0.616363636364,0.131268436578,0.742543338083,678,1100,11
TMM stressed,7,98,1;2;3;6;7;8;9,0.708252224694,0.794315112029,0.729848641348,0.67,0.111261872456,0.764161777477,737,1100,11
TMM stressed,7,99,1;2;4;5;6;7;8,0.704262868566,0.77163918041,0.733828085957,0.619090909091,0.116005873715,0.768995470132,681,1100,11
TMM stressed,7,100,1;2;4;5;6;7;9,0.683448205268,0.757296886272,0.735493965568,0.638181818182,0.133903133903,0.77087517564,702,1100,11
TMM stressed,7,101,1;2;4;5;6;8;9,0.70259008732,0.769263313246,0.737031115484,0.62,0.117302052786,0.764726018714,682,1100,11
TMM stressed,7,102,1;2;4;5;7;8;9,0.692370670779,0.758515641363,0.730945716951,0.629090909091,0.127167630058,0.754168023495,692,1100,11
TMM stressed,7,103,1;2;4;6;7;8;9,0.710033254109,0.796564583113,0.732887253937,0.677272727273,0.107382550336,0.774531596186,745,1100,11
TMM stressed,7,104,1;2;5;6;7;8;9,0.691953503516,0.771026198009,0.722877455911,0.619090909091,0.123348017621,0.750569274393,681,1100,11
TMM stressed,7,105,1;3;4;5;6;7;8,0.714364035088,0.781536697248,0.7536465878,0.617272727273,0.111929307806,0.786712275219,679,1100,11
TMM stressed,7,106,1;3;4;5;6;7;9,0.690962413685,0.767552377589,0.753114210609,0.639090909091,0.130867709815,0.787175056686,703,1100,11
TMM stressed,7,107,1;3;4;5;6;8;9,0.706751624188,0.773993003498,0.750889555222,0.615454545455,0.113737075332,0.783024454068,677,1100,11
TMM stressed,7,108,1;3;4;5;7;8;9,0.713529411765,0.777463529412,0.760748235294,0.623636363636,0.123906705539,0.772545169215,686,1100,11
TMM stressed,7,109,1;3;4;6;7;8;9,0.730988300493,0.816338590497,0.765225250278,0.679090909091,0.104417670683,0.790480130937,747,1100,11
TMM stressed,7,110,1;3;5;6;7;8;9,0.716589596208,0.791664865955,0.753797100614,0.613636363636,0.117037037037,0.769877041696,675,1100,11
TMM stressed,7,111,1;4;5;6;7;8;9,0.711388513098,0.783032837289,0.752994711598,0.625454545455,0.114825581395,0.780235856422,688,1100,11
TMM stressed,7,112,2;3;4;5;6;7;8,0.704919402199,0.775298191612,0.735297989105,0.625454545455,0.116279069767,0.778439127868,688,1100,11
TMM stressed,7,113,2;3;4;5;6;7;9,0.683316555141,0.765342176428,0.736572511399,0.639090909091,0.133712660028,0.779829996327,703,1100,11
TMM stressed,7,114,2;3;4;5;6;8;9,0.70588600429,0.772485301128,0.741975210551,0.617272727273,0.117820324006,0.775235571044,679,1100,11
TMM stressed,7,115,2;3;4;5;7;8;9,0.702054193107,0.771532718531,0.742447470466,0.627272727273,0.130434782609,0.764402865024,690,1100,11
TMM stressed,7,116,2;3;4;6;7;8;9,0.704217050433,0.792668550749,0.732686773843,0.678181818182,0.109919571046,0.783368683059,746,1100,11
TMM stressed,7,117,2;3;5;6;7;8;9,0.704117038182,0.780191370354,0.733942724962,0.616363636364,0.122418879056,0.761608254912,678,1100,11
TMM stressed,7,118,2;4;5;6;7;8;9,0.706935616761,0.778822387006,0.741942286566,0.629090909091,0.119942196532,0.772419326764,692,1100,11
TMM stressed,7,119,3;4;5;6;7;8;9,0.699728253968,0.770514285714,0.742887619048,0.625454545455,0.116279069767,0.789705390248,688,1100,11
TMM stressed,9,0,0;1;2;3;4;5;6;7;8,0.724890054973,0.777746126937,0.740209895052,0.579090909091,0.102040816327,0.779000709449,637,1100,11
TMM stressed,9,1,0;1;2;3;4;5;6;7;9,0.708941000994,0.777676499834,0.743444013336,0.599090909091,0.118361153263,0.778843435215,659,1100,11
TMM stressed,9,2,0;1;2;3;4;5;6;8;9,0.718523238381,0.775227386307,0.734572713643,0.579090909091,0.100470957614,0.776404233841,637,1100,11
TMM stressed,9,3,0;1;2;3;4;5;7;8;9,0.71050483289,0.765219617523,0.734473647346,0.59,0.114021571649,0.767846817396,649,1100,11
TMM stressed,9,4,0;1;2;3;4;6;7;8;9,0.738207323938,0.801772450794,0.744324720159,0.640909090909,0.0936170212766,0.781656976051,705,1100,11
TMM stressed,9,5,0;1;2;3;5;6;7;8;9,0.70607946027,0.765452273863,0.717726136932,0.579090909091,0.105180533752,0.7657759905,637,1100,11
TMM stressed,9,6,0;1;2;4;5;6;7;8;9,0.715947075556,0.774039922486,0.728911671374,0.589090909091,0.101851851852,0.773801325689,648,1100,11
TMM stressed,9,7,0;1;3;4;5;6;7;8;9,0.73242159636,0.791120403394,0.754893617021,0.588181818182,0.100463678516,0.786730888277,647,1100,11
TMM stressed,9,8,0;2;3;4;5;6;7;8;9,0.724738797076,0.782481527094,0.740823136819,0.584545454545,0.102643856921,0.781935728087,643,1100,11
TMM stressed,9,9,1;2;3;4;5;6;7;8;9,0.712606075513,0.781291354077,0.740691181896,0.598181818182,0.112462006079,0.772295645242,658,1100,11
TMM stressed,10,0,0;1;2;3;4;5;6;7;8;9,0.724089282267,0.781308938622,0.738256827598,0.74,0.133906633907,0.777042080974,814,1100,11
Heat/Poisson stressed,3,0,0;1;2,0.70686714924,0.795638207809,0.833427174516,0.751875,0.0615128844555,0.943489354682,1203,1600,16
Heat/Poisson stressed,3,1,0;1;3,0.660860844879,0.758006496001,0.813212527004,0.819375,0.0556826849733,0.939479162821,1311,1600,16
Heat/Poisson stressed,3,2,0;1;4,0.673955476205,0.788426403452,0.845424816951,0.84375,0.0592592592593,0.936193390706,1350,1600,16
Heat/Poisson stressed,3,3,0;1;5,0.668240885215,0.767488118918,0.858606191265,0.79125,0.0687203791469,0.9337038566,1266,1600,16
Heat/Poisson stressed,3,4,0;1;6,0.675711962053,0.796170761849,0.825067243385,0.849375,0.0596026490066,0.936251729918,1359,1600,16
Heat/Poisson stressed,3,5,0;1;7,0.684133536684,0.788087870833,0.84991054538,0.81625,0.0735068912711,0.93805147251,1306,1600,16
Heat/Poisson stressed,3,6,0;1;8,0.688098760906,0.803953404126,0.860426241385,0.803125,0.0568093385214,0.940861862891,1285,1600,16
Heat/Poisson stressed,3,7,0;1;9,0.654648960826,0.750235533531,0.826110305063,0.828125,0.0603773584906,0.942237713783,1325,1600,16
Heat/Poisson stressed,3,8,0;2;3,0.697500181739,0.722203038674,0.785002907822,0.76375,0.0548281505728,0.943623524808,1222,1600,16
Heat/Poisson stressed,3,9,0;2;4,0.725422397363,0.758744140524,0.813230824705,0.776875,0.0530973451327,0.943423547816,1243,1600,16
Heat/Poisson stressed,3,10,0;2;5,0.712432612743,0.804299871951,0.828686616523,0.73,0.0650684931507,0.940047971037,1168,1600,16
Heat/Poisson stressed,3,11,0;2;6,0.732484426143,0.771466582198,0.800899588217,0.768125,0.0528885272579,0.94282153698,1229,1600,16
Heat/Poisson stressed,3,12,0;2;7,0.746968114099,0.794548769726,0.83795226848,0.756875,0.0644095788604,0.943000680174,1211,1600,16
Heat/Poisson stressed,3,13,0;2;8,0.742114680827,0.848922722137,0.836902406763,0.741875,0.0522325189553,0.946428814347,1187,1600,16
Heat/Poisson stressed,3,14,0;2;9,0.732152887763,0.777071059022,0.802297539859,0.765,0.0506535947712,0.947579385168,1224,1600,16
Heat/Poisson stressed,3,15,0;3;4,0.650984044611,0.63790610066,0.763954270343,0.83125,0.0473684210526,0.938685776836,1330,1600,16
Heat/Poisson stressed,3,16,0;3;5,0.647820570779,0.729008987988,0.789752040405,0.7775,0.0578778135048,0.937595831629,1244,1600,16
Heat/Poisson stressed,3,17,0;3;6,0.606965338441,0.636942605039,0.748991308464,0.853125,0.0593406593407,0.938261937168,1365,1600,16
Heat/Poisson stressed,3,18,0;3;7,0.695783628137,0.727741670095,0.808745372275,0.793125,0.0622537431048,0.940773929165,1269,1600,16
Heat/Poisson stressed,3,19,0;3;8,0.697770114943,0.832574712644,0.819696551724,0.804375,0.0528360528361,0.943469174707,1287,1600,16
Heat/Poisson stressed,3,20,0;3;9,0.685033954083,0.737238660503,0.795439410069,0.84375,0.0525925925926,0.942511452819,1350,1600,16
Heat/Poisson stressed,3,21,0;4;5,0.654188964796,0.732963612228,0.824208252582,0.793125,0.0606776989756,0.936449901099,1269,1600,16
Heat/Poisson stressed,3,22,0;4;6,0.674330567089,0.718295148073,0.788426462411,0.86,0.0515988372093,0.936760255167,1376,1600,16
Heat/Poisson stressed,3,23,0;4;7,0.697068509464,0.747912877576,0.825487805372,0.81375,0.062980030722,0.938883813083,1302,1600,16
Heat/Poisson stressed,3,24,0;4;8,0.658388278388,0.784709576138,0.815138670853,0.804375,0.0528360528361,0.944441789826,1287,1600,16
Heat/Poisson stressed,3,25,0;4;9,0.673110402965,0.717685447252,0.809304432815,0.83875,0.0529061102832,0.942699959497,1342,1600,16
Heat/Poisson stressed,3,26,0;5;6,0.669708370134,0.776453903118,0.817612439704,0.799375,0.0641125879593,0.935702665004,1279,1600,16
Heat/Poisson stressed,3,27,0;5;7,0.675279903169,0.768155881209,0.829053732763,0.775,0.0733870967742,0.937940172957,1240,1600,16
Heat/Poisson stressed,3,28,0;5;8,0.670088816732,0.793498233216,0.852399961799,0.785625,0.0708035003978,0.936485843902,1257,1600,16
Heat/Poisson stressed,3,29,0;5;9,0.673976858185,0.760866555925,0.832975050485,0.790625,0.0664031620553,0.939698899541,1265,1600,16
Heat/Poisson stressed,3,30,0;6;7,0.69050228093,0.77033481425,0.807365675286,0.81625,0.0666156202144,0.937626673654,1306,1600,16
Heat/Poisson stressed,3,31,0;6;8,0.663723325975,0.813984524609,0.808943368114,0.824375,0.0606520090978,0.940484501317,1319,1600,16
Heat/Poisson stressed,3,32,0;6;9,0.685960619614,0.781257082595,0.80232100981,0.853125,0.0564102564103,0.942141889228,1365,1600,16
Heat/Poisson stressed,3,33,0;7;8,0.698509389671,0.817237871674,0.819714397496,0.78375,0.0606060606061,0.944283190633,1254,1600,16
Heat/Poisson stressed,3,34,0;7;9,0.705845070423,0.765089984351,0.818579812207,0.80125,0.0624024960998,0.943390726999,1282,1600,16
Heat/Poisson stressed,3,35,0;8;9,0.694515890613,0.8316460775,0.839662126491,0.820625,0.0594059405941,0.945822879079,1313,1600,16
Heat/Poisson stressed,3,36,1;2;3,0.775498846013,0.841898442029,0.860006614533,0.788125,0.0539254559873,0.949585401025,1261,1600,16
Heat/Poisson stressed,3,37,1;2;4,0.753673793665,0.862890469478,0.870293652416,0.8175,0.0603975535168,0.947551533094,1308,1600,16
Heat/Poisson stressed,3,38,1;2;5,0.759657080508,0.850306289455,0.872225079885,0.780625,0.062449959968,0.943238959971,1249,1600,16
Heat/Poisson stressed,3,39,1;2;6,0.783417612147,0.859916571056,0.861995212397,0.798125,0.0516836335161,0.949098040938,1277,1600,16
Heat/Poisson stressed,3,40,1;2;7,0.755430464945,0.848502210579,0.874423728363,0.820625,0.0738766184311,0.946730038217,1313,1600,16
Heat/Poisson stressed,3,41,1;2;8,0.793786299069,0.883023281386,0.877841865177,0.784375,0.0462151394422,0.950178585243,1255,1600,16
Heat/Poisson stressed,3,42,1;2;9,0.784080215181,0.848267458846,0.86535760436,0.7875,0.05,0.953192145073,1260,1600,16
Heat/Poisson stressed,3,43,1;3;4,0.694153335703,0.827600426591,0.83878184619,0.875,0.0542857142857,0.944473587201,1400,1600,16
Heat/Poisson stressed,3,44,1;3;5,0.678796833814,0.781828304891,0.857969389384,0.83125,0.0699248120301,0.942449580152,1330,1600,16
Heat/Poisson stressed,3,45,1;3;6,0.670350194904,0.815082817278,0.827730124531,0.88625,0.0627644569817,0.946065211903,1418,1600,16
Heat/Poisson stressed,3,46,1;3;7,0.690747810133,0.797925544508,0.84560694839,0.86,0.0726744186047,0.946210144208,1376,1600,16
Heat/Poisson stressed,3,47,1;3;8,0.68160842544,0.820851889067,0.859716588309,0.85,0.0654411764706,0.948929582967,1360,1600,16
Heat/Poisson stressed,3,48,1;3;9,0.664802298851,0.77795862069,0.830349425287,0.869375,0.0618260244428,0.949671422585,1391,1600,16
Heat/Poisson stressed,3,49,1;4;5,0.633204225352,0.787906885759,0.866521909233,0.863125,0.0818247646633,0.93959423235,1381,1600,16
Heat/Poisson stressed,3,50,1;4;6,0.668520339191,0.850093927211,0.847157604593,0.909375,0.0659793814433,0.942894813728,1455,1600,16
Heat/Poisson stressed,3,51,1;4;7,0.669797348999,0.854187897359,0.870517752679,0.896875,0.0850174216028,0.942609344296,1435,1600,16
Heat/Poisson stressed,3,52,1;4;8,0.648250868056,0.817113715278,0.870759548611,0.86625,0.0692640692641,0.94799507819,1386,1600,16
Heat/Poisson stressed,3,53,1;4;9,0.656898850575,0.784,0.84804137931,0.880625,0.0638750887154,0.948162720605,1409,1600,16
Heat/Poisson stressed,3,54,1;5;6,0.612938799099,0.746330973152,0.849421486953,0.85875,0.0866084425036,0.940892150875,1374,1600,16
Heat/Poisson stressed,3,55,1;5;7,0.574411888171,0.72119553354,0.850252707581,0.868125,0.114470842333,0.940499444105,1389,1600,16
Heat/Poisson stressed,3,56,1;5;8,0.592431552551,0.693691249578,0.863922658415,0.8575,0.097667638484,0.939343292221,1372,1600,16
Heat/Poisson stressed,3,57,1;5;9,0.641270174768,0.740937828288,0.856334638525,0.8425,0.0816023738872,0.944312430801,1348,1600,16
Heat/Poisson stressed,3,58,1;6;7,0.655221428571,0.829021428571,0.851985714286,0.88875,0.0872011251758,0.943455701682,1422,1600,16
Heat/Poisson stressed,3,59,1;6;8,0.602317605041,0.770922405948,0.844120778173,0.875625,0.0806566738044,0.946403307983,1401,1600,16
Heat/Poisson stressed,3,60,1;6;9,0.630689655172,0.768234482759,0.824487356322,0.884375,0.06925795053,0.949661677121,1415,1600,16
Heat/Poisson stressed,3,61,1;7;8,0.596028834748,0.710988228853,0.845190254585,0.86875,0.0978417266187,0.947380141019,1390,1600,16
Heat/Poisson stressed,3,62,1;7;9,0.661481636967,0.775058828728,0.844165552695,0.86625,0.0808080808081,0.948548978259,1386,1600,16
Heat/Poisson stressed,3,63,1;8;9,0.637469652461,0.754194332897,0.854887573074,0.864375,0.0744757772957,0.951036283172,1383,1600,16
Heat/Poisson stressed,3,64,2;3;4,0.778017318389,0.780280381624,0.826867721969,0.80875,0.0463678516229,0.947985541736,1294,1600,16
Heat/Poisson stressed,3,65,2;3;5,0.74817760431,0.822938322938,0.838422965781,0.770625,0.0656934306569,0.945014288731,1233,1600,16
Heat/Poisson stressed,3,66,2;3;6,0.761309802287,0.76736030571,0.814262518724,0.805625,0.0519782777347,0.948895958043,1289,1600,16
Heat/Poisson stressed,3,67,2;3;7,0.799320189386,0.834660448025,0.869702494523,0.80125,0.0655226209048,0.947291326257,1282,1600,16
Heat/Poisson stressed,3,68,2;3;8,0.744462976611,0.855048291377,0.829864135322,0.789375,0.0625494853523,0.950518093639,1263,1600,16
Heat/Poisson stressed,3,69,2;3;9,0.75117446437,0.797259706439,0.824270537405,0.806875,0.0588690937258,0.951359559065,1291,1600,16
Heat/Poisson stressed,3,70,2;4;5,0.733356128426,0.827510223254,0.842126713086,0.79125,0.0647709320695,0.945188832006,1266,1600,16
Heat/Poisson stressed,3,71,2;4;6,0.794503879196,0.807513902482,0.842829769123,0.8175,0.0466360856269,0.948740695673,1308,1600,16
Heat/Poisson stressed,3,72,2;4;7,0.752995520016,0.815056750635,0.853202312573,0.826875,0.0710506424792,0.946754332523,1323,1600,16
Heat/Poisson stressed,3,73,2;4;8,0.802635427839,0.891149308409,0.865853658537,0.794375,0.0440597954367,0.952933632743,1271,1600,16
Heat/Poisson stressed,3,74,2;4;9,0.786030026757,0.808285174715,0.842614984616,0.806875,0.0464756003098,0.952858470639,1291,1600,16
Heat/Poisson stressed,3,75,2;5;6,0.780197194248,0.852561773256,0.849346579111,0.7725,0.0542071197411,0.945781683307,1236,1600,16
Heat/Poisson stressed,3,76,2;5;7,0.735306762155,0.839533516908,0.864019525681,0.80375,0.0886469673406,0.94364673834,1286,1600,16
Heat/Poisson stressed,3,77,2;5;8,0.732167407407,0.857066666667,0.856002962963,0.79125,0.0781990521327,0.942731624144,1266,1600,16
Heat/Poisson stressed,3,78,2;5;9,0.731653491436,0.813774703557,0.830503952569,0.774375,0.0686037126715,0.947945690477,1239,1600,16
Heat/Poisson stressed,3,79,2;6;7,0.808910174122,0.848071910973,0.855827954673,0.804375,0.0543900543901,0.946818146697,1287,1600,16
Heat/Poisson stressed,3,80,2;6;8,0.785706792552,0.88317160591,0.844108750765,0.789375,0.049089469517,0.950352542456,1263,1600,16
Heat/Poisson stressed,3,81,2;6;9,0.77991019148,0.822306885066,0.825394290581,0.79625,0.0478806907378,0.953699233013,1274,1600,16
Heat/Poisson stressed,3,82,2;7;8,0.78997076774,0.900408809979,0.872697510979,0.804375,0.0668220668221,0.949478579117,1287,1600,16
Heat/Poisson stressed,3,83,2;7;9,0.785576394333,0.833253384189,0.858326215909,0.8,0.06484375,0.950762628368,1280,1600,16
Heat/Poisson stressed,3,84,2;8;9,0.727952077436,0.845679160977,0.835260165314,0.79625,0.0690737833595,0.953747053585,1274,1600,16
Heat/Poisson stressed,3,85,3;4;5,0.716625523592,0.803327833807,0.849308837698,0.82875,0.0573152337858,0.943523373097,1326,1600,16
Heat/Poisson stressed,3,86,3;4;6,0.674374672946,0.704636316065,0.788220826792,0.8925,0.0525210084034,0.945046499408,1428,1600,16
Heat/Poisson stressed,3,87,3;4;7,0.741629970526,0.779893240513,0.833627291805,0.853125,0.0564102564103,0.945476558129,1365,1600,16
Heat/Poisson stressed,3,88,3;4;8,0.707702661806,0.861259039437,0.840612310347,0.846875,0.0546125461255,0.950690235762,1355,1600,16
Heat/Poisson stressed,3,89,3;4;9,0.664124850992,0.715166968691,0.792859395631,0.875625,0.0521056388294,0.948678230345,1401,1600,16
Heat/Poisson stressed,3,90,3;5;6,0.686809898378,0.793454009511,0.826977884177,0.840625,0.0654275092937,0.944352355142,1345,1600,16
Heat/Poisson stressed,3,91,3;5;7,0.704937373737,0.800151919192,0.852968080808,0.823125,0.0804859529233,0.944810564491,1317,1600,16
Heat/Poisson stressed,3,92,3;5;8,0.671113695283,0.82263450439,0.848886375841,0.836875,0.0806572068708,0.943526930657,1339,1600,16
Heat/Poisson stressed,3,93,3;5;9,0.636853146853,0.737387906211,0.815676676265,0.83625,0.0762331838565,0.946081891442,1338,1600,16
Heat/Poisson stressed,3,94,3;6;7,0.703251849602,0.787508577728,0.823915643901,0.86125,0.0703918722787,0.945863339809,1378,1600,16
Heat/Poisson stressed,3,95,3;6;8,0.698442304784,0.863239569155,0.824721480063,0.8725,0.0616045845272,0.948609302544,1396,1600,16
Heat/Poisson stressed,3,96,3;6;9,0.677502797403,0.763800909214,0.797748968824,0.895625,0.0586182833217,0.949620428402,1433,1600,16
Heat/Poisson stressed,3,97,3;7;8,0.68798846053,0.833988985051,0.836314363144,0.83875,0.0789865871833,0.950410362682,1342,1600,16
Heat/Poisson stressed,3,98,3;7;9,0.684793336749,0.763840335121,0.821160568983,0.850625,0.0742101396032,0.94921437847,1361,1600,16
Heat/Poisson stressed,3,99,3;8;9,0.663677192982,0.831554887218,0.831386466165,0.873125,0.0737294201861,0.951493332029,1397,1600,16
Heat/Poisson stressed,3,100,4;5;6,0.634186121447,0.768264099474,0.821302929583,0.855,0.0709064327485,0.943305547672,1368,1600,16
Heat/Poisson stressed,3,101,4;5;7,0.652160023925,0.804792425643,0.855642705671,0.85125,0.0917767988253,0.943349693687,1362,1600,16
Heat/Poisson stressed,3,102,4;5;8,0.666863637068,0.807254452177,0.86059145368,0.844375,0.0725388601036,0.94486813407,1351,1600,16
Heat/Poisson stressed,3,103,4;5;9,0.673635358473,0.765321561586,0.844140728917,0.83875,0.0663189269747,0.946635219837,1342,1600,16
Heat/Poisson stressed,3,104,4;6;7,0.710922703598,0.827222419508,0.84346147017,0.880625,0.0702625975869,0.944026585332,1409,1600,16
Heat/Poisson stressed,3,105,4;6;8,0.632922199328,0.828115460928,0.81790388431,0.87125,0.0659971305595,0.949618384344,1394,1600,16
Heat/Poisson stressed,3,106,4;6;9,0.637247772174,0.72415537603,0.788737293093,0.889375,0.0583274771609,0.949853736525,1423,1600,16
Heat/Poisson stressed,3,107,4;7;8,0.687704367301,0.853855916387,0.846681597611,0.85125,0.071953010279,0.951060938358,1362,1600,16
Heat/Poisson stressed,3,108,4;7;9,0.703885060092,0.780243671346,0.830369674358,0.858125,0.0648215586307,0.949085483155,1373,1600,16
Heat/Poisson stressed,3,109,4;8;9,0.676809355394,0.82489351419,0.840905908551,0.86,0.0603197674419,0.954118713658,1376,1600,16
Heat/Poisson stressed,3,110,5;6;7,0.645802249116,0.786855520557,0.832124502653,0.84375,0.0911111111111,0.94347166742,1350,1600,16
Heat/Poisson stressed,3,111,5;6;8,0.642853783227,0.797902247179,0.851218020847,0.854375,0.0870519385516,0.942182721125,1367,1600,16
Heat/Poisson stressed,3,112,5;6;9,0.647267196228,0.769150690036,0.825479703975,0.843125,0.0756115641216,0.947338453567,1349,1600,16
Heat/Poisson stressed,3,113,5;7;8,0.601907101907,0.756993919156,0.846084765004,0.85625,0.114598540146,0.943494545104,1370,1600,16
Heat/Poisson stressed,3,114,5;7;9,0.646123751154,0.767082528755,0.834039123499,0.83375,0.0937031484258,0.946472838789,1334,1600,16
Heat/Poisson stressed,3,115,5;8;9,0.621440687911,0.774479994595,0.841916223031,0.855625,0.0942293644996,0.944897228369,1369,1600,16
Heat/Poisson stressed,3,116,6;7;8,0.645954166989,0.817754307662,0.821937683897,0.8575,0.08527696793,0.948012924428,1372,1600,16
Heat/Poisson stressed,3,117,6;7;9,0.685420559339,0.809829124224,0.821635223917,0.85875,0.0742358078603,0.949359599747,1374,1600,16
Heat/Poisson stressed,3,118,6;8;9,0.668586329881,0.842892971142,0.833304833561,0.878125,0.0711743772242,0.95189464229,1405,1600,16
Heat/Poisson stressed,3,119,7;8;9,0.635533910149,0.800625180033,0.827446043549,0.8525,0.091642228739,0.952301978402,1364,1600,16
Heat/Poisson stressed,5,0,0;1;2;3;4,0.736601464392,0.786275607195,0.824092618375,0.723125,0.04753673293,0.946472602529,1157,1600,16
Heat/Poisson stressed,5,1,0;1;2;3;5,0.723248167036,0.785092463813,0.825460602002,0.700625,0.0526315789474,0.945345583996,1121,1600,16
Heat/Poisson stressed,5,2,0;1;2;3;6,0.712902002607,0.766014930679,0.803526484181,0.72625,0.0516351118761,0.946967606204,1162,1600,16
Heat/Poisson stressed,5,3,0;1;2;3;7,0.752459172954,0.796412950053,0.837658294337,0.725625,0.0551248923342,0.947473731125,1161,1600,16
Heat/Poisson stressed,5,4,0;1;2;3;8,0.744320476132,0.822209835145,0.836610544427,0.713125,0.0473269062226,0.949848365326,1141,1600,16
Heat/Poisson stressed,5,5,0;1;2;3;9,0.715292943158,0.767176543429,0.804243800126,0.721875,0.0484848484848,0.949388002784,1155,1600,16
Heat/Poisson stressed,5,6,0;1;2;4;5,0.72727329709,0.802533105457,0.83984020793,0.713125,0.0517090271691,0.944118867897,1141,1600,16
Heat/Poisson stressed,5,7,0;1;2;4;6,0.760226433988,0.810863306558,0.835906577635,0.736875,0.0458015267176,0.945623321129,1179,1600,16
Heat/Poisson stressed,5,8,0;1;2;4;7,0.755596030981,0.814707522151,0.84805014767,0.740625,0.053164556962,0.945975911882,1185,1600,16
Heat/Poisson stressed,5,9,0;1;2;4;8,0.740289804012,0.821925913881,0.839555356812,0.72625,0.0447504302926,0.949377614539,1162,1600,16
Heat/Poisson stressed,5,10,0;1;2;4;9,0.742522602969,0.79714253823,0.833834133274,0.731875,0.0478223740393,0.94868582697,1171,1600,16
Heat/Poisson stressed,5,11,0;1;2;5;6,0.737767688421,0.803083869847,0.831528413531,0.71,0.0492957746479,0.944493314177,1136,1600,16
Heat/Poisson stressed,5,12,0;1;2;5;7,0.752855850495,0.819695307152,0.856686353489,0.716875,0.0575414123801,0.944839592282,1147,1600,16
Heat/Poisson stressed,5,13,0;1;2;5;8,0.759277425438,0.836610850025,0.861154202978,0.703125,0.0471111111111,0.945769654015,1125,1600,16
Heat/Poisson stressed,5,14,0;1;2;5;9,0.739569731263,0.803445051668,0.842159565379,0.70625,0.0513274336283,0.946840218758,1130,1600,16
Heat/Poisson stressed,5,15,0;1;2;6;7,0.770680881641,0.822553562787,0.84618937983,0.738125,0.0516511430991,0.946183765555,1181,1600,16
Heat/Poisson stressed,5,16,0;1;2;6;8,0.746434461806,0.830360243056,0.834327256944,0.725,0.0456896551724,0.948660323407,1160,1600,16
Heat/Poisson stressed,5,17,0;1;2;6;9,0.735965429458,0.788888431848,0.814427853875,0.729375,0.0462724935733,0.949129412298,1167,1600,16
Heat/Poisson stressed,5,18,0;1;2;7;8,0.768404873935,0.84101266572,0.850744998816,0.725625,0.046511627907,0.949533400764,1161,1600,16
Heat/Poisson stressed,5,19,0;1;2;7;9,0.761026448267,0.804508676674,0.838546181807,0.729375,0.0497000856898,0.949159764782,1167,1600,16
Heat/Poisson stressed,5,20,0;1;2;8;9,0.747649770772,0.823155445664,0.841613866996,0.72,0.0460069444444,0.951445234788,1152,1600,16
Heat/Poisson stressed,5,21,0;1;3;4;5,0.700794690132,0.780887867197,0.832036328692,0.756875,0.0503715937242,0.94203363157,1211,1600,16
Heat/Poisson stressed,5,22,0;1;3;4;6,0.703899318849,0.774461716664,0.806171871396,0.801875,0.0467653936087,0.942803151597,1283,1600,16
Heat/Poisson stressed,5,23,0;1;3;4;7,0.731616753472,0.793194444444,0.831019965278,0.775,0.05,0.943954589137,1240,1600,16
Heat/Poisson stressed,5,24,0;1;3;4;8,0.70256347571,0.807973816426,0.830739755826,0.77,0.0478896103896,0.947009204892,1232,1600,16
Heat/Poisson stressed,5,25,0;1;3;4;9,0.69252334506,0.761233429814,0.811275261252,0.7925,0.0481072555205,0.945674946491,1268,1600,16
Heat/Poisson stressed,5,26,0;1;3;5;6,0.689371275007,0.774934337121,0.816518486266,0.759375,0.0526748971193,0.942451026923,1215,1600,16
Heat/Poisson stressed,5,27,0;1;3;5;7,0.721078185167,0.796705329019,0.845420672094,0.74375,0.0571428571429,0.943635381044,1190,1600,16
Heat/Poisson stressed,5,28,0;1;3;5;8,0.703769377974,0.799610245966,0.843830650117,0.743125,0.0521446593776,0.944357058461,1189,1600,16
Heat/Poisson stressed,5,29,0;1;3;5;9,0.687690507357,0.766284765424,0.825429349812,0.755,0.0538079470199,0.94462421431,1208,1600,16
Heat/Poisson stressed,5,30,0;1;3;6;7,0.718063562454,0.793466371027,0.824280435012,0.779375,0.0553327987169,0.944221821858,1247,1600,16
Heat/Poisson stressed,5,31,0;1;3;6;8,0.706857323209,0.818851161651,0.824197772795,0.778125,0.0497991967871,0.946392498468,1245,1600,16
Heat/Poisson stressed,5,32,0;1;3;6;9,0.6974769372,0.77521441294,0.803398675854,0.8,0.0484375,0.946134289337,1280,1600,16
Heat/Poisson stressed,5,33,0;1;3;7;8,0.718061450744,0.815369021223,0.833221412734,0.754375,0.0521955260978,0.948113659111,1207,1600,16
Heat/Poisson stressed,5,34,0;1;3;7;9,0.729729898244,0.792011671987,0.834056597499,0.771875,0.0526315789474,0.946989095659,1235,1600,16
Heat/Poisson stressed,5,35,0;1;3;8;9,0.690249510763,0.79542074364,0.821032289628,0.7775,0.0498392282958,0.948986260441,1244,1600,16
Heat/Poisson stressed,5,36,0;1;4;5;6,0.696010715482,0.793735908025,0.837446143543,0.775625,0.0556003223207,0.940796505557,1241,1600,16
Heat/Poisson stressed,5,37,0;1;4;5;7,0.706237697422,0.803658612192,0.853279654055,0.760625,0.0616269515201,0.941819461254,1217,1600,16
Heat/Poisson stressed,5,38,0;1;4;5;8,0.689661907806,0.794276937282,0.852501953264,0.7575,0.0552805280528,0.943535969356,1212,1600,16
Heat/Poisson stressed,5,39,0;1;4;5;9,0.684085580837,0.770522862751,0.840455982844,0.76625,0.0570962479608,0.943596823518,1226,1600,16
Heat/Poisson stressed,5,40,0;1;4;6;7,0.7270105318,0.818222040283,0.837342198736,0.796875,0.0549019607843,0.942282954356,1275,1600,16
Heat/Poisson stressed,5,41,0;1;4;6;8,0.69195713141,0.817565247253,0.833247481685,0.788125,0.0531324345757,0.945450070586,1261,1600,16
Heat/Poisson stressed,5,42,0;1;4;6;9,0.688122096881,0.779001252301,0.814908871382,0.808125,0.0518174787316,0.944991417233,1293,1600,16
Heat/Poisson stressed,5,43,0;1;4;7;8,0.71875503951,0.829415437543,0.850698191772,0.770625,0.0543390105434,0.947021295276,1233,1600,16
Heat/Poisson stressed,5,44,0;1;4;7;9,0.719599182654,0.796440614932,0.841148129422,0.78625,0.0556438791733,0.945699322253,1258,1600,16
Heat/Poisson stressed,5,45,0;1;4;8;9,0.693049229425,0.802890314901,0.841138271475,0.7825,0.0519169329073,0.948678249425,1252,1600,16
Heat/Poisson stressed,5,46,0;1;5;6;7,0.702208930589,0.804073101411,0.842050665032,0.760625,0.0624486442071,0.941976142979,1217,1600,16
Heat/Poisson stressed,5,47,0;1;5;6;8,0.674160360961,0.78886567531,0.836377920961,0.76,0.0583881578947,0.942736749375,1216,1600,16
Heat/Poisson stressed,5,48,0;1;5;6;9,0.683002567251,0.779100346021,0.828672842951,0.766875,0.0578647106764,0.943951197102,1227,1600,16
Heat/Poisson stressed,5,49,0;1;5;7;8,0.69847036547,0.803113260635,0.852488935529,0.74625,0.0603015075377,0.944303619907,1194,1600,16
Heat/Poisson stressed,5,50,0;1;5;7;9,0.694213690099,0.779115344847,0.839793362924,0.75375,0.0630182421227,0.944661290908,1206,1600,16
Heat/Poisson stressed,5,51,0;1;5;8;9,0.695386147099,0.792739997647,0.85262388466,0.755,0.057119205298,0.945281687043,1208,1600,16
Heat/Poisson stressed,5,52,0;1;6;7;8,0.698255436951,0.822521781059,0.831691440543,0.773125,0.0582053354891,0.946088334284,1237,1600,16
Heat/Poisson stressed,5,53,0;1;6;7;9,0.7199693893,0.808535801833,0.832979345962,0.78625,0.0564387917329,0.945905893048,1258,1600,16
Heat/Poisson stressed,5,54,0;1;6;8;9,0.684660643289,0.805675415952,0.824965612105,0.789375,0.0538400633413,0.947994611376,1263,1600,16
Heat/Poisson stressed,5,55,0;1;7;8;9,0.702961836272,0.804497077025,0.834955350987,0.76625,0.0562805872757,0.949224988622,1226,1600,16
Heat/Poisson stressed,5,56,0;2;3;4;5,0.736200635699,0.776750834576,0.817667270403,0.7025,0.0489323843416,0.945435147286,1124,1600,16
Heat/Poisson stressed,5,57,0;2;3;4;6,0.726228503697,0.723772500804,0.787553238509,0.7375,0.0457627118644,0.946243884511,1180,1600,16
Heat/Poisson stressed,5,58,0;2;3;4;7,0.776940028578,0.775049739331,0.833732416027,0.726875,0.0481513327601,0.946857776467,1163,1600,16
Heat/Poisson stressed,5,59,0;2;3;4;8,0.746636781609,0.820059770115,0.826726436782,0.72,0.0460069444444,0.950176266796,1152,1600,16
Heat/Poisson stressed,5,60,0;2;3;4;9,0.731477495108,0.744329745597,0.801360078278,0.738125,0.0457239627434,0.948681000548,1181,1600,16
Heat/Poisson stressed,5,61,0;2;3;5;6,0.73387628263,0.778473195152,0.808400874655,0.7025,0.0498220640569,0.945601188842,1124,1600,16
Heat/Poisson stressed,5,62,0;2;3;5;7,0.761075183196,0.804350087339,0.835526669751,0.70375,0.0532859680284,0.946239925747,1126,1600,16
Heat/Poisson stressed,5,63,0;2;3;5;8,0.749917840376,0.832280907668,0.839550078247,0.69625,0.0502692998205,0.947109170892,1114,1600,16
Heat/Poisson stressed,5,64,0;2;3;5;9,0.734565063871,0.790135012599,0.820706110459,0.701875,0.0516473731077,0.947312303999,1123,1600,16
Heat/Poisson stressed,5,65,0;2;3;6;7,0.760862676056,0.774178403756,0.820547730829,0.729375,0.0522707797772,0.946858594145,1167,1600,16
Heat/Poisson stressed,5,66,0;2;3;6;8,0.724941343761,0.802971916104,0.79721767982,0.72,0.046875,0.949247990664,1152,1600,16
Heat/Poisson stressed,5,67,0;2;3;6;9,0.724828528235,0.752648029594,0.787389594544,0.73625,0.0449915110357,0.948898040903,1178,1600,16
Heat/Poisson stressed,5,68,0;2;3;7;8,0.77829552287,0.847872153217,0.842596530334,0.7175,0.0479094076655,0.950404425918,1148,1600,16
Heat/Poisson stressed,5,69,0;2;3;7;9,0.761498680447,0.775265095845,0.818348109167,0.724375,0.0483175150992,0.949185456388,1159,1600,16
Heat/Poisson stressed,5,70,0;2;3;8;9,0.737264962517,0.823197387595,0.818817043839,0.719375,0.0477845351868,0.951381566333,1151,1600,16
Heat/Poisson stressed,5,71,0;2;4;5;6,0.743420138889,0.784921875,0.817942708333,0.715,0.0472027972028,0.945080052395,1144,1600,16
Heat/Poisson stressed,5,72,0;2;4;5;7,0.76732056998,0.816966518052,0.852871754524,0.716875,0.0531822144725,0.945572562491,1147,1600,16
Heat/Poisson stressed,5,73,0;2;4;5;8,0.754856442746,0.83141090745,0.84620189905,0.7075,0.0468197879859,0.947499398644,1132,1600,16
Heat/Poisson stressed,5,74,0;2;4;5;9,0.734220920139,0.780047743056,0.822065972222,0.710625,0.0492524186456,0.947418093653,1137,1600,16
Heat/Poisson stressed,5,75,0;2;4;6;7,0.779194888327,0.789035012942,0.830170182427,0.74125,0.0463743676223,0.94605739368,1186,1600,16
Heat/Poisson stressed,5,76,0;2;4;6;8,0.73793361723,0.813966196228,0.813542235873,0.73375,0.0451448040886,0.949513096482,1174,1600,16
Heat/Poisson stressed,5,77,0;2;4;6;9,0.731897438928,0.748196514657,0.793159312386,0.745625,0.0444258172674,0.948882551593,1193,1600,16
Heat/Poisson stressed,5,78,0;2;4;7;8,0.775379619903,0.840576831248,0.842597650654,0.730625,0.0453378956373,0.950537492985,1169,1600,16
Heat/Poisson stressed,5,79,0;2;4;7;9,0.768280156134,0.779204001327,0.828564768723,0.735,0.047619047619,0.949036436258,1176,1600,16
Heat/Poisson stressed,5,80,0;2;4;8;9,0.75110615024,0.823265989508,0.833740372809,0.728125,0.044635193133,0.952279910595,1165,1600,16
Heat/Poisson stressed,5,81,0;2;5;6;7,0.774569498286,0.820769425249,0.840760014608,0.71375,0.0499124343257,0.945455914432,1142,1600,16
Heat/Poisson stressed,5,82,0;2;5;6;8,0.745810526316,0.828623558897,0.830532330827,0.708125,0.0494263018535,0.946375435439,1133,1600,16
Heat/Poisson stressed,5,83,0;2;5;6;9,0.736849520345,0.790791995936,0.812211022452,0.709375,0.0493392070485,0.947524709922,1135,1600,16
Heat/Poisson stressed,5,84,0;2;5;7;8,0.781610506581,0.8540763592,0.858761601513,0.705625,0.0478299379982,0.947387040834,1129,1600,16
Heat/Poisson stressed,5,85,0;2;5;7;9,0.765420459015,0.811471150065,0.840149025226,0.70875,0.0511463844797,0.947672726748,1134,1600,16
Heat/Poisson stressed,5,86,0;2;5;8;9,0.750742721331,0.837116008341,0.845218766912,0.70375,0.050621669627,0.948436401231,1126,1600,16
Heat/Poisson stressed,5,87,0;2;6;7;8,0.782828745729,0.852550189908,0.840561804344,0.73,0.0462328767123,0.94926518717,1168,1600,16
Heat/Poisson stressed,5,88,0;2;6;7;9,0.773537118584,0.797145293355,0.820463403144,0.7325,0.0460750853242,0.948980385316,1172,1600,16
Heat/Poisson stressed,5,89,0;2;6;8;9,0.736222339662,0.817603244938,0.809793532709,0.7275,0.0463917525773,0.951287127788,1164,1600,16
Heat/Poisson stressed,5,90,0;2;7;8;9,0.782059835222,0.851914820354,0.847259136511,0.72375,0.045768566494,0.951935860387,1158,1600,16
Heat/Poisson stressed,5,91,0;3;4;5;6,0.692241240759,0.751300827708,0.798361660238,0.764375,0.0490596892886,0.94273725788,1223,1600,16
Heat/Poisson stressed,5,92,0;3;4;5;7,0.723602576286,0.778773096822,0.825142012459,0.743125,0.0521446593776,0.944046393138,1189,1600,16
Heat/Poisson stressed,5,93,0;3;4;5;8,0.705359776395,0.798549564354,0.828077962086,0.7475,0.0501672240803,0.945708914238,1196,1600,16
Heat/Poisson stressed,5,94,0;3;4;5;9,0.673709591091,0.73042366672,0.795171456929,0.759375,0.0502057613169,0.94490302284,1215,1600,16
Heat/Poisson stressed,5,95,0;3;4;6;7,0.721254492389,0.738107021772,0.799929694402,0.780625,0.048839071257,0.943826224037,1249,1600,16
Heat/Poisson stressed,5,96,0;3;4;6;8,0.701047117754,0.802472969396,0.804371729348,0.781875,0.0479616306954,0.94691808628,1251,1600,16
Heat/Poisson stressed,5,97,0;3;4;6;9,0.675074756439,0.708367614433,0.766782607709,0.81,0.045524691358,0.945639343724,1296,1600,16
Heat/Poisson stressed,5,98,0;3;4;7;8,0.72920225468,0.818416162365,0.82484297134,0.7575,0.049504950495,0.94876757598,1212,1600,16
Heat/Poisson stressed,5,99,0;3;4;7;9,0.726333054667,0.750386195115,0.812268282931,0.775625,0.0491539081386,0.946597093064,1241,1600,16
Heat/Poisson stressed,5,100,0;3;4;8;9,0.700606788703,0.796634155281,0.812068579341,0.779375,0.0473135525261,0.949495548922,1247,1600,16
Heat/Poisson stressed,5,101,0;3;5;6;7,0.720049189921,0.787284282551,0.817890890043,0.745,0.0553691275168,0.944031442159,1192,1600,16
Heat/Poisson stressed,5,102,0;3;5;6;8,0.704080812591,0.80880455408,0.818653867619,0.753125,0.0522821576763,0.94473155887,1205,1600,16
Heat/Poisson stressed,5,103,0;3;5;6;9,0.686547267142,0.761278231805,0.795025985819,0.764375,0.0515126737531,0.94506606458,1223,1600,16
Heat/Poisson stressed,5,104,0;3;5;7;8,0.726375176305,0.8199910104,0.836660518607,0.73125,0.0547008547009,0.946610030041,1170,1600,16
Heat/Poisson stressed,5,105,0;3;5;7;9,0.711834635952,0.775055532703,0.818881118881,0.74125,0.0556492411467,0.946055760779,1186,1600,16
Heat/Poisson stressed,5,106,0;3;5;8;9,0.692396477023,0.802218730023,0.820894594787,0.753125,0.0539419087137,0.946615404539,1205,1600,16
Heat/Poisson stressed,5,107,0;3;6;7;8,0.715682042826,0.816388192283,0.809443238274,0.760625,0.0534100246508,0.947659509609,1217,1600,16
Heat/Poisson stressed,5,108,0;3;6;7;9,0.71183156401,0.760710244113,0.797129564764,0.778125,0.0522088353414,0.946614501496,1245,1600,16
Heat/Poisson stressed,5,109,0;3;6;8;9,0.710468052232,0.819901641198,0.808784458556,0.795,0.0495283018868,0.948618327979,1272,1600,16
Heat/Poisson stressed,5,110,0;3;7;8;9,0.708406985017,0.808283031962,0.808920255413,0.758125,0.0527617477329,0.950119264612,1213,1600,16
Heat/Poisson stressed,5,111,0;4;5;6;7,0.709607157548,0.790563554093,0.825503907857,0.76,0.0575657894737,0.94289572057,1216,1600,16
Heat/Poisson stressed,5,112,0;4;5;6;8,0.661569908467,0.779500192009,0.809254371254,0.765,0.0555555555556,0.944628223953,1224,1600,16
Heat/Poisson stressed,5,113,0;4;5;6;9,0.681074788926,0.759109526846,0.809202264341,0.7725,0.0542071197411,0.944710117733,1236,1600,16
Heat/Poisson stressed,5,114,0;4;5;7;8,0.708557011817,0.810465734874,0.83939481872,0.74625,0.0569514237856,0.946366355163,1194,1600,16
Heat/Poisson stressed,5,115,0;4;5;7;9,0.710366714547,0.77711891111,0.832443249481,0.753125,0.0580912863071,0.945559240584,1205,1600,16
Heat/Poisson stressed,5,116,0;4;5;8;9,0.682926715077,0.784419755514,0.826280133526,0.75875,0.0535420098847,0.947129402147,1214,1600,16
Heat/Poisson stressed,5,117,0;4;6;7;8,0.706962464229,0.822165943925,0.818527361787,0.775625,0.0547945205479,0.94727832238,1241,1600,16
Heat/Poisson stressed,5,118,0;4;6;7;9,0.721453150512,0.774219175196,0.815178461701,0.79,0.0530063291139,0.945986678982,1264,1600,16
Heat/Poisson stressed,5,119,0;4;6;8;9,0.669385138671,0.788691784406,0.796085818943,0.793125,0.0512214342002,0.94901014662,1269,1600,16
Heat/Poisson stressed,5,120,0;4;7;8;9,0.718986183469,0.815391123063,0.830157243427,0.76875,0.0528455284553,0.950383920227,1230,1600,16
Heat/Poisson stressed,5,121,0;5;6;7;8,0.701774256651,0.815606416275,0.829581377152,0.74875,0.0609348914858,0.945074909028,1198,1600,16
Heat/Poisson stressed,5,122,0;5;6;7;9,0.706021989005,0.792144250455,0.821000789928,0.75375,0.0597014925373,0.945476410616,1206,1600,16
Heat/Poisson stressed,5,123,0;5;6;8;9,0.688910086801,0.809093616599,0.826410680295,0.765625,0.0579591836735,0.946077800308,1225,1600,16
Heat/Poisson stressed,5,124,0;5;7;8;9,0.708683781251,0.812514702423,0.834704274018,0.741875,0.0589721988206,0.947449183429,1187,1600,16
Heat/Poisson stressed,5,125,0;6;7;8;9,0.702387813739,0.818589341291,0.81178836277,0.77125,0.0567260940032,0.949204078324,1234,1600,16
Heat/Poisson stressed,5,126,1;2;3;4;5,0.774953681597,0.835920160443,0.856044312864,0.74875,0.0475792988314,0.947673372165,1198,1600,16
Heat/Poisson stressed,5,127,1;2;3;4;6,0.771918948298,0.822317243019,0.836631224947,0.77625,0.0450885668277,0.949568344252,1242,1600,16
Heat/Poisson stressed,5,128,1;2;3;4;7,0.806433396883,0.851938964412,0.866755774757,0.776875,0.0466613032985,0.949304671381,1243,1600,16
Heat/Poisson stressed,5,129,1;2;3;4;8,0.767781255354,0.847591627631,0.847177940003,0.7625,0.0450819672131,0.95258381421,1220,1600,16
Heat/Poisson stressed,5,130,1;2;3;4;9,0.759930555556,0.811384548611,0.835026041667,0.768125,0.046379170057,0.951799871407,1229,1600,16
Heat/Poisson stressed,5,131,1;2;3;5;6,0.769952168028,0.830283950054,0.847500418245,0.746875,0.0493723849372,0.948574553119,1195,1600,16
Heat/Poisson stressed,5,132,1;2;3;5;7,0.790299707063,0.846094118477,0.868871341896,0.75125,0.0524126455907,0.948289274228,1202,1600,16
Heat/Poisson stressed,5,133,1;2;3;5;8,0.778785818496,0.854367625604,0.865546962422,0.740625,0.0481012658228,0.949211971725,1185,1600,16
Heat/Poisson stressed,5,134,1;2;3;5;9,0.75384382895,0.813089942498,0.84067483997,0.74,0.0506756756757,0.950103086415,1184,1600,16
Heat/Poisson stressed,5,135,1;2;3;6;7,0.786669887267,0.838552704423,0.851641977355,0.776875,0.0514883346742,0.950053283423,1243,1600,16
Heat/Poisson stressed,5,136,1;2;3;6;8,0.760489416513,0.843722476524,0.836271238303,0.76125,0.0467980295567,0.952458535234,1218,1600,16
Heat/Poisson stressed,5,137,1;2;3;6;9,0.763726453933,0.81620204668,0.832161281108,0.765,0.046568627451,0.952754991546,1224,1600,16
Heat/Poisson stressed,5,138,1;2;3;7;8,0.799412264504,0.872477788482,0.867951857204,0.761875,0.0475799835931,0.952649437109,1219,1600,16
Heat/Poisson stressed,5,139,1;2;3;7;9,0.787870560067,0.830854998925,0.852019281289,0.765625,0.0489795918367,0.952177764753,1225,1600,16
Heat/Poisson stressed,5,140,1;2;3;8;9,0.762375111721,0.841136523238,0.845357986466,0.753125,0.0473029045643,0.954384258524,1205,1600,16
Heat/Poisson stressed,5,141,1;2;4;5;6,0.777580911883,0.84582963038,0.859778985222,0.7575,0.0470297029703,0.947390060511,1212,1600,16
Heat/Poisson stressed,5,142,1;2;4;5;7,0.780305355225,0.860950207151,0.879155797657,0.77125,0.0567260940032,0.946947987618,1234,1600,16
Heat/Poisson stressed,5,143,1;2;4;5;8,0.782719808895,0.864834522362,0.875082048357,0.756875,0.0454170107349,0.94888493787,1211,1600,16
Heat/Poisson stressed,5,144,1;2;4;5;9,0.765646347325,0.83256317389,0.859058929497,0.753125,0.0497925311203,0.949539921266,1205,1600,16
Heat/Poisson stressed,5,145,1;2;4;6;7,0.796752477783,0.852766190491,0.857197216206,0.788125,0.0459952418715,0.948589109208,1261,1600,16
Heat/Poisson stressed,5,146,1;2;4;6;8,0.783705314143,0.870891142047,0.863008582358,0.773125,0.0444624090542,0.952015853498,1237,1600,16
Heat/Poisson stressed,5,147,1;2;4;6;9,0.761976700521,0.81694931349,0.833679358077,0.773125,0.0452708164915,0.952080279985,1237,1600,16
Heat/Poisson stressed,5,148,1;2;4;7;8,0.809385527355,0.886721912892,0.88101069271,0.7775,0.0442122186495,0.952059487296,1244,1600,16
Heat/Poisson stressed,5,149,1;2;4;7;9,0.794934871929,0.845822187254,0.864467173704,0.77875,0.0481540930979,0.951358424391,1246,1600,16
Heat/Poisson stressed,5,150,1;2;4;8;9,0.764427987215,0.843557077229,0.85123573948,0.76625,0.0448613376835,0.954568202182,1226,1600,16
Heat/Poisson stressed,5,151,1;2;5;6;7,0.785824208637,0.852109371667,0.863009788062,0.75875,0.0502471169687,0.947584993319,1214,1600,16
Heat/Poisson stressed,5,152,1;2;5;6;8,0.778772328493,0.862645315239,0.866631815903,0.74875,0.0467445742905,0.948574205326,1198,1600,16
Heat/Poisson stressed,5,153,1;2;5;6;9,0.767891854017,0.833166325116,0.850713489241,0.74375,0.0487394957983,0.950390581372,1190,1600,16
Heat/Poisson stressed,5,154,1;2;5;7;8,0.799947916667,0.874289215686,0.883446691176,0.754375,0.0472245236123,0.948562990207,1207,1600,16
Heat/Poisson stressed,5,155,1;2;5;7;9,0.774943046366,0.831466841247,0.858530149881,0.751875,0.0523690773067,0.949619779058,1203,1600,16
Heat/Poisson stressed,5,156,1;2;5;8;9,0.774188507781,0.848681807967,0.866737597618,0.743125,0.0479394449117,0.950445692075,1189,1600,16
Heat/Poisson stressed,5,157,1;2;6;7;8,0.799427856671,0.880857978989,0.867284325228,0.771875,0.0461538461538,0.951616004765,1235,1600,16
Heat/Poisson stressed,5,158,1;2;6;7;9,0.792883043669,0.843333474978,0.851495771895,0.77,0.0470779220779,0.952059116065,1232,1600,16
Heat/Poisson stressed,5,159,1;2;6;8;9,0.762837676357,0.845939782315,0.843043532857,0.75875,0.0461285008237,0.954388637405,1214,1600,16
Heat/Poisson stressed,5,160,1;2;7;8;9,0.790582010222,0.860199961938,0.863282312,0.763125,0.046683046683,0.954076874485,1221,1600,16
Heat/Poisson stressed,5,161,1;3;4;5;6,0.697611340551,0.806107824534,0.834669047885,0.813125,0.0561106840892,0.945664099071,1301,1600,16
Heat/Poisson stressed,5,162,1;3;4;5;7,0.735070921986,0.832374020157,0.859708846585,0.79875,0.0586854460094,0.946076945486,1278,1600,16
Heat/Poisson stressed,5,163,1;3;4;5;8,0.707524936171,0.828173381082,0.860161045669,0.7975,0.057210031348,0.947751872598,1276,1600,16
Heat/Poisson stressed,5,164,1;3;4;5;9,0.684802032916,0.784007239521,0.833545857157,0.801875,0.0568978955573,0.947642893747,1283,1600,16
Heat/Poisson stressed,5,165,1;3;4;6;7,0.741650125313,0.841395488722,0.844627568922,0.8375,0.055223880597,0.946980339728,1340,1600,16
Heat/Poisson stressed,5,166,1;3;4;6;8,0.694924521629,0.838070508525,0.835115590797,0.828125,0.0550943396226,0.950051940666,1325,1600,16
Heat/Poisson stressed,5,167,1;3;4;6;9,0.681443559601,0.785195297687,0.809035520162,0.845625,0.0524759793052,0.949423725092,1353,1600,16
Heat/Poisson stressed,5,168,1;3;4;7;8,0.723667421447,0.846940304856,0.849609715195,0.81,0.0563271604938,0.950963940825,1296,1600,16
Heat/Poisson stressed,5,169,1;3;4;7;9,0.720865800866,0.810554323725,0.834484214972,0.825625,0.0552611657835,0.949544298916,1321,1600,16
Heat/Poisson stressed,5,170,1;3;4;8;9,0.687256753663,0.818104204823,0.834540025946,0.81875,0.0541984732824,0.952418036782,1310,1600,16
Heat/Poisson stressed,5,171,1;3;5;6;7,0.710916386711,0.815871593878,0.848394923479,0.80125,0.0655226209048,0.946789066615,1282,1600,16
Heat/Poisson stressed,5,172,1;3;5;6;8,0.695656204156,0.817079363544,0.852932404765,0.801875,0.0631332813718,0.9475549102,1283,1600,16
Heat/Poisson stressed,5,173,1;3;5;6;9,0.683817274306,0.784952256944,0.831879340278,0.804375,0.0613830613831,0.948523434456,1287,1600,16
Heat/Poisson stressed,5,174,1;3;5;7;8,0.701051167884,0.813513163014,0.858719145809,0.79125,0.0687203791469,0.948451145893,1266,1600,16
Heat/Poisson stressed,5,175,1;3;5;7;9,0.70680070898,0.798453472256,0.850040316737,0.7925,0.0670347003155,0.9486313974,1268,1600,16
Heat/Poisson stressed,5,176,1;3;5;8;9,0.680750453227,0.797069066415,0.847478504987,0.795625,0.0644147682639,0.949249958735,1273,1600,16
Heat/Poisson stressed,5,177,1;3;6;7;8,0.69709903113,0.831592268382,0.835070368042,0.81375,0.062980030722,0.95065076032,1302,1600,16
Heat/Poisson stressed,5,178,1;3;6;7;9,0.710049362402,0.808852324146,0.828819415878,0.825625,0.0598031794095,0.950291080798,1321,1600,16
Heat/Poisson stressed,5,179,1;3;6;8;9,0.681566225647,0.817152515266,0.82739804449,0.82875,0.0588235294118,0.952320599969,1326,1600,16
Heat/Poisson stressed,5,180,1;3;7;8;9,0.693190977444,0.810979448622,0.8368160401,0.80625,0.0643410852713,0.952902637926,1290,1600,16
Heat/Poisson stressed,5,181,1;4;5;6;7,0.679144303314,0.823489638048,0.848908413714,0.82,0.0724085365854,0.945015611733,1312,1600,16
Heat/Poisson stressed,5,182,1;4;5;6;8,0.65290186154,0.801676404647,0.850940960663,0.818125,0.0695187165775,0.946773780472,1309,1600,16
Heat/Poisson stressed,5,183,1;4;5;6;9,0.675703125,0.7944140625,0.8427734375,0.81375,0.0637480798771,0.947533133433,1302,1600,16
Heat/Poisson stressed,5,184,1;4;5;7;8,0.663602074493,0.812710072851,0.85501361196,0.8125,0.0738461538462,0.947515394996,1300,1600,16
Heat/Poisson stressed,5,185,1;4;5;7;9,0.681724738065,0.79771763634,0.845494648398,0.806875,0.0689388071263,0.947490087607,1291,1600,16
Heat/Poisson stressed,5,186,1;4;5;8;9,0.685923170417,0.806350492513,0.863643246207,0.8075,0.0642414860681,0.949079895957,1292,1600,16
Heat/Poisson stressed,5,187,1;4;6;7;8,0.680470248747,0.848478986313,0.847024068611,0.831875,0.068369646882,0.949588374656,1331,1600,16
Heat/Poisson stressed,5,188,1;4;6;7;9,0.702299877191,0.825032356237,0.836196808621,0.838125,0.061894108874,0.949029303296,1341,1600,16
Heat/Poisson stressed,5,189,1;4;6;8;9,0.650029463475,0.808385981182,0.82573079078,0.831875,0.060856498873,0.952037842569,1331,1600,16
Heat/Poisson stressed,5,190,1;4;7;8;9,0.682797698392,0.818269949981,0.839886173222,0.81875,0.063358778626,0.952478050386,1310,1600,16
Heat/Poisson stressed,5,191,1;5;6;7;8,0.629324633838,0.785795009342,0.844026882044,0.81625,0.0857580398162,0.947029072686,1306,1600,16
Heat/Poisson stressed,5,192,1;5;6;7;9,0.667548782528,0.797101945218,0.840968198202,0.80625,0.0759689922481,0.9481424446,1290,1600,16
Heat/Poisson stressed,5,193,1;5;6;8;9,0.648303167421,0.787663512958,0.845343480049,0.809375,0.0733590733591,0.948817862517,1295,1600,16
Heat/Poisson stressed,5,194,1;5;7;8;9,0.661419268562,0.7882289668,0.852963835107,0.8025,0.0794392523364,0.949214679956,1284,1600,16
Heat/Poisson stressed,5,195,1;6;7;8;9,0.658016985864,0.808298319328,0.831094065533,0.820625,0.0723533891851,0.952102324339,1313,1600,16
Heat/Poisson stressed,5,196,2;3;4;5;6,0.784598335374,0.820641981432,0.843619708923,0.75125,0.0465890183028,0.948564005396,1202,1600,16
Heat/Poisson stressed,5,197,2;3;4;5;7,0.803585784177,0.839548626948,0.861211645924,0.751875,0.04821280133,0.948413453824,1203,1600,16
Heat/Poisson stressed,5,198,2;3;4;5;8,0.787135153207,0.861561718705,0.859087010873,0.745,0.0469798657718,0.950275178277,1192,1600,16
Heat/Poisson stressed,5,199,2;3;4;5;9,0.758771822683,0.798514754739,0.827722949645,0.7425,0.0479797979798,0.950100557381,1188,1600,16
Heat/Poisson stressed,5,200,2;3;4;6;7,0.806983890258,0.804042565455,0.84518869148,0.78,0.0456730769231,0.949357591522,1248,1600,16
Heat/Poisson stressed,5,201,2;3;4;6;8,0.769664209525,0.847476051362,0.831111148855,0.770625,0.0454176804542,0.952682787996,1233,1600,16
Heat/Poisson stressed,5,202,2;3;4;6;9,0.761304660081,0.769873210745,0.813014079163,0.778125,0.0441767068273,0.951963386465,1245,1600,16
Heat/Poisson stressed,5,203,2;3;4;7;8,0.805074371166,0.871153559377,0.856799525578,0.766875,0.0456397718011,0.953011501081,1227,1600,16
Heat/Poisson stressed,5,204,2;3;4;7;9,0.795309168443,0.796686441957,0.838973157897,0.77,0.0462662337662,0.951502456085,1232,1600,16
Heat/Poisson stressed,5,205,2;3;4;8;9,0.766876574834,0.843375356753,0.83439958882,0.759375,0.0452674897119,0.954607420024,1215,1600,16
Heat/Poisson stressed,5,206,2;3;5;6;7,0.803678620654,0.84587020649,0.858268604037,0.75125,0.0507487520799,0.948848333032,1202,1600,16
Heat/Poisson stressed,5,207,2;3;5;6;8,0.775727712383,0.853249384068,0.844098914135,0.744375,0.048698572628,0.949757925795,1191,1600,16
Heat/Poisson stressed,5,208,2;3;5;6;9,0.760317403878,0.808506771599,0.824088560186,0.74,0.0489864864865,0.950729338832,1184,1600,16
Heat/Poisson stressed,5,209,2;3;5;7;8,0.78500577812,0.86748844376,0.862956036582,0.750625,0.0574521232306,0.950061748271,1201,1600,16
Heat/Poisson stressed,5,210,2;3;5;7;9,0.779288764016,0.827495587625,0.852182179194,0.746875,0.0577405857741,0.95024668142,1195,1600,16
Heat/Poisson stressed,5,211,2;3;5;8;9,0.738733850508,0.830010558578,0.833882037219,0.741875,0.0589721988206,0.950994254905,1187,1600,16
Heat/Poisson stressed,5,212,2;3;6;7;8,0.803817547976,0.874998314251,0.853717414465,0.766875,0.0480847595762,0.952362609547,1227,1600,16
Heat/Poisson stressed,5,213,2;3;6;7;9,0.787319877297,0.803362904206,0.827899731542,0.766875,0.0472697636512,0.951981904187,1227,1600,16
Heat/Poisson stressed,5,214,2;3;6;8;9,0.766951201818,0.846125324435,0.827956989247,0.758125,0.0469909315746,0.954203740446,1213,1600,16
Heat/Poisson stressed,5,215,2;3;7;8;9,0.771981274673,0.85545876709,0.845403457771,0.763125,0.0565110565111,0.954172810667,1221,1600,16
Heat/Poisson stressed,5,216,2;4;5;6;7,0.803941277998,0.851524601525,0.863776330757,0.761875,0.0484003281378,0.948205359864,1219,1600,16
Heat/Poisson stressed,5,217,2;4;5;6;8,0.779587532661,0.861690929451,0.852616648003,0.755,0.046357615894,0.950167092069,1208,1600,16
Heat/Poisson stressed,5,218,2;4;5;6;9,0.77110703495,0.815183169162,0.83617010295,0.748125,0.046783625731,0.950855832568,1197,1600,16
Heat/Poisson stressed,5,219,2;4;5;7;8,0.815631127451,0.889243259804,0.882901348039,0.7575,0.046204620462,0.950331230077,1212,1600,16
Heat/Poisson stressed,5,220,2;4;5;7;9,0.788898589702,0.829948083922,0.855942919075,0.753125,0.0497925311203,0.95023317698,1205,1600,16
Heat/Poisson stressed,5,221,2;4;5;8;9,0.773086972751,0.849936543486,0.849533407988,0.74625,0.0460636515913,0.952007487146,1194,1600,16
Heat/Poisson stressed,5,222,2;4;6;7;8,0.814855834716,0.888052757212,0.866690941457,0.778125,0.0449799196787,0.952501766114,1245,1600,16
Heat/Poisson stressed,5,223,2;4;6;7;9,0.804329735773,0.817287827751,0.845367613273,0.775625,0.0451248992748,0.951842236241,1241,1600,16
Heat/Poisson stressed,5,224,2;4;6;8;9,0.763897605355,0.844478314143,0.829271104166,0.766875,0.0448247758761,0.955105757669,1227,1600,16
Heat/Poisson stressed,5,225,2;4;7;8;9,0.805373415553,0.870702295307,0.861349777321,0.7675,0.0447882736156,0.954945922116,1228,1600,16
Heat/Poisson stressed,5,226,2;5;6;7;8,0.810090406969,0.88847975232,0.87391571176,0.753125,0.048132780083,0.949495966569,1205,1600,16
Heat/Poisson stressed,5,227,2;5;6;7;9,0.796553629101,0.845039161077,0.85367551877,0.74625,0.0494137353434,0.950612391321,1194,1600,16
Heat/Poisson stressed,5,228,2;5;6;8;9,0.776815181518,0.862005835777,0.852101304551,0.74125,0.0497470489039,0.951427987369,1186,1600,16
Heat/Poisson stressed,5,229,2;5;7;8;9,0.768875755362,0.85502104421,0.855435287868,0.75125,0.0590682196339,0.95121617868,1202,1600,16
Heat/Poisson stressed,5,230,2;6;7;8;9,0.791122842696,0.864955217228,0.843511025059,0.7625,0.0467213114754,0.954237536165,1220,1600,16
Heat/Poisson stressed,5,231,3;4;5;6;7,0.733340730964,0.814989156631,0.837590864316,0.799375,0.0578577013292,0.947105165862,1279,1600,16
Heat/Poisson stressed,5,232,3;4;5;6;8,0.705792080908,0.832959872251,0.837115163378,0.805,0.0574534161491,0.948791156537,1288,1600,16
Heat/Poisson stressed,5,233,3;4;5;6;9,0.696154931336,0.773925873848,0.817617102762,0.80625,0.0550387596899,0.94870595454,1290,1600,16
Heat/Poisson stressed,5,234,3;4;5;7;8,0.740129573866,0.85339538279,0.857797244274,0.786875,0.0587768069897,0.949841191273,1259,1600,16
Heat/Poisson stressed,5,235,3;4;5;7;9,0.728041862285,0.799600938967,0.838528951487,0.788125,0.0578905630452,0.948942112099,1261,1600,16
Heat/Poisson stressed,5,236,3;4;5;8;9,0.700310329861,0.820568576389,0.834014756944,0.79375,0.055905511811,0.950458080286,1270,1600,16
Heat/Poisson stressed,5,237,3;4;6;7;8,0.717718152947,0.845637781251,0.824532439381,0.815,0.0567484662577,0.951205973962,1304,1600,16
Heat/Poisson stressed,5,238,3;4;6;7;9,0.720660913991,0.771822714584,0.812005126494,0.826875,0.0536659108088,0.94981983006,1323,1600,16
Heat/Poisson stressed,5,239,3;4;6;8;9,0.6898366218,0.824440134358,0.810771003165,0.829375,0.0535041446873,0.952730353103,1327,1600,16
Heat/Poisson stressed,5,240,3;4;7;8;9,0.735496741855,0.848328822055,0.840304761905,0.80375,0.0552099533437,0.953443144796,1286,1600,16
Heat/Poisson stressed,5,241,3;5;6;7;8,0.710104179325,0.834171113345,0.838523886857,0.79125,0.0663507109005,0.949183212021,1266,1600,16
Heat/Poisson stressed,5,242,3;5;6;7;9,0.71203904139,0.801864560305,0.829107559568,0.79,0.064082278481,0.949409099812,1264,1600,16
Heat/Poisson stressed,5,243,3;5;6;8;9,0.687730609959,0.81881317616,0.824567194989,0.80375,0.0622083981337,0.950005684663,1286,1600,16
Heat/Poisson stressed,5,244,3;5;7;8;9,0.68665952985,0.8131168336,0.835121203678,0.786875,0.0730738681493,0.950703946725,1259,1600,16
Heat/Poisson stressed,5,245,3;6;7;8;9,0.700086720735,0.830243143769,0.816758680216,0.808125,0.0626450116009,0.952879007311,1293,1600,16
Heat/Poisson stressed,5,246,4;5;6;7;8,0.681176691845,0.833755526898,0.841024932449,0.8075,0.0712074303406,0.948961047642,1292,1600,16
Heat/Poisson stressed,5,247,4;5;6;7;9,0.698565932561,0.803431121487,0.831064314669,0.8,0.06484375,0.948934375696,1280,1600,16
Heat/Poisson stressed,5,248,4;5;6;8;9,0.673767780062,0.814336654751,0.831515500679,0.806875,0.0627420604183,0.950539097474,1291,1600,16
Heat/Poisson stressed,5,249,4;5;7;8;9,0.707816988024,0.833865316087,0.850058895879,0.793125,0.0654058313633,0.951102125055,1269,1600,16
Heat/Poisson stressed,5,250,4;6;7;8;9,0.690194221754,0.835888137781,0.821697296012,0.816875,0.061973986228,0.953150180377,1307,1600,16
Heat/Poisson stressed,5,251,5;6;7;8;9,0.668200345734,0.816595982436,0.830916570109,0.79625,0.0761381475667,0.950374483573,1274,1600,16
Heat/Poisson stressed,7,0,0;1;2;3;4;5;6,0.735542528736,0.785452873563,0.818413793103,0.695625,0.0467205750225,0.946675394306,1113,1600,16
Heat/Poisson stressed,7,1,0;1;2;3;4;5;7,0.757154143258,0.805844611849,0.837900600102,0.6975,0.0483870967742,0.947130169613,1116,1600,16
Heat/Poisson stressed,7,2,0;1;2;3;4;5;8,0.755774469433,0.82488016049,0.850060183719,0.690625,0.0470588235294,0.94868674609,1105,1600,16
Heat/Poisson stressed,7,3,0;1;2;3;4;5;9,0.738839156156,0.79210626186,0.831458868177,0.695,0.0485611510791,0.948249936455,1112,1600,16
Heat/Poisson stressed,7,4,0;1;2;3;4;6;7,0.762903600465,0.796207369866,0.825864217084,0.718125,0.0461270670148,0.947723019267,1149,1600,16
Heat/Poisson stressed,7,5,0;1;2;3;4;6;8,0.740180607111,0.811380038062,0.824513387726,0.71125,0.0456942003515,0.950023823374,1138,1600,16
Heat/Poisson stressed,7,6,0;1;2;3;4;6;9,0.734796008147,0.774872520283,0.810445316184,0.718125,0.0452567449956,0.949318736869,1149,1600,16
Heat/Poisson stressed,7,7,0;1;2;3;4;7;8,0.764359760006,0.826330740699,0.839628843983,0.710625,0.0457343887423,0.950744395334,1137,1600,16
Heat/Poisson stressed,7,8,0;1;2;3;4;7;9,0.752269303649,0.787149461108,0.823246819953,0.716875,0.0470793374019,0.949607880963,1147,1600,16
Heat/Poisson stressed,7,9,0;1;2;3;4;8;9,0.741442372124,0.810578140124,0.831946616038,0.709375,0.0458149779736,0.951802899335,1135,1600,16
Heat/Poisson stressed,7,10,0;1;2;3;5;6;7,0.754773276796,0.802442520179,0.830298049398,0.6975,0.0492831541219,0.947438440028,1116,1600,16
Heat/Poisson stressed,7,11,0;1;2;3;5;6;8,0.745355346074,0.815501639795,0.833895671286,0.69,0.0471014492754,0.948519201468,1104,1600,16
Heat/Poisson stressed,7,12,0;1;2;3;5;6;9,0.741798925543,0.794444249372,0.825980090943,0.69375,0.0477477477477,0.948653663185,1110,1600,16
Heat/Poisson stressed,7,13,0;1;2;3;5;7;8,0.778230839644,0.842690246788,0.861695930765,0.69125,0.0479204339964,0.949239872657,1106,1600,16
Heat/Poisson stressed,7,14,0;1;2;3;5;7;9,0.757362172383,0.805727770114,0.839659635146,0.69625,0.0502692998205,0.948944220495,1114,1600,16
Heat/Poisson stressed,7,15,0;1;2;3;5;8;9,0.748383047353,0.819358539505,0.843862230646,0.68875,0.0480943738657,0.949937823989,1102,1600,16
Heat/Poisson stressed,7,16,0;1;2;3;6;7;8,0.764265547594,0.830020537042,0.834901628786,0.710625,0.0466138962181,0.95050929275,1137,1600,16
Heat/Poisson stressed,7,17,0;1;2;3;6;7;9,0.761462074355,0.798155260708,0.825439777866,0.715625,0.046288209607,0.949937884078,1145,1600,16
Heat/Poisson stressed,7,18,0;1;2;3;6;8;9,0.74166015384,0.81201468014,0.823778902097,0.70875,0.0458553791887,0.951681886089,1134,1600,16
Heat/Poisson stressed,7,19,0;1;2;3;7;8;9,0.758902107355,0.821452999805,0.835328317373,0.70875,0.0467372134039,0.952227925388,1134,1600,16
Heat/Poisson stressed,7,20,0;1;2;4;5;6;7,0.767285228934,0.820987154421,0.844935232212,0.708125,0.0467784642542,0.946440494465,1133,1600,16
Heat/Poisson stressed,7,21,0;1;2;4;5;6;8,0.745928415666,0.822631741616,0.841420697471,0.70125,0.0463458110517,0.948046391021,1122,1600,16
Heat/Poisson stressed,7,22,0;1;2;4;5;6;9,0.737655988392,0.793454626632,0.827011943297,0.701875,0.0471950133571,0.948066010616,1123,1600,16
Heat/Poisson stressed,7,23,0;1;2;4;5;7;8,0.773451521446,0.841757735426,0.86089796707,0.701875,0.0463045414069,0.94868981455,1123,1600,16
Heat/Poisson stressed,7,24,0;1;2;4;5;7;9,0.760135512955,0.812977467211,0.8477465283,0.704375,0.0496894409938,0.948280171391,1127,1600,16
Heat/Poisson stressed,7,25,0;1;2;4;5;8;9,0.748636891564,0.820855242319,0.849071903706,0.69625,0.0466786355476,0.949791550731,1114,1600,16
Heat/Poisson stressed,7,26,0;1;2;4;6;7;8,0.773048471016,0.841631288304,0.846658739785,0.723125,0.0449438202247,0.949894604761,1157,1600,16
Heat/Poisson stressed,7,27,0;1;2;4;6;7;9,0.768101604278,0.807215137803,0.834195804196,0.725,0.0456896551724,0.949211401564,1160,1600,16
Heat/Poisson stressed,7,28,0;1;2;4;6;8;9,0.746778678395,0.82016029369,0.83440407822,0.7175,0.0452961672474,0.951475999806,1148,1600,16
Heat/Poisson stressed,7,29,0;1;2;4;7;8;9,0.766151147765,0.829461540643,0.845271417056,0.7175,0.0452961672474,0.95194976562,1148,1600,16
Heat/Poisson stressed,7,30,0;1;2;5;6;7;8,0.773936443226,0.844235309645,0.856000058659,0.70125,0.0463458110517,0.948368993877,1122,1600,16
Heat/Poisson stressed,7,31,0;1;2;5;6;7;9,0.771074962783,0.822756947491,0.847933283086,0.7025,0.0480427046263,0.948554802321,1124,1600,16
Heat/Poisson stressed,7,32,0;1;2;5;6;8;9,0.751049251775,0.825466529385,0.843689396665,0.695,0.0467625899281,0.949588057533,1112,1600,16
Heat/Poisson stressed,7,33,0;1;2;5;7;8;9,0.769452713701,0.835352172574,0.856714962385,0.69625,0.0475763016158,0.950050859768,1114,1600,16
Heat/Poisson stressed,7,34,0;1;2;6;7;8;9,0.763442875337,0.83023407651,0.836525285744,0.71625,0.0453752181501,0.95167958048,1146,1600,16
Heat/Poisson stressed,7,35,0;1;3;4;5;6;7,0.736844869016,0.806813026163,0.836076523668,0.7375,0.05,0.945095595308,1180,1600,16
Heat/Poisson stressed,7,36,0;1;3;4;5;6;8,0.708649765468,0.804528702256,0.831341672251,0.73875,0.0499153976311,0.946552377085,1182,1600,16
Heat/Poisson stressed,7,37,0;1;3;4;5;6;9,0.701911345087,0.774211424322,0.816288237839,0.74875,0.0492487479132,0.946207711632,1198,1600,16
Heat/Poisson stressed,7,38,0;1;3;4;5;7;8,0.730494729316,0.81795773477,0.846156723863,0.725625,0.0508182601206,0.947618370831,1161,1600,16
Heat/Poisson stressed,7,39,0;1;3;4;5;7;9,0.717367394236,0.784919626919,0.829289583142,0.735,0.0518707482993,0.946836123824,1176,1600,16
Heat/Poisson stressed,7,40,0;1;3;4;5;8;9,0.707116465639,0.797315910952,0.836116074752,0.736875,0.050042408821,0.94820465461,1179,1600,16
Heat/Poisson stressed,7,41,0;1;3;4;6;7;8,0.733147966081,0.825427061571,0.832177531207,0.750625,0.0491257285595,0.94842028342,1201,1600,16
Heat/Poisson stressed,7,42,0;1;3;4;6;7;9,0.724156910994,0.782778828764,0.814027816965,0.766875,0.0480847595762,0.947392430576,1227,1600,16
Heat/Poisson stressed,7,43,0;1;3;4;6;8;9,0.70379083076,0.801632482001,0.817183968548,0.766875,0.0480847595762,0.94947865416,1227,1600,16
Heat/Poisson stressed,7,44,0;1;3;4;7;8;9,0.723808176609,0.809883062995,0.830203337465,0.74875,0.0492487479132,0.950370089326,1198,1600,16
Heat/Poisson stressed,7,45,0;1;3;5;6;7;8,0.719182295823,0.811365223464,0.833507914339,0.72625,0.052495697074,0.9473579506,1162,1600,16
Heat/Poisson stressed,7,46,0;1;3;5;6;7;9,0.713079303692,0.7861049124,0.821049814614,0.735,0.0527210884354,0.947139254617,1176,1600,16
Heat/Poisson stressed,7,47,0;1;3;5;6;8;9,0.699448275862,0.795388505747,0.824496551724,0.73875,0.0516074450085,0.948044715885,1182,1600,16
Heat/Poisson stressed,7,48,0;1;3;5;7;8;9,0.723336427594,0.808750244284,0.841793694222,0.725,0.0534482758621,0.948939386808,1160,1600,16
Heat/Poisson stressed,7,49,0;1;3;6;7;8;9,0.722425900951,0.814838577333,0.825117078898,0.75,0.0508333333333,0.950149203473,1200,1600,16
Heat/Poisson stressed,7,50,0;1;4;5;6;7;8,0.715142743144,0.824282620025,0.846972509934,0.74125,0.0564924114671,0.946568135613,1186,1600,16
Heat/Poisson stressed,7,51,0;1;4;5;6;7;9,0.719586170965,0.806135486832,0.840273901232,0.74625,0.0561139028476,0.946246692391,1194,1600,16
Heat/Poisson stressed,7,52,0;1;4;5;6;8;9,0.687016044971,0.794826334599,0.83121603008,0.748125,0.0543024227235,0.947660684161,1197,1600,16
Heat/Poisson stressed,7,53,0;1;4;5;7;8;9,0.705294055538,0.802973286876,0.839932425298,0.735,0.0552721088435,0.948480388969,1176,1600,16
Heat/Poisson stressed,7,54,0;1;4;6;7;8;9,0.71166757154,0.819175373316,0.830435531072,0.760625,0.0534100246508,0.94962667226,1217,1600,16
Heat/Poisson stressed,7,55,0;1;5;6;7;8;9,0.69635745954,0.801989879278,0.830734901446,0.73625,0.0577249575552,0.948181141207,1178,1600,16
Heat/Poisson stressed,7,56,0;2;3;4;5;6;7,0.770395093846,0.798666528345,0.830846207865,0.69875,0.0474060822898,0.947434719184,1118,1600,16
Heat/Poisson stressed,7,57,0;2;3;4;5;6;8,0.748527449569,0.814458645693,0.829469442933,0.69375,0.0477477477477,0.948999361608,1110,1600,16
Heat/Poisson stressed,7,58,0;2;3;4;5;6;9,0.729023580586,0.764027205433,0.803585737179,0.6975,0.0465949820789,0.948587803091,1116,1600,16
Heat/Poisson stressed,7,59,0;2;3;4;5;7;8,0.775212544296,0.83438274703,0.848295082965,0.693125,0.0477908025248,0.949794247592,1109,1600,16
Heat/Poisson stressed,7,60,0;2;3;4;5;7;9,0.761645386984,0.791181022392,0.829855233673,0.6975,0.0483870967742,0.94894281821,1116,1600,16
Heat/Poisson stressed,7,61,0;2;3;4;5;8;9,0.749724834793,0.816319131212,0.835397252233,0.69125,0.0470162748644,0.950412138361,1106,1600,16
Heat/Poisson stressed,7,62,0;2;3;4;6;7;8,0.770363754399,0.828249372516,0.830515342852,0.715625,0.046288209607,0.950625233455,1145,1600,16
Heat/Poisson stressed,7,63,0;2;3;4;6;7;9,0.763109809028,0.769678819444,0.8141015625,0.72125,0.0450606585789,0.949519418194,1154,1600,16
Heat/Poisson stressed,7,64,0;2;3;4;6;8;9,0.737457463607,0.802170375952,0.811596776593,0.71625,0.0453752181501,0.951731352609,1146,1600,16
Heat/Poisson stressed,7,65,0;2;3;4;7;8;9,0.765098553765,0.821006974188,0.830245997886,0.713125,0.045574057844,0.952342792376,1141,1600,16
Heat/Poisson stressed,7,66,0;2;3;5;6;7;8,0.773357919957,0.834481043939,0.840421764812,0.6925,0.0478339350181,0.949371935972,1108,1600,16
Heat/Poisson stressed,7,67,0;2;3;5;6;7;9,0.766212321954,0.801913830452,0.827869271384,0.69625,0.0475763016158,0.949110667857,1114,1600,16
Heat/Poisson stressed,7,68,0;2;3;5;6;8;9,0.746410594669,0.816437619273,0.824762734224,0.690625,0.0470588235294,0.950100601931,1105,1600,16
Heat/Poisson stressed,7,69,0;2;3;5;7;8;9,0.767351384998,0.831734032301,0.840658619539,0.690625,0.047963800905,0.950712157612,1105,1600,16
Heat/Poisson stressed,7,70,0;2;3;6;7;8;9,0.761762991081,0.822538961871,0.820802269278,0.7125,0.0456140350877,0.951965069319,1140,1600,16
Heat/Poisson stressed,7,71,0;2;4;5;6;7;8,0.776497800012,0.841197787957,0.848777198481,0.704375,0.0470275066548,0.949197892112,1127,1600,16
Heat/Poisson stressed,7,72,0;2;4;5;6;7;9,0.767555613786,0.801505532594,0.831850431372,0.705,0.0469858156028,0.948804293866,1128,1600,16
Heat/Poisson stressed,7,73,0;2;4;5;6;8;9,0.740604357554,0.811021734498,0.824765608353,0.699375,0.0464700625559,0.950325676369,1119,1600,16
Heat/Poisson stressed,7,74,0;2;4;5;7;8;9,0.774354318606,0.835513230064,0.849990205533,0.698125,0.0465532676813,0.950868117951,1117,1600,16
Heat/Poisson stressed,7,75,0;2;4;6;7;8;9,0.761596452328,0.821087530356,0.824098828001,0.721875,0.0450216450216,0.952055452281,1155,1600,16
Heat/Poisson stressed,7,76,0;2;5;6;7;8;9,0.772439343038,0.838477043673,0.842060470325,0.6975,0.0465949820789,0.950407935547,1116,1600,16
Heat/Poisson stressed,7,77,0;3;4;5;6;7;8,0.728932417284,0.815323731232,0.829395679054,0.728125,0.0515021459227,0.948007472874,1165,1600,16
Heat/Poisson stressed,7,78,0;3;4;5;6;7;9,0.72603961139,0.779237346116,0.816871256362,0.73625,0.0500848896435,0.947238539525,1178,1600,16
Heat/Poisson stressed,7,79,0;3;4;5;6;8;9,0.70546207265,0.795787545788,0.815957913614,0.74375,0.0495798319328,0.948611728284,1190,1600,16
Heat/Poisson stressed,7,80,0;3;4;5;7;8;9,0.728700998709,0.810160336979,0.831968883756,0.725625,0.0508182601206,0.949578125945,1161,1600,16
Heat/Poisson stressed,7,81,0;3;4;6;7;8;9,0.720091212263,0.805609646668,0.810290519383,0.75375,0.0489220563847,0.950365212937,1206,1600,16
Heat/Poisson stressed,7,82,0;3;5;6;7;8;9,0.72233514565,0.81311519021,0.824363194999,0.726875,0.0533104041273,0.949183653718,1163,1600,16
Heat/Poisson stressed,7,83,0;4;5;6;7;8;9,0.710130170644,0.811656014789,0.826769300391,0.736875,0.0551314673452,0.94908753862,1179,1600,16
Heat/Poisson stressed,7,84,1;2;3;4;5;6;7,0.796347906556,0.846982951876,0.860487304474,0.743125,0.0462573591253,0.949086745144,1189,1600,16
Heat/Poisson stressed,7,85,1;2;3;4;5;6;8,0.767821734294,0.842679466718,0.850909222808,0.736875,0.0466497031383,0.95065897238,1179,1600,16
Heat/Poisson stressed,7,86,1;2;3;4;5;6;9,0.76242212017,0.81696202849,0.840329111491,0.73375,0.0468483816014,0.95060453434,1174,1600,16
Heat/Poisson stressed,7,87,1;2;3;4;5;7;8,0.791208113092,0.860249443741,0.867488742591,0.738125,0.0465707027942,0.950961587942,1181,1600,16
Heat/Poisson stressed,7,88,1;2;3;4;5;7;9,0.776334453154,0.825815602837,0.84969391564,0.736875,0.0483460559796,0.950505131345,1179,1600,16
Heat/Poisson stressed,7,89,1;2;3;4;5;8;9,0.757346772576,0.832070846582,0.847093825069,0.729375,0.0471293916024,0.951980226573,1167,1600,16
Heat/Poisson stressed,7,90,1;2;3;4;6;7;8,0.791920318245,0.861570279067,0.856597703574,0.7575,0.0453795379538,0.952375677789,1212,1600,16
Heat/Poisson stressed,7,91,1;2;3;4;6;7;9,0.783759225019,0.823657927591,0.840859526857,0.75875,0.0453047775947,0.951646454848,1214,1600,16
Heat/Poisson stressed,7,92,1;2;3;4;6;8;9,0.752872185525,0.83016815825,0.833231230911,0.749375,0.045871559633,0.953852390419,1199,1600,16
Heat/Poisson stressed,7,93,1;2;3;4;7;8;9,0.771033584652,0.838468898762,0.84214141366,0.749375,0.045871559633,0.953994385271,1199,1600,16
Heat/Poisson stressed,7,94,1;2;3;5;6;7;8,0.782250292497,0.852620386274,0.856489532324,0.73625,0.0475382003396,0.950938548983,1178,1600,16
Heat/Poisson stressed,7,95,1;2;3;5;6;7;9,0.778467832998,0.829753926471,0.847633851975,0.73375,0.0485519591141,0.951047646025,1174,1600,16
Heat/Poisson stressed,7,96,1;2;3;5;6;8;9,0.751744593186,0.827454237509,0.83816200899,0.7275,0.0481099656357,0.952062997203,1164,1600,16
Heat/Poisson stressed,7,97,1;2;3;5;7;8;9,0.782502333162,0.849587692051,0.861741026034,0.729375,0.0488431876607,0.952189786564,1167,1600,16
Heat/Poisson stressed,7,98,1;2;3;6;7;8;9,0.770153676038,0.840522662057,0.838139846363,0.7475,0.0468227424749,0.954016052599,1196,1600,16
Heat/Poisson stressed,7,99,1;2;4;5;6;7;8,0.794599290448,0.87039406834,0.872304933917,0.746875,0.0460251046025,0.950404467342,1195,1600,16
Heat/Poisson stressed,7,100,1;2;4;5;6;7;9,0.788494790991,0.844068358334,0.860113258116,0.74125,0.0472175379427,0.950399126503,1186,1600,16
Heat/Poisson stressed,7,101,1;2;4;5;6;8;9,0.762823057644,0.842109273183,0.852771929825,0.734375,0.0468085106383,0.951930738192,1175,1600,16
Heat/Poisson stressed,7,102,1;2;4;5;7;8;9,0.78052467907,0.85084594995,0.862377555156,0.73875,0.0465313028765,0.95198316511,1182,1600,16
Heat/Poisson stressed,7,103,1;2;4;6;7;8;9,0.780009332423,0.85313388171,0.850133623333,0.755625,0.0454921422663,0.953747824268,1209,1600,16
Heat/Poisson stressed,7,104,1;2;5;6;7;8;9,0.772855156414,0.846085678468,0.852742834911,0.73375,0.0477001703578,0.951925586891,1174,1600,16
Heat/Poisson stressed,7,105,1;3;4;5;6;7;8,0.723689745596,0.839581064558,0.852389732622,0.78,0.0584935897436,0.949552583707,1248,1600,16
Heat/Poisson stressed,7,106,1;3;4;5;6;7;9,0.726529239967,0.81723653244,0.842358964803,0.780625,0.0568454763811,0.949156049451,1249,1600,16
Heat/Poisson stressed,7,107,1;3;4;5;6;8;9,0.702397777349,0.818176232027,0.841464913359,0.78375,0.0566188197767,0.950540696407,1254,1600,16
Heat/Poisson stressed,7,108,1;3;4;5;7;8;9,0.719939032176,0.826624744637,0.84928418667,0.77125,0.0575364667747,0.951031799047,1234,1600,16
Heat/Poisson stressed,7,109,1;3;4;6;7;8;9,0.716698472875,0.834133825156,0.835636615136,0.795625,0.0557737627651,0.952385933686,1273,1600,16
Heat/Poisson stressed,7,110,1;3;5;6;7;8;9,0.709951719648,0.821835428323,0.846812566841,0.773125,0.0630557801132,0.951028764944,1237,1600,16
Heat/Poisson stressed,7,111,1;4;5;6;7;8;9,0.698355694622,0.828465999779,0.850353197743,0.7825,0.064696485623,0.950584264657,1252,1600,16
Heat/Poisson stressed,7,112,2;3;4;5;6;7;8,0.787498546427,0.853080120937,0.85023475202,0.739375,0.0473372781065,0.951436705111,1183,1600,16
Heat/Poisson stressed,7,113,2;3;4;5;6;7;9,0.785527545055,0.8166287445,0.840531010789,0.735,0.046768707483,0.950998232975,1176,1600,16
Heat/Poisson stressed,7,114,2;3;4;5;6;8;9,0.764428566167,0.836625620501,0.83818070953,0.73,0.0470890410959,0.952481201763,1168,1600,16
Heat/Poisson stressed,7,115,2;3;4;5;7;8;9,0.783077867899,0.847174981104,0.849333536834,0.73,0.0470890410959,0.952682589707,1168,1600,16
Heat/Poisson stressed,7,116,2;3;4;6;7;8;9,0.783926895837,0.847838529195,0.839397443535,0.751875,0.045719035744,0.954081763198,1203,1600,16
Heat/Poisson stressed,7,117,2;3;5;6;7;8;9,0.785525169953,0.853829569077,0.850377830215,0.72875,0.048885077187,0.952519193277,1166,1600,16
Heat/Poisson stressed,7,118,2;4;5;6;7;8;9,0.779660174332,0.849803535984,0.846242510615,0.735625,0.0467289719626,0.9526816072,1177,1600,16
Heat/Poisson stressed,7,119,3;4;5;6;7;8;9,0.725573934837,0.83455037594,0.838604511278,0.77125,0.0575364667747,0.951613392347,1234,1600,16
Heat/Poisson stressed,9,0,0;1;2;3;4;5;6;7;8,0.773353803089,0.835637818988,0.851021587599,0.69,0.0471014492754,0.949672428473,1104,1600,16
Heat/Poisson stressed,9,1,0;1;2;3;4;5;6;7;9,0.762190961756,0.805535914389,0.834666865146,0.693125,0.0468890892696,0.949197662417,1109,1600,16
Heat/Poisson stressed,9,2,0;1;2;3;4;5;6;8;9,0.748843466353,0.816644428449,0.838511034253,0.6875,0.0472727272727,0.950460531292,1100,1600,16
Heat/Poisson stressed,9,3,0;1;2;3;4;5;7;8;9,0.768941908058,0.830073958185,0.85138039476,0.688125,0.047229791099,0.950910732355,1101,1600,16
Heat/Poisson stressed,9,4,0;1;2;3;4;6;7;8;9,0.757375506628,0.81803270905,0.830472334566,0.7075,0.0459363957597,0.951821046879,1132,1600,16
Heat/Poisson stressed,9,5,0;1;2;3;5;6;7;8;9,0.76307514561,0.825883090947,0.841990542778,0.6875,0.0472727272727,0.950865484571,1100,1600,16
Heat/Poisson stressed,9,6,0;1;2;4;5;6;7;8;9,0.768636061629,0.835016649696,0.851143462586,0.695,0.0467625899281,0.950555969795,1112,1600,16
Heat/Poisson stressed,9,7,0;1;3;4;5;6;7;8;9,0.724188368056,0.811341145833,0.832712673611,0.7225,0.0510380622837,0.949423586447,1156,1600,16
Heat/Poisson stressed,9,8,0;2;3;4;5;6;7;8;9,0.767050402842,0.824390066067,0.83775332056,0.689375,0.0471441523119,0.951124739561,1103,1600,16
Heat/Poisson stressed,9,9,1;2;3;4;5;6;7;8;9,0.772047768874,0.840868581348,0.848501991661,0.725625,0.0473729543497,0.952378893503,1161,1600,16
Heat/Poisson stressed,10,0,0;1;2;3;4;5;6;7;8;9,0.762243256848,0.824590049886,0.842223941005,0.79875,0.0485133020344,0.950911527582,1278,1600,16
